"id","wilayah","pendidikan","umur","pendapatan","pengeluaran","lama_sekolah","skor_literasi","target"
773,"Perkotaan","SD",68,NA,421.75,1.2,19.5,"tidak"
544,"Perkotaan","SMP",33,14815.48,970.87,7.2,37.1,"tidak"
844,"Perdesaan","SMP",61,16720.75,1258.51,6.4,40.1,"tidak"
29,"Perdesaan","SMP",47,NA,1216,8.1,46.8,"ya"
564,"Perkotaan","SMA",65,11880.95,476.84,11.6,54.2,"ya"
53,"Perdesaan","SD",20,7009.61,532.32,4.2,48.5,"ya"
824,"Perdesaan","SD",38,NA,525.95,4,38.6,"tidak"
142,"Perkotaan","SMP",36,15932.13,883.99,9.1,60.6,"ya"
714,"Perdesaan","SMP",63,14002.78,960.22,7.2,48,"tidak"
397,"Perkotaan","SMA",51,10993.87,462.6,6.7,42.6,"ya"
380,"Perdesaan","smp",33,8106.77,454.96,9.8,53.6,"ya"
859,"Perkotaan","PT",63,9814.97,617.62,14.8,50,"tidak"
855,"Perdesaan","SMP",57,23355.3,1498.94,9.2,59.7,"ya"
616,"Perkotaan","SMP",39,13418.58,887.98,8.9,49.2,"ya"
174,"Perdesaan","SMA",47,16105.77,1109.99,10.8,61.6,"tidak"
374,"Perdesaan","PT",67,NA,1865.01,16.1,70.2,"ya"
192,"Perkotaan","SMP",35,14087.61,723.09,5.9,NA,"tidak"
391,"Perdesaan","PT",25,NA,931.87,15.8,NA,"tidak"
943,"Perdesaan","PT",53,13016.8,802.19,17,76.5,"tidak"
213,"Perdesaan","SMA",61,NA,434.42,13.4,60.1,"ya"
690,"Perdesaan","SMP",60,7672.88,603.59,7.2,42.5,"tidak"
60,"Perdesaan","SMA",26,15861.48,957.58,10.5,NA,"ya"
695,"Perdesaan","SD",57,12988.37,874.55,5.7,41.5,"tidak"
62,"Perdesaan","PT",41,NA,704.39,14.1,61.7,"ya"
565,"Perdesaan","SMA",27,778956.43,2089.52,11.9,61.7,"ya"
731,"Perdesaan","PT",49,22829.56,1546.38,14.6,68.7,"ya"
550,"Perdesaan","SMA",23,1115509.15,2492.03,9.9,53.6,"ya"
647,"Perdesaan","PT",33,28155.02,1735.05,15.1,66.9,"ya"
583,"Perdesaan","SD",41,9576.27,696.25,3.8,42,"tidak"
169,"Perkotaan","SMP",59,19194.17,1274.26,7.3,49.9,"tidak"
920,"Perkotaan","SMA",26,17295.65,1090.2,10.1,41.6,"tidak"
421,"Perdesaan","SMP",44,17257.65,1034.37,9.1,54.5,"tidak"
276,"Perkotaan","SMA",45,33050.57,2140.58,13.8,NA,"tidak"
36,"Perdesaan","SMA",47,29997.08,1732.47,10.4,NA,"ya"
794,"Perkotaan","PT",45,18105.76,985.86,13.1,48.8,"ya"
542,"Perdesaan","PT",28,18710.97,977.23,13.6,53.2,"tidak"
944,"Perdesaan","SMA",35,NA,1305.92,11.3,66,"tidak"
240,"Perdesaan","SMP",35,NA,835.81,8,NA,"tidak"
900,"Perkotaan","SMA",22,27671.16,1765.25,9.3,48.9,"ya"
209,"Perdesaan","SMP",36,NA,1384.5,8.4,53.6,"tidak"
746,"Perdesaan","SMA",36,9615.28,711.68,10.8,53.5,"tidak"
995,"Perkotaan","SMA",64,14171.18,784.74,11.5,39.5,"tidak"
574,"Perdesaan","PT",37,NA,1288.99,14.8,NA,"ya"
820,"Perdesaan","SMA",49,22469,1249.98,8.7,50.4,"ya"
132,"Perdesaan","SMA",22,27512.04,1820.69,13.2,64,"ya"
329,"Perdesaan","SMP",39,26946.22,1773.7,10.2,47.7,"ya"
453,"Perkotaan","SMP",56,26076.76,1657.93,8.1,53.2,"ya"
798,"Perdesaan","SMA",58,20845.08,1276.54,13.5,58.4,"ya"
739,"Perkotaan","SMA",42,17143.39,1114.88,12.5,53.6,"tidak"
432,"Perdesaan","PT",41,NA,866.6,13.4,NA,"ya"
145,"Perkotaan","PT",46,NA,1242.89,16.3,70.2,"ya"
290,"Perkotaan","PT",40,34842.21,2423.53,13.2,51.3,"ya"
457,"Perkotaan","SMA",56,40383.03,2410.56,10.5,49.3,"ya"
256,"Perkotaan","SMA",52,28859.22,1596.6,11.8,70,"ya"
913,"Perkotaan","PT",64,31335.86,1855.93,17.1,59.7,"ya"
450,"Perkotaan","SMA",35,37923.29,2478.65,9.8,51.7,"ya"
978,"Perkotaan","SMA",25,14929.9,945.66,11.4,60.7,"ya"
260,"Perdesaan","SMA",69,250598.49,451.37,12.9,62.8,"ya"
623,"Perkotaan","SD",70,3859.11,108.09,4.1,NA,"tidak"
229,"Perdesaan","SD",65,NA,372.65,1.1,32.3,"tidak"
949,"Perdesaan","PT",33,17567.05,1246.4,16.5,67.5,"ya"
643,"PERKOTAAN","SMP",54,11753.22,797.97,9,48.5,"ya"
181,"Perkotaan","SMA",47,14443.88,797.54,12.5,59,"ya"
531,"Perdesaan","SMP",26,10965.9,792.95,7.9,35.8,"tidak"
340,"Perdesaan","SD",55,6709.81,324.04,6,55.9,"ya"
377,"Perdesaan","SMA",54,26744.88,1620.35,11.3,60.9,"tidak"
606,"Perkotaan","SMP",36,10058.18,719.88,8.1,54.4,"tidak"
50,"Perdesaan","SMA",41,13680.79,957.07,10.9,58.5,"ya"
59,"Perkotaan","SMP",63,10764.03,400.72,11.7,66.5,"ya"
224,"Perkotaan","SMA",50,6118.66,560.12,12.3,55,"ya"
709,"Perkotaan","SD",39,8959.76,628.11,0.1,26,"tidak"
922,"Perdesaan","PT",47,26079.61,1596.17,14.3,NA,"ya"
66,"Perkotaan","PT",41,15690.14,843.34,16.2,74.4,"ya"
830,"Perkotaan","SD",34,18864.76,1128.16,3,39.2,"ya"
906,"Perdesaan","SD",70,NA,707.53,2.7,34.5,"tidak"
959,"Perkotaan","SMP",58,NA,212.43,6.8,46.7,"ya"
829,"Perkotaan","SMA",46,27359.04,1720.08,11.6,62.5,"ya"
961,"Perkotaan","SMP",38,31677.83,2086.29,7.2,36.1,"tidak"
226,"Perdesaan","SMP",54,8892.97,669.56,8,38.7,"tidak"
569,"Perkotaan","PT",48,12459.57,617.77,14.8,54.9,"ya"
966,"Perdesaan","PT",21,19850.32,1189.93,14.8,NA,"ya"
605,"Perkotaan","SD",25,10824.21,520.86,3.2,51.5,"tidak"
190,"Perkotaan","PT",48,449413.7,1036.82,13.7,59.3,"ya"
621,"Perkotaan","SMA",39,16428.5,1028.68,13.4,54.6,"ya"
114,"Perdesaan","PT",45,19104.6,1346.67,16.4,73.3,"ya"
503,"Perkotaan","PT",34,25786.41,1485.01,15.2,54,"ya"
14,"Perkotaan","PT",23,25337.06,1388.23,15.2,60.2,"ya"
607,"Perkotaan","PT",68,23170.06,1347.99,15.4,77,"ya"
350,"Perdesaan","SMA",40,20877.8,1394.74,14,55.1,"tidak"
322,"Perdesaan","SD",34,9491.72,638.13,3.4,32.4,"tidak"
622,"Perkotaan","SMA",29,15333.81,1094.67,9.2,39.9,"ya"
653,"Perkotaan","PT",68,36750.22,2231.05,15.1,67.2,"ya"
586,"Perkotaan","SMP",29,22348.97,1280.94,8.9,43.7,"tidak"
6,"Perdesaan","SMP",64,7915.89,812.26,8.2,NA,"tidak"
756,"Perdesaan","SMA",44,21340.94,1259.44,10.3,61.4,"ya"
689,"Perdesaan","SMA",61,10309.97,589.81,12.4,70.3,"ya"
214,"Perkotaan","SMP",47,12209.89,953.93,10.4,59.1,"ya"
440,"Perdesaan","SMA",61,NA,1307.09,11.1,56,"ya"
384,"Perkotaan","SMA",50,20391.15,1232.64,14,64.4,"ya"
666,"Perdesaan","SD",29,NA,936.07,1.7,27.5,"tidak"
494,"Perdesaan","PT",66,15913.64,1176.07,13.7,NA,"ya"
352,"Perkotaan","SMA",52,17335.24,1091.23,12.8,48.3,"ya"
201,"Perdesaan","SMP",35,3696.31,255.45,7.1,43.2,"tidak"
648,"Perdesaan","SMP",33,NA,778.08,9.8,53.2,"tidak"
298,"Perdesaan","PT",45,21691.84,1493.66,13.9,56.5,"ya"
851,"Perdesaan","SMA",33,33475.74,2002.17,13,64.8,"ya"
918,"Perkotaan","SMP",49,38408.88,2339.23,7.4,51.4,"ya"
127,"Perkotaan","PT",39,20213.25,1273.79,14.9,63.7,"ya"
793,"Perdesaan","SMA",59,11434.69,678.66,11.6,62.8,"ya"
197,"Perkotaan","SMP",44,12320.1,880.69,6,NA,"tidak"
378,"Perdesaan","SD",26,NA,259.52,3.9,46.7,"tidak"
178,"Perkotaan","SMP",31,13897.66,818.66,8,61.3,"ya"
308,"Perdesaan","SMA",46,16671.82,1267.37,13,51.2,"ya"
161,"PERDESAAN","SD",64,12457.22,871.95,2.3,NA,"tidak"
825,"Perdesaan","SMA",48,16055.62,968.48,13,56.1,"ya"
76,"Perdesaan","SMP",64,NA,948.5,7.9,50.6,"ya"
79,"Perkotaan","SMA",25,29521.02,1743.08,10.4,52,"tidak"
591,"Perdesaan","SMP",63,NA,997.63,9.5,39.5,"tidak"
205,"Perdesaan","SD",25,NA,511.66,4.5,33.9,"tidak"
3,"Perkotaan","SMA",57,NA,1394.09,12.4,48.1,"tidak"
168,"Perdesaan","SMP",65,NA,373.58,10.6,NA,"tidak"
364,"Perdesaan","SMA",63,14845.47,820.77,10.9,38.7,"tidak"
727,"Perkotaan","SD",59,NA,227.05,1.2,29.9,"tidak"
458,"Perkotaan","SMP",41,NA,510.19,7.2,35.4,"ya"
990,"Perdesaan","SMA",33,NA,2544.13,10.7,51.6,"ya"
182,"Perdesaan","PT",68,NA,2425.38,15.1,64,"ya"
287,"Perdesaan","SMA",50,25149.07,1416.03,8.5,47.1,"ya"
193,"Perdesaan","SMP",48,21437.34,1505.85,6.9,NA,"ya"
738,"Perdesaan","SMP",42,18189.81,1240.71,7.3,43.2,"ya"
567,"Perdesaan","SMP",56,6565.11,435.97,7.6,NA,"tidak"
297,"Perdesaan","PT",31,31099.17,1988.3,14,63.5,"ya"
789,"Perkotaan","PT",64,20498.92,1405.78,14.2,51.2,"ya"
216,"Perdesaan","SMA",60,11292.41,750.39,13.8,NA,"ya"
716,"Perdesaan","SMA",54,25569.67,1722.81,10.7,44.8,"ya"
90,"Perkotaan","PT",33,19638.59,1307.44,12.9,54.8,"ya"
726,"Perdesaan","SMA",44,14207.42,866.69,9.3,50.3,"tidak"
465,"Perdesaan","SMP",48,20941.47,1441.98,8,38.9,"tidak"
99,"Perkotaan","SMA",20,22594.81,1187.67,14,59.3,"ya"
530,"Perkotaan","SMP",56,6495.55,411.58,9,59.9,"ya"
501,"Perdesaan","SMP",49,11006.56,630.16,5.9,NA,"ya"
365,"Perkotaan","SD",64,6297.06,479.58,3.9,39.8,"ya"
560,"Perdesaan","SMP",25,NA,1447.62,6.8,NA,"tidak"
956,"Perkotaan","SMA",33,31176.29,2082.53,9.2,53.5,"ya"
686,"Perkotaan","PT",46,11526.34,728.42,15.1,64.8,"ya"
882,"Perkotaan","PT",65,23002.29,1465.46,18,74.5,"ya"
366,"Perdesaan","PT",22,NA,1329.16,17.3,69.1,"ya"
81,"Perdesaan","sd",69,13715.61,1027.19,1.8,37.3,"tidak"
58,"Perkotaan","PT",65,18711.82,1093.09,15.6,61.5,"ya"
907,"Perkotaan","SD",47,11913.99,954.4,5,NA,"tidak"
872,"Perdesaan","SMA",24,17533.17,1006.78,12.4,NA,"tidak"
585,"Perdesaan","SMP",30,6298.13,259.35,8.7,68.2,"ya"
499,"Perdesaan","SMA",55,13249.87,964.74,13.4,61.4,"ya"
823,"Perkotaan","SMP",31,7908.33,546.87,6,NA,"ya"
375,"Perkotaan","SMA",67,9150.73,510.4,12.3,57.1,"ya"
156,"Perkotaan","SMP",35,10663.86,820.41,7.4,NA,"ya"
778,"Perkotaan","PT",37,10742.96,735.17,14.2,54.4,"ya"
144,"Perdesaan","PT",55,35904.17,2129.22,16.7,NA,"ya"
532,"Perkotaan","SMA",33,NA,1177.78,14.4,59.9,"ya"
845,"Perkotaan","PT",66,20123.89,1242.44,15.6,69.7,"ya"
353,"Perdesaan","SMA",25,20538.95,1145.25,12.2,52,"ya"
45,"Perdesaan","SMA",45,12503.57,850,10.3,NA,"ya"
524,"Perkotaan","SD",43,13907.21,894.35,4.4,45,"tidak"
526,"Perkotaan","PT",30,30756.43,1935.03,12.8,60.3,"ya"
620,"Perdesaan","SD",50,NA,421.92,4.3,26.8,"tidak"
318,"PERDESAAN","PT",35,15350.55,945.71,17.4,61.4,"tidak"
857,"Perdesaan","PT",42,NA,3464.89,17.3,77.5,"ya"
596,"Perdesaan","PT",64,18251.24,1019.39,14.8,64,"ya"
589,"Perdesaan","SMA",48,19051.2,1164.93,11.2,53,"ya"
17,"Perdesaan","SD",24,NA,769.6,1.8,28.6,"tidak"
611,"Perdesaan","PT",26,17862.15,1116.81,11.7,52.5,"tidak"
577,"Perkotaan","SMP",44,7410.05,258.32,9,39.9,"ya"
670,"Perkotaan","SMP",66,7955.81,487.04,6.7,44.7,"tidak"
101,"Perdesaan","sma",34,NA,587.81,11.1,44.8,"ya"
579,"Perkotaan","PT",53,13550.32,527.04,16,68.5,"tidak"
382,"Perdesaan","PT",60,51625.25,3439.51,17.3,69.5,"ya"
69,"Perkotaan","SMA",65,14757.54,971.12,13.1,66.7,"ya"
248,"Perkotaan","SMA",52,14551.13,809.27,12.5,60.7,"ya"
392,"Perkotaan","SMP",28,14208.92,1099.62,7.5,37,"ya"
61,"Perkotaan","SMA",39,9876.93,796.9,12.8,63.7,"tidak"
965,"Perkotaan","SMP",59,8872.5,346.86,6.6,36.3,"tidak"
638,"Perdesaan","SMA",22,13742.94,847.35,9.6,49.1,"tidak"
481,"Perdesaan","SMP",37,NA,352.24,6,35.9,"ya"
19,"Perkotaan","SMP",50,8586.83,601.24,8.1,48,"ya"
749,"Perkotaan","SMA",68,6389.45,160.43,12,58.4,"tidak"
975,"Perdesaan","PT",26,NA,814.45,16.8,69.4,"ya"
506,"Perdesaan","SMA",43,NA,1262.41,12.7,53.8,"ya"
106,"Perkotaan","SMP",35,11221.44,643.59,8.3,48.4,"ya"
311,"Perdesaan","SMP",22,14799.45,967.52,7.5,52.7,"ya"
368,"Perdesaan","SMA",67,NA,402.46,11,57.5,"tidak"
456,"Perdesaan","SMP",67,10602.5,611.85,8.9,50.2,"tidak"
416,"Perdesaan","SMP",68,NA,1361.72,9.8,64.3,"tidak"
641,"Perdesaan","SMP",60,NA,660.89,6.9,NA,"tidak"
235,"Perdesaan","SMA",63,25776.19,1815.31,9.2,53.8,"tidak"
901,"Perkotaan","SMA",70,12021.63,849.49,7.9,40.3,"ya"
878,"Perdesaan","SMP",48,NA,753.86,5.9,NA,"tidak"
411,"Perdesaan","SMP",64,NA,747.21,6.8,57.8,"ya"
407,"Perdesaan","SMA",34,NA,911.12,10.1,42.3,"tidak"
271,"Perkotaan","PT",37,NA,1279.57,15.4,69.5,"ya"
989,"PERKOTAAN","SMA",54,9817.06,779.96,9.7,69.4,"tidak"
698,"Perdesaan","SMP",67,NA,920.18,7.5,39.7,"ya"
284,"Perkotaan","PT",60,10331.75,787.44,13.4,69,"tidak"
548,"Perkotaan","SMA",41,NA,1594.23,9.2,44.9,"ya"
963,"Perdesaan","SMP",60,22914.61,1423.46,7.5,41.1,"tidak"
254,"Perkotaan","SMA",53,17012.08,1116.19,8.8,46.7,"ya"
930,"Perdesaan","SMP",25,7228.93,329.82,6.8,NA,"ya"
672,"Perkotaan","PT",63,17800.99,1158.07,18,67.5,"ya"
492,"Perdesaan","PT",26,NA,500.5,15.3,58.1,"ya"
505,"Perkotaan","PT",49,30736.89,1792.1,14,65.2,"ya"
321,"Perkotaan","SMA",30,12929.66,791.81,10.9,NA,"ya"
414,"Perkotaan","SMA",22,19888.92,1101.11,12.1,NA,"ya"
316,"Perkotaan","SMP",53,11537.57,749.96,8.5,55.2,"tidak"
813,"Perdesaan","SMP",50,8602.03,551.06,7.7,40.8,"tidak"
150,"Perdesaan","SMA",24,9830.07,697.59,8.7,NA,"tidak"
200,"Perdesaan","SMA",39,16105.7,1045.7,10.5,71.8,"ya"
475,"Perkotaan","SMA",60,14099.39,720.23,12.8,41.3,"tidak"
137,"Perkotaan","SMA",59,15744.4,701.25,11.2,49.3,"ya"
131,"Perdesaan","SMA",23,12384.62,897.64,11.6,NA,"tidak"
948,"Perdesaan","SD",52,9055.26,661.26,4.1,NA,"tidak"
498,"Perdesaan","PT",53,44463.54,2814.11,16,66.4,"ya"
418,"Perdesaan","SMA",43,19320.69,1063.57,14,50.3,"ya"
683,"Perdesaan","PT",43,23509.63,1350.79,15.9,64.7,"ya"
444,"Perkotaan","SMA",46,14578.12,816.69,8.6,49.4,"ya"
694,"Perdesaan","SMA",47,NA,1126.8,11.5,57.5,"tidak"
439,"Perkotaan","SMA",65,NA,1618.95,10.3,49.7,"ya"
568,"Perdesaan","SD",69,13096.81,995.92,4.2,40.8,"tidak"
434,"Perkotaan","SMA",67,6983.6,474.19,10,51.7,"ya"
225,"Perkotaan","SMP",43,21411.41,1204.91,10,61.7,"ya"
28,"Perdesaan","SD",53,8324.18,627.58,4,52.3,"tidak"
982,"Perdesaan","SMA",45,20208.45,1221.13,11.8,54,"ya"
89,"Perdesaan","SMP",52,10426.21,483.75,7.3,NA,"tidak"
285,"Perdesaan","SMA",38,NA,676.71,14.9,NA,"ya"
206,"Perdesaan","SD",28,7994,419.96,3.8,34.4,"tidak"
51,"PERDESAAN","SMP",59,NA,561.95,8.7,45.5,"ya"
1,"Perdesaan","SMP",57,11836.38,895.72,7.5,38.2,"ya"
395,"Perkotaan","SMA",66,13308.92,922.23,10.2,51.4,"ya"
247,"Perkotaan","SMA",46,9416.79,559.52,11.1,53,"ya"
870,"Perkotaan","SMP",28,20211.51,1463.91,10,42.5,"tidak"
687,"Perdesaan","PT",51,NA,2123.96,17.5,NA,"ya"
211,"Perdesaan","SMP",50,11284.43,699.37,7.7,38.3,"tidak"
413,"Perkotaan","SMA",21,7394.34,426.51,11,57.5,"ya"
573,"Perkotaan","PT",23,14646.19,1040.47,16.9,66,"ya"
594,"Perkotaan","SD",35,15566.63,1335.81,6.5,41.8,"tidak"
763,"Perkotaan","SMA",67,13811.38,560.52,10.4,49,"tidak"
674,"Perkotaan","SMA",21,22959.09,1356.38,10.7,41.8,"ya"
770,"Perkotaan","SMA",54,13721.85,795.1,12.9,68.7,"ya"
307,"Perkotaan","SMA",21,14766.65,1105.19,11.6,60.6,"ya"
858,"Perkotaan","PT",67,9420.03,763.16,13.6,69,"ya"
461,"Perdesaan","SMP",48,23423.18,1455.89,9.3,51.7,"ya"
884,"Perdesaan","PT",36,15029.84,853.89,10.6,42.9,"ya"
253,"Perdesaan","SMA",24,16961.08,998.32,12.5,54.7,"tidak"
189,"Perkotaan","SD",51,5086.46,372.77,4.8,41.8,"tidak"
992,"Perdesaan","SMP",21,NA,1152.11,8.8,30.9,"tidak"
520,"Perdesaan","SMP",64,NA,244.53,9,41.7,"tidak"
957,"Perkotaan","SD",54,35684.14,2227.33,3.4,35.7,"ya"
24,"Perdesaan","PT",56,24609.58,1576.33,14.9,57,"ya"
790,"Perdesaan","SMA",24,8155.6,488.42,9.6,45.9,"tidak"
78,"Perkotaan","PT",61,14103.73,933.24,12.8,NA,"ya"
941,"Perkotaan","SMA",69,15895.37,867.93,12,48.8,"ya"
762,"Perkotaan","SMA",65,14356.25,840.55,9.3,44.2,"ya"
30,"Perkotaan","PT",28,24466.99,1812.85,17.2,79,"ya"
154,"Perdesaan","sma",39,16940.1,1143.3,12.9,56,"ya"
521,"Perkotaan","SD",27,8056.94,496.23,3.6,49.6,"tidak"
693,"Perkotaan","SMA",48,17997.69,1258.05,11.3,55,"ya"
269,"Perdesaan","SMA",39,18442.63,1186.19,13.4,75.9,"ya"
954,"Perkotaan","SMP",47,9529.09,646.91,8.2,45.2,"tidak"
118,"Perdesaan","SMP",21,12277.18,1000.31,9,40,"tidak"
305,"Perdesaan","SMP",37,14436.36,700.39,9.1,51,"tidak"
279,"Perkotaan","SD",53,9962.03,715.04,6.2,43.5,"ya"
750,"Perkotaan","SMA",21,10888.56,520.89,10.5,55.9,"ya"
139,"Perkotaan","SMA",33,23884.88,1299.43,11.2,55.5,"ya"
306,"Perdesaan","SMP",34,13505.54,626.47,7.2,39,"tidak"
140,"Perdesaan","PT",24,22102.22,1334.39,12.8,59.3,"tidak"
545,"Perdesaan","SMA",67,16450.04,948.42,7.5,NA,"ya"
406,"Perdesaan","SMP",26,NA,1384.94,6.8,39.2,"tidak"
113,"Perkotaan","PT",69,27890.01,1878.9,15.1,76.6,"ya"
429,"Perkotaan","PT",25,10090.36,515.59,13.9,NA,"ya"
270,"Perkotaan","SMP",28,6684.88,403.09,7.9,45.5,"tidak"
88,"PERKOTAAN","SMA",40,14100.42,530.15,11.3,61.3,"ya"
188,"Perkotaan","SMA",33,24358.93,1381.37,12.7,NA,"ya"
362,"Perdesaan","SMA",33,NA,1228.19,8.1,51.4,"tidak"
443,"Perkotaan","PT",21,40634.88,2565.48,18,68.5,"ya"
832,"Perkotaan","SMP",45,11106.05,669.98,8.2,NA,"ya"
724,"Perkotaan","SMA",50,10810.49,602.78,12.6,55.1,"ya"
160,"Perkotaan","SMA",52,7257.1,331.46,8.1,47.3,"tidak"
115,"Perkotaan","SD",35,22125.44,1287.12,6.5,24.5,"tidak"
874,"Perkotaan","PT",66,42432.3,2708.4,15.2,57.7,"ya"
572,"Perdesaan","SMA",26,10008.99,658.79,10.2,54.6,"ya"
774,"Perdesaan","SMP",52,8902.76,813.61,7,NA,"tidak"
324,"Perkotaan","SMA",39,40445.86,2501.31,10.8,49.8,"ya"
500,"Perkotaan","PT",62,11932.49,795.28,13.7,57.4,"tidak"
977,"Perdesaan","SMA",28,9566.04,511.51,10,49.2,"ya"
134,"Perkotaan","SD",42,5180.68,288.95,1.1,23.4,"tidak"
909,"Perkotaan","SMA",62,8511.56,593.38,10.6,49,"ya"
451,"Perkotaan","SMP",68,8761.23,686.42,6.4,49.7,"tidak"
482,"Perkotaan","SMP",53,NA,1787.74,6.1,38.7,"tidak"
367,"Perkotaan","SD",34,7701.46,436.62,2.8,51.5,"tidak"
613,"Perkotaan","SMA",47,7813.91,358.93,12.3,49.6,"ya"
894,"Perkotaan","SMP",40,15338.96,897.94,7,NA,"ya"
398,"Perdesaan","SMA",61,7324.16,598.11,13.6,65.2,"tidak"
732,"Perdesaan","SMA",42,13582.38,929.96,14.5,68.9,"ya"
742,"Perkotaan","SMP",55,NA,1189,5.5,40.1,"ya"
348,"Perkotaan","SMA",27,13397.42,980.94,10.1,63.3,"tidak"
427,"Perkotaan","SMP",20,4255.36,268.98,7.8,NA,"tidak"
967,"Perdesaan","PT",36,32594.24,2244.46,13.8,54.5,"ya"
608,"Perkotaan","SMP",51,7577.38,328.33,10.2,56.2,"tidak"
379,"Perdesaan","pt",66,18465.01,1126.82,15.2,67.1,"ya"
486,"Perkotaan","SMA",55,16758.01,1076.79,9.7,34.9,"ya"
464,"Perdesaan","SMA",24,7631.22,544.44,10.2,49.2,"tidak"
850,"Perkotaan","SMP",51,8058.96,692.25,6.3,40.4,"tidak"
103,"Perkotaan","SD",67,8983.42,528.99,3.2,36.7,"ya"
522,"Perkotaan","SD",34,9115.46,601.51,5.7,49.1,"tidak"
33,"Perkotaan","SMP",48,13401.1,935.77,6.5,30.6,"tidak"
679,"Perdesaan","SMA",48,16316.21,903.73,12,56.4,"ya"
528,"Perkotaan","SMA",43,7651.2,320.64,10.6,30,"ya"
833,"Perdesaan","SD",42,NA,132.77,1.4,28.1,"tidak"
383,"Perkotaan","SMA",68,308806.15,760.74,9.7,52.4,"ya"
931,"Perdesaan","PT",26,18334.96,1074.3,12.3,54,"tidak"
126,"Perdesaan","SD",23,24514.69,1468.99,7,47,"tidak"
562,"Perkotaan","SMA",69,32727.39,1942.15,11.4,62.6,"ya"
361,"PERKOTAAN","PT",37,NA,1295.83,15.2,NA,"ya"
552,"Perkotaan","SMA",23,6508.48,380.19,11,51.3,"ya"
496,"PERDESAAN","SMP",65,NA,1114.42,8.4,45.4,"tidak"
737,"Perdesaan","SMA",32,NA,1691.29,10.5,49.7,"tidak"
710,"Perkotaan","SMA",56,12532.76,796.68,10.4,54.4,"ya"
7,"Perdesaan","SMP",64,13534.74,826.89,6.6,NA,"tidak"
43,"Perkotaan","PT",61,13423.27,756.37,14.7,72.5,"ya"
447,"Perkotaan","SMA",23,14857.01,1242.63,10.8,42.8,"ya"
871,"Perkotaan","SMA",57,16348.64,1004.4,9.5,48.1,"ya"
278,"Perdesaan","SMA",58,22877.61,1504.37,11.2,54.2,"ya"
484,"Perkotaan","PT",44,21958.31,1356.07,12.9,58.5,"ya"
658,"Perdesaan","PT",39,23551.59,1353.59,15.4,64.8,"ya"
355,"Perkotaan","SMA",44,8665.48,434.21,10.9,56.2,"ya"
671,"Perkotaan","SMP",38,25982.42,1765.37,9.5,55.6,"ya"
876,"Perkotaan","SMP",55,4475.69,228.86,8,46.5,"tidak"
682,"PERDESAAN","SMA",21,NA,512.82,11.9,43.5,"ya"
587,"Perkotaan","SMP",36,25028.16,1556.4,10.3,48.8,"tidak"
910,"Perdesaan","SMA",32,272209.37,737.98,11.5,NA,"ya"
245,"Perkotaan","PT",46,17936,999.31,16.4,72.4,"ya"
334,"Perdesaan","SMA",53,43561.76,2863.36,10.5,NA,"ya"
677,"Perkotaan","SD",43,14745.72,1110.99,3.1,33.6,"tidak"
203,"Perdesaan","SMA",37,7996.02,594.06,10.5,58.9,"ya"
775,"Perkotaan","SMA",21,11316.77,829.41,9.5,46.5,"ya"
740,"Perdesaan","SMA",64,NA,502.2,11.3,NA,"ya"
795,"Perdesaan","SMP",36,13808.72,853.75,8.4,42.3,"tidak"
445,"Perkotaan","SMA",46,NA,726.46,9.4,57.3,"ya"
768,"Perdesaan","PT",32,17137.45,919.27,14.9,51.7,"ya"
945,"Perdesaan","SMP",45,25474.02,1604.81,8.6,40.9,"tidak"
509,"Perdesaan","SMA",51,NA,1108.74,10.1,50.3,"ya"
57,"Perkotaan","SMA",43,17530.74,1151.67,9.3,48.5,"ya"
510,"Perdesaan","SMA",24,NA,934.77,11.2,43.2,"ya"
979,"Perkotaan","PT",53,NA,862.99,12.8,62.5,"ya"
888,"Perkotaan","SMP",51,17426.05,1137.48,10,NA,"ya"
315,"Perdesaan","SMA",65,NA,330.02,10.8,56.9,"tidak"
25,"Perdesaan","SD",22,2903.69,109.61,2.4,NA,"tidak"
493,"Perkotaan","SD",60,8353.08,596.84,3.3,55.1,"tidak"
645,"Perkotaan","SMA",26,14144.88,959.5,12.2,50.3,"ya"
826,"Perkotaan","SMA",60,21500.1,1093.71,10.5,57.6,"ya"
706,"Perdesaan","SMA",64,11894.35,730.09,10.8,45.1,"tidak"
507,"Perdesaan","PT",67,14824.04,829.63,16,71.7,"ya"
454,"Perkotaan","SMA",61,21255.52,1356.53,12.5,59.4,"ya"
764,"Perdesaan","SD",37,NA,261.99,3.3,25.6,"tidak"
252,"Perdesaan","SMP",50,27408.25,1597.43,8.8,38,"ya"
402,"Perkotaan","SMA",44,9649.23,629.24,10.9,56.2,"tidak"
668,"Perdesaan","PT",30,29417.66,1751.89,15.4,67.2,"ya"
849,"Perkotaan","SMA",68,6295.23,220.6,11.5,57.7,"ya"
663,"Perdesaan","SMA",69,NA,1948.91,11.8,NA,"ya"
163,"Perkotaan","SMA",36,14839.19,1026.59,11.3,58.8,"ya"
667,"Perkotaan","SMA",26,5888.86,316.74,10.4,65.2,"ya"
960,"Perkotaan","SMP",58,6901.19,510.52,8.5,50.2,"tidak"
100,"Perkotaan","PT",47,18586.82,1142.18,15.3,60.2,"ya"
335,"Perkotaan","PT",51,44744.46,2802.74,15.6,65,"ya"
281,"Perkotaan","SD",68,7515.76,619.34,3.5,NA,"ya"
708,"Perkotaan","SMA",69,14791.95,1003.02,11.5,41,"tidak"
122,"Perdesaan","SMP",28,18594.99,1130.95,7.5,52.9,"ya"
916,"Perkotaan","SMA",67,NA,840.61,11.3,35.4,"ya"
476,"Perdesaan","SMA",67,NA,848.71,9.6,57.2,"ya"
44,"Perkotaan","SMA",50,17906.4,1178.98,14,59,"ya"
21,"Perdesaan","PT",36,395897.72,1106.41,15.2,56.1,"ya"
265,"Perdesaan","PT",56,21077.7,1218.31,14.8,57.3,"ya"
372,"Perdesaan","SMA",46,16588.75,1090.38,9,53.6,"tidak"
64,"Perkotaan","PT",20,9380.9,693.89,14.9,77.1,"ya"
976,"Perkotaan","SMA",56,13498.35,757.28,11.3,56.5,"ya"
747,"Perdesaan","SMA",44,10807.97,834.41,11.4,63.5,"ya"
67,"Perkotaan","SD",63,12701.18,841.99,3.9,39.5,"ya"
539,"Perkotaan","SMA",58,14660.93,847.71,10.8,44.3,"tidak"
326,"Perkotaan","SMA",45,8828.7,499.4,11.7,64.6,"ya"
426,"Perkotaan","SMA",70,19936.68,1234.1,12.4,59.6,"ya"
347,"Perdesaan","SMP",57,NA,378.59,7,50.2,"ya"
964,"Perdesaan","PT",48,NA,1850.36,14.7,53.3,"tidak"
68,"Perkotaan","smp",48,5707.47,536.67,6.4,40.1,"ya"
701,"Perkotaan","SMA",57,32383.43,2072.27,10.2,48,"ya"
94,"Perkotaan","PT",43,13318.84,663.63,13.1,60.9,"ya"
558,"Perdesaan","PT",47,15111.09,822.72,13.9,70.7,"ya"
255,"Perdesaan","SMA",52,9842.45,807.61,12.7,51.5,"ya"
441,"Perdesaan","SD",25,4880.05,363.29,5.4,33.3,"ya"
52,"Perkotaan","SD",57,10699.71,834.73,3.2,27.5,"tidak"
612,"Perdesaan","SD",47,NA,370.63,4.4,46.9,"ya"
98,"Perkotaan","SD",55,14389.06,822.74,4.4,39.7,"ya"
327,"Perkotaan","SMA",57,7574.77,402.94,14.4,64.8,"ya"
769,"Perdesaan","SMP",59,8299.14,491.39,6,40.1,"tidak"
869,"Perdesaan","SD",51,12584.39,639.69,3.5,32.9,"tidak"
234,"Perdesaan","SD",43,9414.79,704.45,4.4,43.6,"ya"
595,"Perkotaan","SMA",58,18969.48,1073.02,9.8,50.5,"ya"
267,"Perdesaan","SMA",38,16553.25,1164.17,10.9,56.3,"tidak"
753,"Perdesaan","SMP",45,NA,905.74,6.4,NA,"tidak"
696,"PERDESAAN","SMA",52,34249.78,2201.15,10.7,66.3,"ya"
684,"Perdesaan","SMP",36,8832.1,491.37,9.6,59.1,"ya"
741,"Perdesaan","SMA",26,NA,570.54,11,66.2,"ya"
92,"Perdesaan","PT",62,13532.97,826.94,15.1,NA,"ya"
812,"Perkotaan","SMA",43,10409.85,709.46,10.9,55.2,"ya"
839,"Perkotaan","SMP",25,10163.21,745.14,6.5,44.9,"ya"
452,"Perdesaan","PT",67,10148.43,786.5,11.3,56.2,"tidak"
584,"Perdesaan","SMP",59,18352.41,1300.37,8.5,NA,"ya"
757,"Perkotaan","PT",36,25999.72,1758.14,13.5,56.2,"ya"
734,"Perdesaan","PT",48,18089.09,1158.98,10.7,55.4,"tidak"
102,"Perdesaan","SMP",39,5211.39,471.63,7.7,NA,"tidak"
359,"Perdesaan","SMA",20,11115.42,589.14,9.3,55.4,"ya"
386,"Perdesaan","PT",48,22959.66,1435.6,15,63.9,"ya"
603,"Perkotaan","SMA",35,13454.11,886.16,10.4,50.5,"ya"
712,"Perdesaan","SMA",30,28886.12,1856.76,11.2,56.1,"ya"
237,"Perdesaan","PT",65,17615.48,1067.74,16.6,68.4,"ya"
511,"Perdesaan","SMA",41,12905.49,909.09,9.4,46.1,"ya"
660,"Perkotaan","SMP",21,15210.02,966.74,9.1,50.6,"tidak"
22,"Perdesaan","SMA",61,18370.34,1062.99,10.8,53.5,"tidak"
821,"Perdesaan","SMP",66,14319.4,1106.73,7,49.9,"tidak"
952,"Perdesaan","SMA",51,11233.19,649.57,9.9,52.7,"tidak"
634,"Perdesaan","sd",66,18013.99,1087.48,3.2,34,"tidak"
463,"Perdesaan","PT",39,22057.68,1465.42,14,65.3,"ya"
210,"Perdesaan","SMP",64,13168.9,794.28,5.9,48.8,"tidak"
925,"Perkotaan","SD",50,6020.17,294.32,3.1,38.7,"tidak"
164,"Perkotaan","SMP",44,8626.86,791.8,8.8,45.9,"ya"
755,"Perdesaan","PT",33,13933.44,956.01,14.5,NA,"tidak"
259,"Perkotaan","SMP",34,8809.09,452.9,6.8,34.7,"ya"
736,"Perdesaan","SMP",53,NA,1154.2,8.7,53.8,"ya"
664,"Perkotaan","SD",23,13575.91,878.13,2.5,29.3,"tidak"
561,"Perdesaan","SMP",44,16915.24,1094.93,6.9,54.1,"tidak"
538,"Perkotaan","SMA",43,14928.33,851.14,11.4,61,"ya"
146,"Perdesaan","SMA",35,10531.77,689.02,10.2,48.2,"tidak"
119,"Perkotaan","SD",41,NA,108.44,4.1,38.7,"tidak"
80,"Perdesaan","SD",57,5023.02,273.91,2.2,47.4,"tidak"
841,"Perkotaan","SD",69,18681.11,1051.68,3,38.3,"tidak"
219,"Perdesaan","SD",29,7637.93,418.33,5.6,NA,"tidak"
549,"Perdesaan","SMA",50,NA,666.43,10.8,52.3,"tidak"
215,"Perdesaan","SMA",44,NA,978.01,12.3,63.8,"ya"
75,"Perdesaan","SD",35,5867.62,407.47,2.3,35.6,"tidak"
662,"Perkotaan","PT",34,12261.04,814.91,13.5,79,"tidak"
10,"Perdesaan","PT",62,42993.52,2587.65,14.9,58.8,"ya"
512,"Perkotaan","SMA",55,NA,831.21,12.4,54.4,"ya"
908,"Perdesaan","SD",60,NA,531.09,2.6,33.3,"ya"
933,"Perdesaan","SMA",64,13987.77,964.29,10.1,52.4,"tidak"
183,"Perkotaan","SMA",36,40454.09,2347.31,12.3,57.7,"ya"
502,"Perkotaan","SMA",31,13375.17,797.69,11.8,52.9,"tidak"
777,"Perdesaan","SMA",54,16872.88,987.17,10.7,59.7,"ya"
244,"Perkotaan","SD",52,11527.19,502.9,3.8,43.1,"ya"
460,"Perdesaan","SMA",33,14303.62,882.74,12.2,64,"tidak"
592,"Perdesaan","SMA",40,6749.86,324.48,13.9,52.8,"tidak"
886,"Perkotaan","SMP",32,23943.32,1380.57,8.1,44.2,"ya"
54,"Perkotaan","SMP",47,12362.93,718.33,8.8,51.6,"tidak"
597,"Perkotaan","SMP",29,15889.96,993.71,8.2,43.9,"ya"
185,"Perkotaan","SD",31,NA,324.97,4.8,40.8,"tidak"
635,"Perdesaan","SMP",37,NA,1154.22,8.9,47,"ya"
535,"Perkotaan","SMA",53,22918.97,1408.06,11.2,65.4,"ya"
799,"Perkotaan","PT",28,39530.94,2644.05,15.6,68.1,"tidak"
84,"Perdesaan","SMA",51,10664.19,678.91,11.8,51.1,"tidak"
410,"Perkotaan","PT",60,24768.42,1301.65,17.2,73.7,"ya"
691,"Perdesaan","SMA",22,15490.28,980.73,12.8,62.8,"tidak"
56,"Perkotaan","SD",57,7172.1,392.68,1.3,24,"tidak"
222,"Perdesaan","SMA",50,NA,372.58,10,NA,"tidak"
996,"Perdesaan","PT",43,30458,1995.65,18,71.4,"ya"
936,"Perkotaan","SD",37,13222.39,770.17,5.3,54.2,"ya"
26,"Perkotaan","SMA",67,30345.8,1687.85,8,36.7,"ya"
570,"Perdesaan","SMP",21,NA,359.84,8.5,46.4,"tidak"
928,"PERDESAAN","SMA",55,36999.01,2353.67,10.7,79.8,"ya"
425,"Perdesaan","SMA",55,NA,787.56,13.3,54.8,"tidak"
409,"Perkotaan","SD",58,NA,1113.74,3.1,27.8,"ya"
697,"Perkotaan","SMP",28,13367.94,783.03,7.4,49.1,"ya"
899,"Perkotaan","SMA",37,22697.54,1357.64,13.5,51.3,"tidak"
651,"Perdesaan","SMA",52,16104.09,1054.83,9.9,NA,"ya"
735,"Perkotaan","SMP",66,21494.46,1397.18,7.1,41.3,"ya"
319,"Perkotaan","SMA",46,10335.89,919.45,9.2,57.2,"tidak"
699,"Perkotaan","PT",47,25007.23,1477.35,13.5,64.7,"ya"
302,"Perkotaan","SMA",63,6960.3,456.52,8.9,49.5,"ya"
223,"PERKOTAAN","PT",36,13896.44,924.16,15.7,64.6,"ya"
221,"Perdesaan","SMP",20,15769.9,830.08,7.2,33.7,"ya"
810,"Perkotaan","SMA",61,19791.41,997.09,12.7,50.1,"ya"
478,"Perkotaan","PT",64,16920.76,987.84,14.3,53.3,"ya"
65,"Perkotaan","SMA",31,14726.99,1198.15,11.1,53.3,"ya"
602,"Perkotaan","SD",22,181990.14,574.78,2.8,47.6,"tidak"
310,"Perdesaan","PT",27,30464.42,1900.54,15.7,NA,"ya"
415,"Perkotaan","SMA",54,7993.29,613.91,13.5,68.2,"ya"
393,"Perdesaan","SMA",65,NA,1103.18,11.4,51.4,"ya"
802,"Perkotaan","SMP",64,6834.63,529.82,9.3,46,"tidak"
472,"Perkotaan","SMP",62,23874.75,1401.77,7.9,51.4,"ya"
659,"Perkotaan","SMA",50,22798.04,1478.61,11,48.8,"tidak"
688,"Perdesaan","SMA",63,12443.67,623.33,9.7,42.4,"ya"
396,"Perdesaan","SD",58,15746.77,1080.12,2.5,NA,"tidak"
124,"Perkotaan","SMA",58,NA,557.8,8.5,43.4,"ya"
862,"Perkotaan","SMP",64,4318.35,335.36,6.5,33.7,"ya"
981,"Perdesaan","SMP",49,NA,520.3,9,NA,"tidak"
816,"Perkotaan","SD",35,NA,578.46,4.8,37.3,"ya"
77,"PERDESAAN","PT",29,13194.22,966.21,15.3,71.9,"ya"
610,"Perkotaan","SMP",59,NA,869.55,8.3,54,"ya"
300,"Perkotaan","SMP",35,28804.6,2008.58,8.1,51.5,"ya"
170,"Perdesaan","SMA",56,12394.75,575.51,9.7,54,"ya"
780,"Perdesaan","SMP",40,NA,680.71,7,35.3,"tidak"
86,"Perdesaan","SMA",21,25107.59,1619.11,12,53.5,"tidak"
881,"Perdesaan","SMP",62,NA,1863.5,7.5,40.2,"tidak"
232,"Perkotaan","SMA",29,5199.66,362.78,11.4,55.6,"ya"
792,"Perkotaan","SMP",41,17911.97,1184.78,7.2,36.2,"ya"
422,"Perkotaan","SMP",66,7943.93,592.64,5.7,34.8,"tidak"
962,"Perdesaan","SMA",58,16955.64,850.92,12.7,64.7,"ya"
91,"Perkotaan","SD",38,4056.66,467.06,3.8,39,"ya"
296,"Perdesaan","SD",56,7294.56,388.49,3.6,27,"tidak"
834,"Perdesaan","SMA",55,28278.8,1825.65,11.7,61.4,"ya"
155,"Perkotaan","SD",38,17295.62,1017.42,7.4,44.3,"ya"
997,"Perdesaan","SMA",62,9800.73,719.7,11.1,66.8,"ya"
420,"Perdesaan","PT",25,NA,1468.88,17.3,76.2,"ya"
852,"Perkotaan","SMP",46,11836.13,722.61,9.4,NA,"tidak"
640,"Perdesaan","PT",42,8913.94,645.45,14.2,69.6,"ya"
47,"Perkotaan","SMP",69,9978.87,877.78,9,NA,"ya"
636,"PERKOTAAN","smp",38,24228.47,1457.59,8.3,47.8,"ya"
266,"Perkotaan","SMA",31,13404,937.02,12.3,53,"ya"
446,"Perkotaan","SMA",23,217113.05,496.83,12.1,NA,"ya"
295,"Perkotaan","SMP",59,NA,1138.48,7.4,47.5,"ya"
626,"Perdesaan","smp",38,288959.17,608.46,5.6,46.5,"ya"
984,"Perkotaan","PT",27,14378.88,1004.8,15.7,51,"ya"
173,"Perdesaan","SMA",65,16810.27,1123.37,11.4,61.6,"tidak"
680,"Perdesaan","SD",39,2635.36,294.96,3.1,NA,"tidak"
987,"Perdesaan","PT",32,27972.52,1696.05,15.9,73.3,"ya"
751,"Perdesaan","PT",32,12738.95,766.82,14.6,73.4,"tidak"
722,"Perdesaan","PT",33,31911.98,1917.51,17.5,68.5,"ya"
233,"Perdesaan","SMP",62,28018.17,1633.51,8.2,NA,"ya"
903,"Perkotaan","SMP",68,16479.31,901.57,7.4,49.8,"ya"
932,"Perdesaan","SMP",43,14418.86,767.71,10.1,45.5,"ya"
947,"Perkotaan","SMA",47,6482.62,525.83,7.4,31.9,"tidak"
299,"Perdesaan","SMA",47,7595.18,274.73,10.7,NA,"tidak"
842,"PERKOTAAN","SMP",23,134776.9,709.87,9.4,31.5,"ya"
627,"Perdesaan","SMA",27,9236.19,531.41,11.1,49.1,"tidak"
466,"Perdesaan","PT",25,16112.7,1090.89,15,56.6,"ya"
744,"Perdesaan","SD",52,6185.28,164.83,5,40.5,"tidak"
728,"Perkotaan","SD",69,18507.32,1249.42,1.9,NA,"tidak"
83,"Perkotaan","SMA",50,11458.66,687.48,10.2,62.5,"ya"
513,"Perdesaan","SMA",64,16251.82,1041.9,10.3,57.7,"tidak"
892,"Perkotaan","PT",66,20519.17,1200.56,14.4,64.9,"ya"
133,"Perdesaan","SMA",42,17925.85,1073.12,12.5,50.3,"tidak"
843,"Perdesaan","smp",40,7542.84,538.86,7.2,NA,"tidak"
39,"Perkotaan","SD",21,10801.59,707.29,3.7,29,"tidak"
159,"Perdesaan","SMA",33,19136.57,1137.44,9.7,43.8,"tidak"
791,"PERKOTAAN","SMP",21,7342.18,295.08,5.4,44.2,"ya"
551,"Perdesaan","SMA",42,62837.35,4007.91,13.9,61.1,"tidak"
258,"Perkotaan","SD",24,9726.82,636.17,5,43.5,"tidak"
988,"Perdesaan","SD",55,8374.36,248.7,3.5,36.9,"tidak"
541,"Perkotaan","SMA",24,11406.61,495.47,11.7,53.4,"ya"
880,"Perdesaan","SMP",58,23559.73,1359.29,8.1,39.2,"ya"
179,"Perdesaan","SD",39,32526.84,2013.44,3.3,46.8,"ya"
953,"PERDESAAN","PT",38,13395.02,622.75,13.5,NA,"tidak"
207,"Perdesaan","SMA",64,10397.73,665.58,10.3,51.1,"ya"
158,"Perkotaan","PT",57,NA,865.4,12.7,61.2,"tidak"
926,"Perdesaan","SMA",36,7149.34,547.37,8.3,51.8,"tidak"
73,"Perdesaan","SMA",64,27287.26,1759.48,8.3,60.1,"tidak"
865,"Perkotaan","SMP",31,8553.5,575.14,6.7,45.4,"ya"
273,"Perkotaan","SMP",25,NA,443.7,7.8,47.7,"ya"
994,"Perkotaan","sma",26,7870.55,670.84,9.3,58.1,"tidak"
268,"Perdesaan","PT",53,18162,1186.58,16.5,77.1,"tidak"
123,"Perdesaan","sma",25,NA,525.78,10.1,59.8,"tidak"
497,"Perdesaan","SMA",50,16414.19,800.12,9.8,NA,"tidak"
282,"Perkotaan","SMA",37,10972.62,759.31,11.2,59.8,"ya"
212,"Perkotaan","SMA",45,23659.27,1421.52,10.9,52.2,"ya"
733,"Perkotaan","SMP",25,17558.01,1021.57,6.3,45.6,"ya"
782,"Perdesaan","PT",28,23851.82,1369.24,16.8,66.2,"ya"
814,"Perdesaan","SMA",68,17977.61,1151.47,11.1,42.9,"tidak"
405,"Perkotaan","SMA",67,18935.49,1392.02,12.7,64.7,"tidak"
314,"Perdesaan","SD",39,NA,686.56,4.9,36.7,"ya"
135,"Perdesaan","SD",25,9180.03,548.71,5.3,34.4,"tidak"
665,"Perdesaan","SD",62,10495.07,734.77,2.2,37.7,"ya"
566,"Perdesaan","SMA",34,10811.96,706.62,9.8,49.6,"ya"
676,"Perkotaan","SMA",33,12670.96,827.46,10.5,35.4,"ya"
236,"Perdesaan","SMP",60,9253.23,419.5,5.6,37.7,"tidak"
673,"Perdesaan","SMA",46,14702.27,876.22,11.8,41.2,"tidak"
725,"Perkotaan","SD",58,NA,487.37,4.5,41.9,"ya"
490,"Perkotaan","SMA",28,16994.41,1299.75,11,45.7,"ya"
721,"Perkotaan","SD",58,NA,626.17,1.5,35.7,"tidak"
125,"Perdesaan","PT",31,28307.64,1777.53,14.2,60.6,"ya"
42,"PERDESAAN","PT",38,9433.37,578.61,15.9,75.1,"ya"
96,"Perkotaan","SMA",36,9639.25,760.81,10,42.8,"tidak"
575,"Perdesaan","SD",32,NA,1118.59,3.9,35.3,"tidak"
187,"Perkotaan","SD",41,NA,1472.47,4.2,30.4,"tidak"
937,"Perkotaan","SMA",65,12924.24,756.61,12.9,70.9,"ya"
469,"Perkotaan","SMP",49,NA,516.41,8,33.1,"ya"
424,"Perkotaan","SMA",63,10517.85,809.57,10.4,59.6,"tidak"
675,"Perkotaan","SMA",48,6034.78,541.27,11.6,60.5,"ya"
846,"Perdesaan","PT",31,23190.93,1340.82,13.5,57.2,"ya"
31,"Perdesaan","SMA",59,NA,618.26,6.8,42.7,"tidak"
343,"Perdesaan","SMA",67,18886.98,1280.93,10.9,61.2,"ya"
803,"Perdesaan","SMP",31,22007.66,1177.14,6.7,46.9,"ya"
195,"Perdesaan","PT",70,NA,640.04,13.7,62.1,"ya"
711,"Perdesaan","SD",62,NA,1397.65,6.2,42.6,"tidak"
97,"Perkotaan","SMA",67,NA,631.07,11.9,42.4,"tidak"
23,"Perdesaan","PT",55,45790.16,2902.63,16.4,65.6,"ya"
408,"Perkotaan","PT",25,33266.49,1953.12,17.5,65.1,"ya"
399,"Perdesaan","SMA",23,14879.46,768.77,9.4,50,"tidak"
745,"Perkotaan","SD",29,12553.29,938.41,3.9,39,"ya"
35,"Perdesaan","SMA",25,16796.59,1072.11,12.7,NA,"tidak"
853,"Perkotaan","SMA",62,17115.56,1009.05,11.5,57.4,"tidak"
624,"Perdesaan","SMA",67,13989.22,805.78,10.2,57,"tidak"
412,"Perdesaan","PT",24,14157.87,916.34,14.9,77.4,"ya"
16,"Perkotaan","SMA",49,27827.06,1793.57,9,NA,"ya"
729,"Perkotaan","SMA",67,10278.2,743.03,12.5,66.8,"ya"
649,"Perdesaan","PT",39,30706.47,1964.06,16.3,73.4,"ya"
143,"Perkotaan","SMA",36,35371.97,2010.13,9.9,52.9,"tidak"
199,"Perdesaan","SMA",50,NA,366.12,13.3,55.1,"ya"
536,"Perkotaan","SMP",62,9101.92,467.01,10.1,NA,"tidak"
419,"Perdesaan","SD",25,110952.84,513.37,1.6,NA,"tidak"
136,"Perkotaan","SD",59,12115.18,823.01,6.8,44.8,"ya"
743,"Perkotaan","SMP",40,9944.2,742.17,7.6,44,"ya"
152,"Perkotaan","SMP",47,21750.44,1352.19,10.2,52.9,"ya"
275,"Perkotaan","SMP",58,18680.35,1271.09,5.2,35.1,"ya"
218,"Perkotaan","SD",62,21611.86,1216.01,4,40.4,"tidak"
891,"Perkotaan","SD",35,8448.41,536.84,4.2,37.5,"tidak"
935,"Perdesaan","SD",61,9420.44,746.75,3.4,NA,"tidak"
4,"Perdesaan","SMA",33,NA,851.8,11.8,40,"tidak"
346,"Perkotaan","SMA",23,8399.62,711.65,9.5,52.7,"ya"
357,"Perdesaan","SMP",31,6835.52,457.15,7.5,50.9,"ya"
917,"Perkotaan","SMP",23,6732.17,529.25,6.3,39,"tidak"
554,"Perkotaan","SD",66,9428.85,554.76,4.2,41.3,"ya"
904,"Perdesaan","SMP",51,10866.81,745.65,7.7,49.9,"tidak"
915,"Perkotaan","SMA",54,NA,1032.04,10.9,53,"tidak"
349,"Perkotaan","SMA",54,14713.49,823.99,12.1,57.3,"ya"
730,"Perdesaan","SD",23,5677.3,271.26,3.2,30.7,"tidak"
41,"Perkotaan","SD",64,4134.35,267.6,3.5,37.1,"ya"
718,"Perdesaan","SMA",32,9267.56,650.6,10.9,46.1,"ya"
563,"Perdesaan","SD",26,NA,960.77,3.6,NA,"ya"
806,"Perdesaan","SMP",21,NA,458.22,9.4,53.9,"tidak"
388,"Perkotaan","SMA",68,19471.1,1192.32,12.6,53.7,"tidak"
272,"Perdesaan","SMA",45,14414.44,887.65,14.1,63,"ya"
12,"Perkotaan","SMP",45,10271,651.2,7.5,NA,"tidak"
220,"Perkotaan","SMA",50,23829.74,1483.71,13.7,60.2,"ya"
599,"PERKOTAAN","SD",41,8307.5,536.98,4.3,38.9,"tidak"
238,"Perkotaan","SMA",40,17043.66,1081.05,7.8,35.4,"tidak"
781,"Perkotaan","SD",56,16333.6,1004.22,1.7,NA,"ya"
339,"Perkotaan","SD",26,15380.87,804.44,2.1,35,"tidak"
13,"Perkotaan","SMP",45,7464.17,466.42,6.1,45.6,"ya"
27,"Perkotaan","SMP",22,14427.59,923.26,8.4,41.7,"ya"
772,"Perkotaan","PT",62,25549.19,1783.41,17.6,70.5,"ya"
685,"PERDESAAN","SMA",35,NA,556.76,11.4,45.7,"tidak"
111,"Perkotaan","PT",23,15921.87,888.61,14.4,66.9,"ya"
167,"Perkotaan","SD",20,14611.78,630.41,2.8,25.2,"tidak"
116,"Perkotaan","SMP",21,21074.74,1304.66,10.3,61.5,"ya"
196,"Perkotaan","SMA",62,16179.34,716.39,10.1,61,"tidak"
807,"Perdesaan","SMA",21,NA,1068.32,12.3,65.1,"ya"
934,"Perkotaan","SMP",32,8820.16,310.07,6,26.8,"tidak"
280,"Perkotaan","pt",28,23634.01,1427.74,14.1,56.8,"ya"
553,"Perkotaan","SMP",20,NA,936.52,5.7,56,"tidak"
317,"Perdesaan","SMA",25,NA,1072.05,10.1,NA,"tidak"
436,"Perdesaan","SMA",62,NA,1743.4,12.8,41,"ya"
968,"Perdesaan","SMP",66,9851.98,648.22,7.4,41.1,"tidak"
20,"Perkotaan","SMA",52,11000.54,596.57,12,52.7,"ya"
655,"Perkotaan","SD",57,8874.27,633.15,1.2,31.4,"tidak"
818,"Perkotaan","SD",20,7529.28,409.75,3.5,40.7,"tidak"
840,"Perkotaan","SD",65,5965.43,440.25,3.9,23.1,"tidak"
341,"Perdesaan","SMP",40,5684.74,245,6.9,48.4,"tidak"
950,"Perdesaan","SMA",37,15187.02,959.82,11.9,58.5,"ya"
827,"Perkotaan","SD",27,NA,921.01,2.3,32.5,"ya"
309,"Perdesaan","PT",34,NA,1560.45,15.5,NA,"ya"
588,"Perdesaan","SMP",65,17821.84,1215.55,8.4,56.4,"ya"
896,"Perdesaan","PT",38,27247.96,1865.99,16.1,73.8,"ya"
700,"Perdesaan","SMP",69,NA,514.9,9.7,48.3,"tidak"
473,"Perkotaan","SMA",65,9396.33,656.02,12.5,61.4,"ya"
286,"Perdesaan","SMA",48,22066.31,1460.59,12.9,57.5,"tidak"
230,"Perkotaan","SMA",25,157034.71,758.7,11.5,NA,"ya"
1000,"Perkotaan","SMA",62,8241.38,353.67,9.2,55.4,"tidak"
293,"Perkotaan","SMA",44,11186.6,742.45,12.6,54.6,"ya"
630,"Perdesaan","SMA",66,14026.96,878.04,13.7,68,"ya"
847,"Perdesaan","SMA",43,33444.91,2085.48,11.7,59.3,"ya"
470,"Perdesaan","SMP",36,6900.81,391.68,6.9,45.6,"tidak"
924,"Perkotaan","SMA",35,18478.87,969.75,11.4,56.4,"ya"
390,"Perkotaan","SMA",54,13425.17,1007.24,10.2,47,"ya"
838,"Perkotaan","SMA",35,35599.86,2170.03,11.3,52,"ya"
328,"Perkotaan","SD",40,5748.64,468.74,4.4,34.8,"tidak"
681,"Perkotaan","SMA",40,7602.53,384.48,7.8,58.8,"tidak"
249,"Perkotaan","SMP",34,NA,748.77,10.7,57.1,"ya"
837,"Perdesaan","PT",39,9044.38,530.34,16,68.9,"ya"
34,"Perkotaan","SMA",52,13552.53,923.03,12,56.6,"ya"
417,"Perdesaan","SMA",52,NA,621.46,10.2,43.5,"tidak"
63,"Perkotaan","SD",40,6617.59,453.64,2.6,38.7,"ya"
448,"Perdesaan","SMA",21,31776.98,1911.77,12.8,50.6,"tidak"
692,"Perdesaan","SMA",61,NA,810.8,8.6,41.8,"ya"
110,"Perdesaan","SMP",62,23662.85,1423.65,9.9,49.2,"ya"
495,"Perdesaan","SMP",38,NA,596.33,4.9,NA,"ya"
873,"Perdesaan","SD",59,NA,439.38,4.7,32.6,"tidak"
617,"Perkotaan","pt",28,18972.51,1167.21,13.3,67.8,"ya"
108,"Perdesaan","SMA",61,NA,855.14,9.6,45.5,"tidak"
581,"Perkotaan","SMP",55,15990.06,1015.81,6.6,39.4,"ya"
893,"Perdesaan","SD",25,7128.8,369.59,4.3,25.8,"tidak"
385,"Perkotaan","SMP",60,16992.4,1116.29,10.2,53,"ya"
177,"Perkotaan","SMP",49,NA,599.21,8.4,51.9,"tidak"
344,"Perdesaan","SMA",23,22011.53,1325,12.9,59.9,"tidak"
831,"Perdesaan","PT",21,NA,1140.06,15.8,66.2,"ya"
938,"Perkotaan","SMA",24,20024.56,1243.5,7,47.3,"tidak"
480,"Perdesaan","SMP",56,12715.79,763.07,8.3,49.2,"tidak"
523,"Perkotaan","SD",47,11810.76,681.5,2.9,26.6,"tidak"
633,"Perdesaan","SMA",63,NA,1759.97,12.8,45,"ya"
970,"Perdesaan","SMP",48,15512.91,916.7,6,41.2,"tidak"
107,"Perdesaan","SMP",50,12891.67,727.43,6.8,NA,"tidak"
437,"Perkotaan","SMA",34,8889.44,459.17,10.7,59.1,"ya"
629,"Perdesaan","SMP",55,17176.67,1063.95,9.5,49.1,"ya"
642,"Perdesaan","SMA",67,8063.48,502.85,10.6,41.4,"tidak"
619,"Perkotaan","SMA",28,26308.7,1724.1,12.7,50.4,"tidak"
32,"Perdesaan","SMA",22,12577.37,794.18,12.2,NA,"ya"
639,"Perdesaan","SD",32,12158.53,841.06,5,44.5,"tidak"
828,"Perdesaan","PT",23,NA,574.67,11.2,53.8,"tidak"
993,"Perkotaan","PT",60,20396.57,1045.47,14.6,61.6,"ya"
819,"Perkotaan","SMA",38,15915.12,1087.64,11.1,52.3,"ya"
180,"Perdesaan","SMP",33,13828.17,637.62,9.9,44.9,"tidak"
166,"Perdesaan","SMP",48,10697.42,783.28,8.3,NA,"tidak"
184,"Perkotaan","SD",62,5495.89,298.05,4.6,39.3,"tidak"
485,"Perdesaan","SMP",26,NA,2961.03,9.3,50.2,"ya"
556,"Perdesaan","SMA",45,NA,673.95,11.7,52.6,"ya"
678,"Perdesaan","SMA",62,NA,1044.24,9.5,43.9,"tidak"
890,"Perkotaan","SMA",33,8887.69,546.39,8.4,51.9,"tidak"
801,"Perkotaan","SMA",39,8067.19,395.16,9.8,53.8,"ya"
474,"Perdesaan","SMA",24,25342.98,1272.89,8.2,34.1,"ya"
175,"Perdesaan","SD",26,7114.14,579.94,1.7,38.1,"ya"
804,"Perkotaan","PT",22,18582.41,1137.8,15.2,54.8,"ya"
815,"Perdesaan","SMP",28,30903.33,1942.41,8.1,34,"ya"
590,"Perkotaan","SMP",43,16334.08,822.12,6.4,28.8,"tidak"
149,"Perdesaan","SMP",29,NA,1002.03,8.5,63.1,"ya"
776,"Perdesaan","SMA",25,11586.27,627.06,9.9,46.2,"tidak"
468,"Perkotaan","PT",52,19082.94,1167.04,16.4,75,"ya"
38,"Perdesaan","SMA",30,224510.1,631.49,9.3,49.3,"tidak"
332,"Perkotaan","PT",27,17287.77,1103.65,15.8,69.2,"ya"
835,"Perdesaan","SMA",65,NA,1670.97,9.5,54.3,"ya"
246,"Perdesaan","SMA",45,15027.82,944.45,10.6,41.6,"tidak"
748,"Perdesaan","SMP",26,7874.05,821.76,5.5,NA,"tidak"
940,"Perkotaan","SMP",25,18044.5,1133.94,6.6,50.9,"ya"
707,"Perkotaan","SD",34,12649.11,716.43,6.7,40.9,"ya"
294,"Perkotaan","PT",45,8166.64,505.17,14.2,50.9,"tidak"
217,"Perdesaan","SMP",27,NA,297,6.4,47.5,"tidak"
105,"Perkotaan","SMP",48,9696.56,606.28,7.5,41.2,"tidak"
129,"Perkotaan","PT",37,26804.65,1563.11,17,83.6,"tidak"
717,"Perkotaan","SMP",65,9576.72,574.92,8.9,61.1,"ya"
403,"Perdesaan","PT",53,19218.31,1309.16,14.8,64.6,"tidak"
822,"Perkotaan","SMP",43,9982,595.26,11.5,51.4,"ya"
18,"Perdesaan","SD",69,NA,1107.43,4.1,44.3,"ya"
856,"Perkotaan","SMA",59,15827.37,1000.37,12.2,60,"ya"
257,"Perkotaan","SMA",27,13295.76,1089.75,9.2,48.8,"tidak"
808,"Perdesaan","SMA",22,10583.91,815.78,12.5,NA,"tidak"
533,"Perkotaan","SMA",51,13406.53,875.28,11.1,48.3,"ya"
895,"Perkotaan","PT",51,28594.01,1623.95,15,64.4,"ya"
373,"Perkotaan","SMP",51,NA,874.01,10.4,39.8,"ya"
615,"Perdesaan","sma",44,12902.01,932.54,11.6,NA,"tidak"
71,"Perdesaan","PT",35,NA,1182.3,16.7,NA,"ya"
860,"Perkotaan","SMP",65,5268.87,300.83,8.7,55.2,"tidak"
661,"Perkotaan","SMA",56,14683.18,798.68,9.9,50.7,"tidak"
760,"Perdesaan","SMP",24,4228.97,276.45,5.7,NA,"tidak"
797,"Perkotaan","PT",41,42158.44,2763.28,15.4,60.8,"ya"
646,"Perdesaan","PT",59,17785.85,998.1,13.9,63.3,"ya"
705,"Perdesaan","PT",65,16297.68,970.79,15.5,67.5,"ya"
204,"Perkotaan","SMA",37,14358.7,921.63,11.5,58.7,"ya"
508,"Perdesaan","SD",62,NA,866.67,2.3,28,"ya"
921,"Perkotaan","SMP",46,11448.6,710.67,7.4,43.5,"ya"
5,"Perdesaan","PT",48,19689.57,1308.51,13.5,72.6,"ya"
883,"Perkotaan","SD",44,15310.53,811.82,7.1,39.1,"tidak"
479,"Perkotaan","PT",20,16329.55,1038.23,16.5,64.3,"ya"
973,"Perdesaan","SMP",50,9610.39,683.96,7.6,55.2,"ya"
430,"Perdesaan","SD",67,NA,777.33,6.2,NA,"tidak"
625,"Perkotaan","SMA",33,18230.46,909.32,12.2,60.4,"ya"
186,"Perkotaan","SMP",56,14578.43,767.34,7.8,54.6,"ya"
128,"Perdesaan","SMP",51,28435.02,1797.57,7.5,40.2,"ya"
759,"Perdesaan","SMP",46,NA,807.81,6.6,47.2,"tidak"
854,"Perdesaan","SD",53,NA,311.61,4.7,40.9,"ya"
109,"Perkotaan","PT",50,36230.3,2187.9,14.5,56.2,"ya"
518,"Perkotaan","SMA",40,5661.46,109.79,11.4,48.1,"tidak"
442,"Perdesaan","SMA",22,NA,901.73,12.8,51.9,"ya"
971,"Perkotaan","SMP",37,16687.99,868.41,9.8,60.8,"ya"
72,"Perdesaan","SMA",40,14070.85,773.29,11.3,41.7,"tidak"
241,"Perdesaan","SMA",69,9657.42,587.56,11,NA,"ya"
171,"Perkotaan","SD",23,11177.32,461.14,6.4,44.3,"ya"
488,"Perkotaan","SD",26,9405.27,741.9,3,32,"tidak"
547,"Perkotaan","SMA",21,11292.37,396.84,7.9,47.7,"tidak"
809,"Perdesaan","SD",40,NA,518.91,3.1,36.3,"tidak"
304,"Perkotaan","SMA",35,12629.4,593.46,8.6,51.3,"ya"
141,"Perkotaan","SMP",56,6137.46,509.77,7.3,49.4,"tidak"
251,"Perdesaan","PT",64,37064.96,2343.04,15.2,73.8,"ya"
811,"Perdesaan","PT",48,31273.92,1960.81,16.9,67.5,"tidak"
336,"Perkotaan","PT",28,16085.51,947.55,15.3,72.8,"ya"
885,"Perkotaan","SMP",65,10392.62,902.06,8.6,NA,"ya"
262,"Perdesaan","SMP",51,13977.55,769.11,9.8,57.7,"ya"
861,"Perdesaan","SD",54,NA,680.53,2.9,25.5,"tidak"
514,"Perdesaan","PT",49,22863.81,1416.97,16.7,73.7,"ya"
927,"Perdesaan","SD",58,6263.11,624.2,4.1,29.3,"tidak"
946,"Perdesaan","SMP",66,NA,1107.87,8.9,40.5,"ya"
264,"Perkotaan","SMA",61,20397.95,1435.14,11,45.5,"ya"
243,"Perdesaan","SMA",44,13775.06,869.26,9.8,44,"tidak"
487,"Perdesaan","SMA",23,17286.22,1046.1,12.4,50.7,"tidak"
263,"Perkotaan","SMA",36,14556.36,1094.99,10.4,69.1,"ya"
112,"Perkotaan","SMP",44,14911.08,1092.58,8.6,43.7,"ya"
879,"PERKOTAAN","SMA",28,14374.43,818.41,10.9,36.6,"ya"
428,"Perdesaan","SMA",57,25373.52,1512.69,9.6,44.5,"ya"
338,"Perdesaan","SD",22,4082.11,119.51,0.3,21.7,"tidak"
330,"Perkotaan","SMP",67,16948.26,1003.1,7.2,56.5,"tidak"
618,"Perdesaan","SMA",22,20146.19,1187.51,11.3,52.3,"ya"
783,"Perkotaan","SMA",21,11486.27,725.91,10.5,47.4,"tidak"
120,"Perkotaan","SMA",24,9480.76,707.52,9.6,48.5,"tidak"
404,"Perdesaan","SMA",28,NA,812.11,8.5,58.6,"ya"
761,"Perkotaan","SMA",24,18253.67,1161.2,11,54.6,"ya"
483,"Perdesaan","PT",62,31207.96,1771.61,15.1,66.8,"ya"
172,"Perkotaan","SD",68,10543.63,488.07,6.1,40.5,"tidak"
715,"Perdesaan","PT",62,26962.94,1593.18,15.2,65.9,"ya"
632,"Perkotaan","PT",25,12256.57,849.36,17.4,77.9,"ya"
117,"Perdesaan","PT",35,12566.36,836.76,15,61.8,"ya"
477,"Perkotaan","SMP",62,9498.01,854.43,7.3,42.5,"tidak"
889,"Perkotaan","SMP",23,11884.95,782.43,8.5,45.8,"tidak"
723,"Perkotaan","SMP",51,12295.97,808.36,7.9,NA,"ya"
955,"Perkotaan","PT",28,14724.54,784.61,14.9,65.3,"ya"
292,"Perkotaan","SMA",25,16126.19,943.93,8.9,50.3,"tidak"
914,"Perkotaan","SMA",66,26350.33,1675.78,10.4,56.3,"tidak"
628,"Perdesaan","SMA",37,NA,606.72,8.5,40.5,"tidak"
381,"Perdesaan","SMA",21,11884.58,842.27,10.3,NA,"ya"
438,"Perkotaan","SD",45,NA,265.45,5.5,52.1,"tidak"
805,"Perkotaan","SD",39,6717.26,495.63,0,28.6,"tidak"
202,"Perdesaan","SMA",56,NA,1308.84,9.8,58,"ya"
877,"Perdesaan","SMA",56,NA,794.25,10.5,NA,"ya"
9,"Perdesaan","SD",25,4744.25,355.05,2,45.5,"tidak"
644,"Perkotaan","SMP",42,6273.85,405.74,5.8,46.2,"ya"
491,"Perkotaan","PT",29,31056.06,1865.84,17.9,76.9,"ya"
208,"Perkotaan","SD",44,18040.9,827.39,5.1,37.7,"tidak"
719,"Perdesaan","SMA",38,NA,707.54,9.2,44.3,"tidak"
785,"Perkotaan","SMA",67,23033.48,1654.85,11.3,51.2,"ya"
227,"Perdesaan","SD",49,NA,422.14,3.2,33.9,"tidak"
867,"Perdesaan","SMA",38,NA,742.9,9.4,47.7,"ya"
546,"Perdesaan","SD",65,17457.46,900.1,4.8,32.7,"tidak"
400,"Perkotaan","SMA",50,302463.63,1669.47,12.1,63.1,"ya"
401,"Perkotaan","PT",61,16380.74,1012.94,13.3,60.4,"ya"
351,"Perkotaan","SMP",36,NA,564.92,11.5,68.6,"ya"
631,"Perkotaan","SMA",35,14966.96,965.15,9.3,47.3,"tidak"
788,"Perkotaan","SMP",55,7787.81,410.67,9.4,49.7,"ya"
519,"Perkotaan","SMA",47,17052.4,1375.37,11,54.3,"tidak"
787,"Perdesaan","PT",37,783782.84,1910.58,14.3,77.3,"ya"
980,"Perkotaan","SMA",67,13925.61,773.24,10.8,59.7,"ya"
897,"Perkotaan","SMA",52,16596.94,1120.01,13.2,63.1,"ya"
504,"Perkotaan","SMA",51,7377.95,491.22,13,67.6,"tidak"
151,"Perkotaan","SMA",43,11887.94,442.54,11,68.5,"ya"
875,"Perkotaan","SMP",36,27153.18,1747,9.5,53.9,"tidak"
999,"Perkotaan","SMP",70,6768.38,410.48,7.9,58.9,"ya"
148,"Perkotaan","PT",59,25021.3,1573.78,16.5,78.7,"ya"
104,"Perdesaan","SMP",68,8695.24,581.54,7.8,49.4,"tidak"
571,"Perkotaan","SD",31,7503.23,496.98,6.6,46.4,"ya"
580,"Perdesaan","PT",33,31875.65,1984.96,12.1,65.5,"ya"
198,"Perdesaan","SMA",28,6746.56,351.15,13.2,59.6,"ya"
147,"Perkotaan","SMA",35,33258.09,2132.46,11.3,62.8,"ya"
261,"Perdesaan","PT",47,12155.18,1065.83,16.7,69.8,"ya"
191,"Perdesaan","SMP",24,7946.59,465.36,10.9,54.6,"tidak"
376,"Perdesaan","SD",56,12858.69,888.86,5.7,43.6,"ya"
887,"Perdesaan","SMP",27,16782.29,1077.51,11.4,46.2,"tidak"
578,"Perkotaan","SMA",47,11017.87,837.6,12.1,NA,"ya"
345,"Perkotaan","SMP",21,NA,419.83,4.9,36.8,"tidak"
8,"Perkotaan","SMA",42,9320.88,544.15,10.1,43.4,"tidak"
2,"Perdesaan","SD",57,18642.4,1119.84,5.7,NA,"tidak"
919,"Perkotaan","PT",60,17387.11,1181.62,14.1,49.9,"ya"
228,"Perdesaan","SMA",28,30533.48,1907.04,11.7,44.7,"tidak"
650,"Perdesaan","SMA",25,20170.07,1379.43,10.2,51.5,"tidak"
130,"Perkotaan","PT",43,25418.49,1417.35,15.8,67.1,"ya"
555,"Perdesaan","SD",66,NA,1164.73,4,24.2,"ya"
49,"Perkotaan","SD",68,7566.3,660.98,3.9,35.7,"tidak"
40,"Perkotaan","SMA",42,22556.64,1444.97,12,56,"tidak"
593,"Perkotaan","SMA",57,25694.69,1646.02,13.4,58.3,"ya"
582,"Perdesaan","SMA",50,NA,954.58,10.3,53,"tidak"
462,"PERKOTAAN","SMP",25,31686.64,2142.69,6.1,49.7,"tidak"
291,"Perkotaan","SMP",46,20010.97,1098.28,9.8,60.6,"ya"
983,"Perdesaan","SMA",30,14983.75,1009.56,8.8,44.3,"tidak"
923,"Perkotaan","SD",59,12493.19,807.56,4.5,51,"tidak"
55,"Perkotaan","SMA",22,18230.34,1128.76,12.2,69.6,"tidak"
525,"Perdesaan","SD",50,19933.57,1327,4.4,37.8,"tidak"
387,"Perdesaan","SMP",26,12798.66,704.5,11,46.4,"tidak"
540,"Perkotaan","SD",23,NA,826.73,3.8,36.2,"ya"
176,"Perdesaan","SMP",67,9625.39,587.47,9.9,49.6,"tidak"
529,"Perkotaan","SMA",42,6488.77,476.13,13.3,62.7,"ya"
656,"Perkotaan","SD",54,NA,392.75,3.9,33.6,"tidak"
467,"Perdesaan","SMA",46,29774.62,1999.74,11.9,52.6,"ya"
703,"Perkotaan","smp",24,19522.63,1397.58,6.8,37.1,"tidak"
354,"Perkotaan","SD",29,10261.03,779.54,6,38.1,"ya"
912,"Perkotaan","SMA",56,18897.59,1427.44,12.2,54.3,"ya"
598,"Perdesaan","SMA",62,6603.45,623.69,8.3,47.2,"tidak"
95,"Perdesaan","SMA",58,NA,1070.16,11.2,68.6,"ya"
242,"Perdesaan","SMP",26,14200.67,839.38,8.8,56.1,"tidak"
277,"Perdesaan","SMA",27,11558.06,657.09,12.4,49.6,"ya"
614,"Perdesaan","SD",28,NA,809.35,4.1,36.4,"tidak"
758,"Perkotaan","SMA",42,11080.8,748.12,9.2,57.3,"ya"
786,"Perdesaan","SD",56,9384.75,682.74,3.8,44,"tidak"
371,"Perdesaan","PT",47,NA,1126.88,17.9,67.6,"ya"
15,"Perdesaan","PT",60,18877.95,1341.03,13.4,53.6,"ya"
604,"Perkotaan","SMA",52,22462.94,1408.7,9.4,49.1,"ya"
87,"Perdesaan","SD",62,NA,1045.45,3.4,30.4,"tidak"
82,"Perkotaan","PT",59,13223.81,869.33,11.2,64.3,"ya"
527,"Perkotaan","SMP",67,13146.29,982.59,5.9,35.8,"ya"
283,"Perkotaan","SMA",55,10527.86,603.77,8.2,44.7,"ya"
866,"Perdesaan","SD",46,5177.25,371.93,5.8,NA,"tidak"
784,"Perdesaan","SMA",46,7397.48,396.52,12.6,NA,"tidak"
557,"Perdesaan","SMA",21,NA,254.57,9.2,58.4,"tidak"
431,"Perkotaan","SMP",70,16825.08,895.74,8.8,41.5,"tidak"
435,"PERKOTAAN","SMP",25,22223.49,1628.39,7.4,39.1,"ya"
515,"Perkotaan","SMA",44,14918.72,807.62,11.1,56.8,"ya"
358,"Perdesaan","PT",59,NA,771.67,17.4,68.5,"ya"
609,"Perkotaan","SMP",22,16285.71,974.62,4.8,29.9,"ya"
48,"Perdesaan","SMP",28,14603.3,814.39,7.5,37.8,"tidak"
231,"Perkotaan","SD",29,22920.92,1500.31,4.5,31.8,"ya"
942,"Perkotaan","PT",32,20530.62,1255.05,11.8,52.9,"ya"
449,"Perkotaan","SMP",38,17366.41,1098.57,8.1,47.9,"tidak"
360,"Perdesaan","PT",48,35609.27,2174.08,16.5,70.8,"ya"
654,"Perkotaan","SMP",60,18858.61,1173.44,7.7,48.7,"tidak"
720,"Perdesaan","SMA",67,9883.09,685.16,11.1,61.1,"ya"
85,"Perkotaan","SMA",24,27190.57,1796.07,11,56.2,"tidak"
779,"Perdesaan","PT",20,220449.55,1076.84,15.4,61,"ya"
370,"Perkotaan","SMP",24,22946.7,1659.26,9,46.4,"tidak"
543,"Perkotaan","SMP",48,NA,1187.18,7.8,35.7,"ya"
905,"Perkotaan","SMP",39,9581.32,544.52,4.9,45.6,"tidak"
157,"Perdesaan","SD",29,13719.97,754.71,6.4,NA,"ya"
669,"Perkotaan","SD",57,8727.38,627.67,2.8,44.5,"tidak"
868,"Perdesaan","SMP",37,21074.1,1212.33,7.2,32.7,"tidak"
325,"Perkotaan","SMA",59,11377.24,569.68,10.3,61.2,"tidak"
455,"Perkotaan","SMA",23,22164.97,1197.89,11.4,54,"tidak"
194,"Perkotaan","SMA",38,5425.97,373.67,10.8,61.6,"tidak"
864,"Perkotaan","PT",39,14170.77,965.49,15.6,67.9,"tidak"
517,"Perkotaan","SMA",29,13059.5,729.78,10.2,42.3,"tidak"
951,"Perkotaan","sma",54,8677.95,701.45,11.1,NA,"ya"
274,"Perkotaan","smp",69,332201.61,1281.03,8.4,39.2,"tidak"
998,"Perkotaan","SD",52,8231.24,415.64,5.2,39.3,"tidak"
754,"Perkotaan","SMA",54,6666,413.28,10.1,42.2,"ya"
863,"Perdesaan","PT",46,14715.11,936.05,15.5,59.8,"ya"
74,"Perkotaan","SMP",47,21124.83,1155.94,8.7,47.2,"tidak"
303,"Perkotaan","SMP",51,5677.85,388.07,7.9,41.9,"tidak"
471,"Perdesaan","SD",56,NA,421.18,3.6,39.5,"ya"
771,"Perdesaan","PT",42,NA,1647.7,16.7,85.1,"ya"
320,"Perdesaan","SMA",31,8668.42,341.76,11.5,NA,"tidak"
929,"Perkotaan","SMA",68,13456.35,800.59,6.6,34.1,"tidak"
767,"Perkotaan","SMP",49,14393.3,862.19,7.7,59.5,"ya"
559,"Perkotaan","SMP",36,14501.19,1023.57,7.3,35.5,"ya"
898,"Perkotaan","SMA",54,28499.74,1522.23,11.3,46.7,"tidak"
713,"Perdesaan","SMA",26,13392.32,1065.45,11.6,61.4,"ya"
433,"Perdesaan","SD",32,8754.55,496.85,4.6,47.9,"ya"
974,"Perkotaan","PT",59,15245.77,1070.28,16.2,69.6,"ya"
601,"Perdesaan","SMA",40,NA,1601.15,9.2,52.4,"tidak"
637,"Perkotaan","SMP",41,8093.99,597.51,5.5,48.8,"ya"
312,"Perdesaan","SMA",56,21724.6,1386.8,10.8,58.1,"tidak"
323,"Perkotaan","SMA",52,16896.88,988.88,10.5,58.8,"ya"
848,"Perdesaan","SMP",23,14676.73,840.24,9.2,59,"tidak"
288,"Perdesaan","SMA",48,NA,2820.18,13,62.1,"ya"
459,"Perdesaan","PT",64,NA,1530.15,14.8,69.8,"ya"
657,"Perdesaan","SMA",54,10462,487.09,8.2,53,"tidak"
239,"Perkotaan","SMP",41,6544.72,391.23,10.1,39.7,"tidak"
250,"Perdesaan","SMA",45,NA,864.21,11.7,61.7,"tidak"
423,"Perkotaan","PT",34,NA,3276.55,14.7,66,"ya"
93,"Perdesaan","SMA",38,7186.86,581.39,12.1,52.8,"tidak"
537,"Perkotaan","SMA",31,29362,1617.05,11,58.2,"ya"
972,"Perdesaan","SMA",61,NA,1717.73,14.8,61.7,"tidak"
165,"Perdesaan","SMA",67,8696.88,485.91,10.1,51.7,"tidak"
836,"Perkotaan","SD",55,296466.69,818.71,4.2,39.1,"tidak"
986,"Perdesaan","SMP",38,NA,2525.43,6.2,46.1,"ya"
939,"Perdesaan","SD",50,10728.46,496.58,1.7,19.2,"tidak"
162,"Perkotaan","SD",46,28933.94,1829.21,5.2,51,"ya"
11,"Perkotaan","PT",40,11871.23,765.96,17.1,NA,"ya"
46,"Perkotaan","SMP",34,NA,852.87,9.2,55.6,"ya"
600,"Perdesaan","SMP",58,NA,476.59,5.7,43.7,"tidak"
138,"Perdesaan","SMP",29,21337.16,1096.01,8.7,54.7,"tidak"
121,"Perkotaan","SMA",41,11612.81,901.94,9.4,51.4,"ya"
766,"Perdesaan","SMP",56,25026.18,1523.11,8.6,50.8,"tidak"
652,"Perdesaan","SMA",43,NA,594.2,7.5,NA,"ya"
911,"Perkotaan","SMA",44,16870.21,1043.13,12.9,48,"ya"
576,"Perdesaan","SMA",24,29244.45,1757.07,14,70.6,"ya"
394,"Perkotaan","SMA",49,31591.54,1779.22,11.3,44.8,"ya"
489,"Perkotaan","SMA",66,NA,1056.72,13.1,42,"ya"
342,"Perkotaan","PT",32,8920.72,459.6,13.8,67.9,"ya"
313,"Perkotaan","SD",54,NA,361.96,3.7,33.1,"tidak"
331,"Perkotaan","SMA",62,20064.61,1420.76,12.3,63.7,"ya"
796,"Perdesaan","SMA",37,NA,773.95,11.1,47.6,"ya"
356,"Perdesaan","SMP",55,NA,1462.31,6,37.8,"ya"
534,"PERKOTAAN","SMA",37,34438.63,2035.16,10.7,48,"ya"
704,"Perdesaan","SMA",53,8914.59,509.23,10.4,55.1,"ya"
958,"Perdesaan","SD",46,NA,497.14,3.3,41.2,"tidak"
817,"Perkotaan","SMA",54,11737.31,766.64,12.2,81.2,"ya"
902,"Perdesaan","PT",43,19359.58,1211.34,17.4,74.2,"ya"
301,"Perkotaan","SMP",64,NA,391.74,8.3,58.7,"ya"
70,"Perdesaan","SMA",53,NA,457.59,11.6,72.5,"ya"
969,"Perdesaan","SMA",59,17660.45,1009.62,12.1,64.9,"tidak"
369,"Perdesaan","PT",27,12100.5,711.6,15,67.4,"ya"
702,"Perkotaan","SMP",35,16608.86,1119.06,11.5,58.9,"ya"
765,"Perkotaan","SMP",62,10199.87,551.09,8.5,46.6,"ya"
985,"Perdesaan","SMP",53,16112.95,775.35,8.5,60,"ya"
363,"Perdesaan","SMP",50,NA,1417.89,10.7,62.7,"ya"
333,"Perdesaan","SD",46,11389.65,706.67,0.4,15.1,"tidak"
991,"PERKOTAAN","SMA",66,10776.36,766.26,11.7,NA,"ya"
289,"Perkotaan","SMA",68,33609.33,2038.06,10.4,52,"tidak"
800,"Perdesaan","SMA",56,6945.31,571.41,10.1,39.1,"tidak"
752,"Perdesaan","PT",25,NA,1344.09,14.8,60.1,"ya"
389,"Perdesaan","SMA",49,13304.17,975.89,15,70.9,"ya"
153,"Perdesaan","PT",50,16101.62,1127.94,15.7,64.6,"tidak"
516,"Perkotaan","SMP",31,9648.73,672.39,7.5,57,"ya"
337,"Perdesaan","SD",31,NA,696.71,2.1,34.3,"ya"
37,"Perdesaan","SD",31,8276.24,437.95,7.2,NA,"tidak"
696,"Perdesaan","SMA",52,34249.78,2201.15,10.7,66.3,"ya"
8,"Perkotaan","SMA",42,9320.88,544.15,10.1,43.4,"tidak"
865,"Perkotaan","SMP",31,8553.5,575.14,6.7,45.4,"ya"
783,"Perkotaan","SMA",21,11486.27,725.91,10.5,47.4,"tidak"
796,"Perdesaan","SMA",37,NA,773.95,11.1,47.6,"ya"
465,"Perdesaan","SMP",48,20941.47,1441.98,8,38.9,"tidak"
321,"Perkotaan","SMA",30,12929.66,791.81,10.9,NA,"ya"
714,"Perdesaan","SMP",63,14002.78,960.22,7.2,48,"tidak"
16,"Perkotaan","SMA",49,27827.06,1793.57,9,NA,"ya"
550,"Perdesaan","SMA",23,1115509.15,2492.03,9.9,53.6,"ya"
795,"Perdesaan","SMP",36,13808.72,853.75,8.4,42.3,"tidak"
222,"Perdesaan","SMA",50,NA,372.58,10,NA,"tidak"
49,"Perkotaan","SD",68,7566.3,660.98,3.9,35.7,"tidak"
523,"Perkotaan","SD",47,11810.76,681.5,2.9,26.6,"tidak"
83,"Perkotaan","SMA",50,11458.66,687.48,10.2,62.5,"ya"
