"wilayah","bulan","tahun","bulan_ke","nilai"
"W01",1,2016,1,51.56
"W01",2,2016,2,46.76
"W01",3,2016,3,37.44
"W01",4,2016,4,26.84
"W01",5,2016,5,14.77
"W01",6,2016,6,-1.14
"W01",7,2016,7,-16.1
"W01",8,2016,8,-30.24
"W01",9,2016,9,-40.39
"W01",10,2016,10,-46.74
"W01",11,2016,11,-47.82
"W01",12,2016,12,-43.77
"W01",13,2017,1,-34.5
"W01",14,2017,2,-22.55
"W01",15,2017,3,-14.23
"W01",16,2017,4,-4.55
"W01",17,2017,5,0.57
"W01",18,2017,6,-0.93
"W01",19,2017,7,-9.55
"W01",20,2017,8,-19.75
"W01",21,2017,9,-30.85
"W01",22,2017,10,-39.1
"W01",23,2017,11,-43.94
"W01",24,2017,12,-39.28
"W01",25,2018,1,-30.26
"W01",26,2018,2,-16.28
"W01",27,2018,3,-2.31
"W01",28,2018,4,5.72
"W01",29,2018,5,8.09
"W01",30,2018,6,5.95
"W01",31,2018,7,-3.94
"W01",32,2018,8,-16.56
"W01",33,2018,9,-29.29
"W01",34,2018,10,-37.89
"W01",35,2018,11,-40.93
"W01",36,2018,12,-36.48
"W01",37,2019,1,-27.35
"W01",38,2019,2,-17.82
"W01",39,2019,3,-7.16
"W01",40,2019,4,-0.89
"W01",41,2019,5,-0.51
"W01",42,2019,6,-3.15
"W01",43,2019,7,-12.39
"W01",44,2019,8,-22.84
"W01",45,2019,9,-34.14
"W01",46,2019,10,-39.61
"W01",47,2019,11,-40.15
"W01",48,2019,12,-36.93
"W01",49,2020,1,-27.97
"W01",50,2020,2,-16.56
"W01",51,2020,3,-7.74
"W01",52,2020,4,-1.32
"W01",53,2020,5,-0.47
"W01",54,2020,6,-3.37
"W01",55,2020,7,-11.9
"W01",56,2020,8,-22.88
"W01",57,2020,9,-34.97
"W01",58,2020,10,-43.96
"W01",59,2020,11,-46.03
"W01",60,2020,12,-43.15
"W01",61,2021,1,-34.42
"W01",62,2021,2,-22.18
"W01",63,2021,3,-10.51
"W01",64,2021,4,-2.37
"W01",65,2021,5,-1.66
"W01",66,2021,6,-5.39
"W01",67,2021,7,-15.51
"W01",68,2021,8,-24.55
"W01",69,2021,9,-35.11
"W01",70,2021,10,-41.83
"W01",71,2021,11,-42.76
"W01",72,2021,12,-38.62
"W01",73,2022,1,-28.15
"W01",74,2022,2,-17.79
"W01",75,2022,3,-6.96
"W01",76,2022,4,-0.86
"W01",77,2022,5,4.03
"W01",78,2022,6,2.39
"W01",79,2022,7,-6.31
"W01",80,2022,8,-17.06
"W01",81,2022,9,-30.1
"W01",82,2022,10,-37.03
"W01",83,2022,11,-41.37
"W01",84,2022,12,-41.22
"W01",85,2023,1,-33.99
"W01",86,2023,2,-21.55
"W01",87,2023,3,-9.66
"W01",88,2023,4,-2.25
"W01",89,2023,5,2.19
"W01",90,2023,6,3.12
"W01",91,2023,7,-6.82
"W01",92,2023,8,-17.07
"W01",93,2023,9,-28.93
"W01",94,2023,10,-36.3
"W01",95,2023,11,-41.91
"W01",96,2023,12,-40.42
"W01",97,2024,1,-34.01
"W01",98,2024,2,-23.81
"W01",99,2024,3,-13.97
"W01",100,2024,4,-5.03
"W01",101,2024,5,0.7
"W01",102,2024,6,-1.55
"W01",103,2024,7,-9.58
"W01",104,2024,8,-22.02
"W01",105,2024,9,-31.83
"W01",106,2024,10,-38.28
"W01",107,2024,11,-42.72
"W01",108,2024,12,-38.1
"W01",109,2025,1,-31.04
"W01",110,2025,2,-21.93
"W01",111,2025,3,-13.5
"W01",112,2025,4,-7.49
"W01",113,2025,5,-4.77
"W01",114,2025,6,-5.85
"W01",115,2025,7,-13.16
"W01",116,2025,8,-23.29
"W01",117,2025,9,-33.59
"W01",118,2025,10,-39.06
"W01",119,2025,11,-37.51
"W01",120,2025,12,-34.8
"W02",1,2016,1,55.72
"W02",2,2016,2,56.4
"W02",3,2016,3,45.84
"W02",4,2016,4,34.37
"W02",5,2016,5,18.91
"W02",6,2016,6,4.82
"W02",7,2016,7,-10.24
"W02",8,2016,8,-24.4
"W02",9,2016,9,-35.12
"W02",10,2016,10,-40.67
"W02",11,2016,11,-42.1
"W02",12,2016,12,-34.63
"W02",13,2017,1,-24.51
"W02",14,2017,2,-14.15
"W02",15,2017,3,-4.04
"W02",16,2017,4,2.38
"W02",17,2017,5,2.26
"W02",18,2017,6,-1.54
"W02",19,2017,7,-8.62
"W02",20,2017,8,-18.74
"W02",21,2017,9,-29.02
"W02",22,2017,10,-36.82
"W02",23,2017,11,-38.78
"W02",24,2017,12,-37.7
"W02",25,2018,1,-29.06
"W02",26,2018,2,-19.43
"W02",27,2018,3,-8.74
"W02",28,2018,4,0.1
"W02",29,2018,5,3.39
"W02",30,2018,6,-1.99
"W02",31,2018,7,-10.98
"W02",32,2018,8,-21.56
"W02",33,2018,9,-30.62
"W02",34,2018,10,-37.07
"W02",35,2018,11,-38.75
"W02",36,2018,12,-34.16
"W02",37,2019,1,-27.25
"W02",38,2019,2,-18.36
"W02",39,2019,3,-8.7
"W02",40,2019,4,-0.94
"W02",41,2019,5,3.7
"W02",42,2019,6,-0.16
"W02",43,2019,7,-10.09
"W02",44,2019,8,-20.65
"W02",45,2019,9,-31.84
"W02",46,2019,10,-40
"W02",47,2019,11,-41.83
"W02",48,2019,12,-39.14
"W02",49,2020,1,-32.12
"W02",50,2020,2,-21.7
"W02",51,2020,3,-11.22
"W02",52,2020,4,-4.03
"W02",53,2020,5,0.24
"W02",54,2020,6,-2.56
"W02",55,2020,7,-10.21
"W02",56,2020,8,-20.62
"W02",57,2020,9,-33.78
"W02",58,2020,10,-41.66
"W02",59,2020,11,-41.77
"W02",60,2020,12,-37.48
"W02",61,2021,1,-30.14
"W02",62,2021,2,-17.78
"W02",63,2021,3,-6.3
"W02",64,2021,4,2.75
"W02",65,2021,5,5.57
"W02",66,2021,6,2.58
"W02",67,2021,7,-4.25
"W02",68,2021,8,-14.75
"W02",69,2021,9,-26
"W02",70,2021,10,-36
"W02",71,2021,11,-39.49
"W02",72,2021,12,-37.74
"W02",73,2022,1,-27.35
"W02",74,2022,2,-15.53
"W02",75,2022,3,-6.22
"W02",76,2022,4,2.7
"W02",77,2022,5,4.54
"W02",78,2022,6,-1.77
"W02",79,2022,7,-12.71
"W02",80,2022,8,-24.23
"W02",81,2022,9,-35.18
"W02",82,2022,10,-41.62
"W02",83,2022,11,-43.52
"W02",84,2022,12,-42.27
"W02",85,2023,1,-34.66
"W02",86,2023,2,-20.63
"W02",87,2023,3,-8.81
"W02",88,2023,4,-1.36
"W02",89,2023,5,1.1
"W02",90,2023,6,0.3
"W02",91,2023,7,-8.34
"W02",92,2023,8,-18.66
"W02",93,2023,9,-30.44
"W02",94,2023,10,-39.3
"W02",95,2023,11,-42.93
"W02",96,2023,12,-38.88
"W02",97,2024,1,-29.43
"W02",98,2024,2,-16.59
"W02",99,2024,3,-4
"W02",100,2024,4,6.69
"W02",101,2024,5,9.26
"W02",102,2024,6,1.01
"W02",103,2024,7,-10.66
"W02",104,2024,8,-24.06
"W02",105,2024,9,-35.69
"W02",106,2024,10,-41.37
"W02",107,2024,11,-43.45
"W02",108,2024,12,-40.82
"W02",109,2025,1,-31.79
"W02",110,2025,2,-19.19
"W02",111,2025,3,-8.02
"W02",112,2025,4,0.38
"W02",113,2025,5,3.79
"W02",114,2025,6,1.07
"W02",115,2025,7,-8.16
"W02",116,2025,8,-18.84
"W02",117,2025,9,-33.06
"W02",118,2025,10,-41.18
"W02",119,2025,11,-43.03
"W02",120,2025,12,-36.39
"W03",1,2016,1,50.79
"W03",2,2016,2,50.33
"W03",3,2016,3,43.73
"W03",4,2016,4,34.24
"W03",5,2016,5,22.11
"W03",6,2016,6,8.2
"W03",7,2016,7,-6.5
"W03",8,2016,8,-22.51
"W03",9,2016,9,-33.49
"W03",10,2016,10,-41.68
"W03",11,2016,11,-44.44
"W03",12,2016,12,-39.84
"W03",13,2017,1,-31.35
"W03",14,2017,2,-20.21
"W03",15,2017,3,-7.02
"W03",16,2017,4,0.63
"W03",17,2017,5,2.63
"W03",18,2017,6,1.11
"W03",19,2017,7,-7.28
"W03",20,2017,8,-19.57
"W03",21,2017,9,-30.83
"W03",22,2017,10,-38.06
"W03",23,2017,11,-41.62
"W03",24,2017,12,-39.09
"W03",25,2018,1,-31.31
"W03",26,2018,2,-21.7
"W03",27,2018,3,-11.01
"W03",28,2018,4,-0.43
"W03",29,2018,5,4.66
"W03",30,2018,6,0.99
"W03",31,2018,7,-7.36
"W03",32,2018,8,-19.19
"W03",33,2018,9,-30.91
"W03",34,2018,10,-37.97
"W03",35,2018,11,-39.71
"W03",36,2018,12,-35.25
"W03",37,2019,1,-26.55
"W03",38,2019,2,-17.25
"W03",39,2019,3,-8.31
"W03",40,2019,4,-3.13
"W03",41,2019,5,-0.3
"W03",42,2019,6,-1.07
"W03",43,2019,7,-10.47
"W03",44,2019,8,-21.69
"W03",45,2019,9,-31.68
"W03",46,2019,10,-39.35
"W03",47,2019,11,-43.08
"W03",48,2019,12,-41.57
"W03",49,2020,1,-31.78
"W03",50,2020,2,-20.12
"W03",51,2020,3,-7.19
"W03",52,2020,4,0.35
"W03",53,2020,5,4.48
"W03",54,2020,6,2.19
"W03",55,2020,7,-6.24
"W03",56,2020,8,-16.35
"W03",57,2020,9,-28.15
"W03",58,2020,10,-37.53
"W03",59,2020,11,-41.26
"W03",60,2020,12,-38.82
"W03",61,2021,1,-31.17
"W03",62,2021,2,-20.55
"W03",63,2021,3,-10.87
"W03",64,2021,4,-1.8
"W03",65,2021,5,0.47
"W03",66,2021,6,-3.67
"W03",67,2021,7,-13.01
"W03",68,2021,8,-21.48
"W03",69,2021,9,-30.22
"W03",70,2021,10,-36.46
"W03",71,2021,11,-41.74
"W03",72,2021,12,-40.3
"W03",73,2022,1,-30.97
"W03",74,2022,2,-17.43
"W03",75,2022,3,-8.67
"W03",76,2022,4,-5.07
"W03",77,2022,5,-5.35
"W03",78,2022,6,-10.33
"W03",79,2022,7,-16.47
"W03",80,2022,8,-24.5
"W03",81,2022,9,-30.73
"W03",82,2022,10,-36.31
"W03",83,2022,11,-39.04
"W03",84,2022,12,-34.2
"W03",85,2023,1,-25.1
"W03",86,2023,2,-13.8
"W03",87,2023,3,-2.46
"W03",88,2023,4,4.04
"W03",89,2023,5,5.66
"W03",90,2023,6,2.78
"W03",91,2023,7,-8.81
"W03",92,2023,8,-21.44
"W03",93,2023,9,-34.05
"W03",94,2023,10,-43.37
"W03",95,2023,11,-46.98
"W03",96,2023,12,-42.7
"W03",97,2024,1,-33.26
"W03",98,2024,2,-22.73
"W03",99,2024,3,-10.62
"W03",100,2024,4,-1.17
"W03",101,2024,5,2.98
"W03",102,2024,6,0.76
"W03",103,2024,7,-5.69
"W03",104,2024,8,-17.59
"W03",105,2024,9,-30.27
"W03",106,2024,10,-38.08
"W03",107,2024,11,-40.14
"W03",108,2024,12,-35.49
"W03",109,2025,1,-27.31
"W03",110,2025,2,-16.13
"W03",111,2025,3,-4.3
"W03",112,2025,4,2.1
"W03",113,2025,5,6.02
"W03",114,2025,6,1.56
"W03",115,2025,7,-10.05
"W03",116,2025,8,-22.63
"W03",117,2025,9,-33.48
"W03",118,2025,10,-41.82
"W03",119,2025,11,-45.63
"W03",120,2025,12,-43.16
"W04",1,2016,1,53.37
"W04",2,2016,2,43.7
"W04",3,2016,3,29.68
"W04",4,2016,4,16.83
"W04",5,2016,5,8.18
"W04",6,2016,6,-0.1
"W04",7,2016,7,-11.98
"W04",8,2016,8,-24.06
"W04",9,2016,9,-33.82
"W04",10,2016,10,-39.96
"W04",11,2016,11,-40.99
"W04",12,2016,12,-36.97
"W04",13,2017,1,-28.32
"W04",14,2017,2,-19.58
"W04",15,2017,3,-6.77
"W04",16,2017,4,1.29
"W04",17,2017,5,4.34
"W04",18,2017,6,-1.06
"W04",19,2017,7,-10.79
"W04",20,2017,8,-21.14
"W04",21,2017,9,-31.37
"W04",22,2017,10,-38.53
"W04",23,2017,11,-42.87
"W04",24,2017,12,-39.56
"W04",25,2018,1,-31.88
"W04",26,2018,2,-23.17
"W04",27,2018,3,-11.75
"W04",28,2018,4,-3.04
"W04",29,2018,5,-0.54
"W04",30,2018,6,-2.92
"W04",31,2018,7,-13.01
"W04",32,2018,8,-21.24
"W04",33,2018,9,-33.99
"W04",34,2018,10,-41.68
"W04",35,2018,11,-44.11
"W04",36,2018,12,-42.04
"W04",37,2019,1,-33.24
"W04",38,2019,2,-22
"W04",39,2019,3,-8.41
"W04",40,2019,4,-0.96
"W04",41,2019,5,3.46
"W04",42,2019,6,1.53
"W04",43,2019,7,-8.13
"W04",44,2019,8,-20.31
"W04",45,2019,9,-33
"W04",46,2019,10,-44.11
"W04",47,2019,11,-44.61
"W04",48,2019,12,-37.72
"W04",49,2020,1,-27.88
"W04",50,2020,2,-18.67
"W04",51,2020,3,-8.07
"W04",52,2020,4,-1.87
"W04",53,2020,5,1.13
"W04",54,2020,6,-0.53
"W04",55,2020,7,-7.91
"W04",56,2020,8,-18.94
"W04",57,2020,9,-28.61
"W04",58,2020,10,-34.93
"W04",59,2020,11,-37.2
"W04",60,2020,12,-34.96
"W04",61,2021,1,-26.64
"W04",62,2021,2,-16.1
"W04",63,2021,3,-4.1
"W04",64,2021,4,1.51
"W04",65,2021,5,2.62
"W04",66,2021,6,0.14
"W04",67,2021,7,-8.97
"W04",68,2021,8,-22.89
"W04",69,2021,9,-33.78
"W04",70,2021,10,-41.96
"W04",71,2021,11,-44.93
"W04",72,2021,12,-40.21
"W04",73,2022,1,-28.08
"W04",74,2022,2,-15.75
"W04",75,2022,3,-3.72
"W04",76,2022,4,0.66
"W04",77,2022,5,1.62
"W04",78,2022,6,-4.7
"W04",79,2022,7,-15.99
"W04",80,2022,8,-25.1
"W04",81,2022,9,-33.2
"W04",82,2022,10,-38.59
"W04",83,2022,11,-41.05
"W04",84,2022,12,-39.74
"W04",85,2023,1,-31.6
"W04",86,2023,2,-22
"W04",87,2023,3,-7.9
"W04",88,2023,4,1.34
"W04",89,2023,5,4.67
"W04",90,2023,6,-0.98
"W04",91,2023,7,-9.6
"W04",92,2023,8,-19.16
"W04",93,2023,9,-29.2
"W04",94,2023,10,-36.99
"W04",95,2023,11,-37.91
"W04",96,2023,12,-33.73
"W04",97,2024,1,-25.22
"W04",98,2024,2,-13.66
"W04",99,2024,3,-3.24
"W04",100,2024,4,7.69
"W04",101,2024,5,10.56
"W04",102,2024,6,7.24
"W04",103,2024,7,-1.42
"W04",104,2024,8,-13.22
"W04",105,2024,9,-24.41
"W04",106,2024,10,-33.27
"W04",107,2024,11,-40.31
"W04",108,2024,12,-40.54
"W04",109,2025,1,-30.25
"W04",110,2025,2,-15.69
"W04",111,2025,3,-4.15
"W04",112,2025,4,-0.45
"W04",113,2025,5,-0.76
"W04",114,2025,6,-6.85
"W04",115,2025,7,-17.57
"W04",116,2025,8,-26.75
"W04",117,2025,9,-35.35
"W04",118,2025,10,-39.34
"W04",119,2025,11,-42.12
"W04",120,2025,12,-40.35
"W05",1,2016,1,51.93
"W05",2,2016,2,53.47
"W05",3,2016,3,45.23
"W05",4,2016,4,32.32
"W05",5,2016,5,21.64
"W05",6,2016,6,10.87
"W05",7,2016,7,-1.68
"W05",8,2016,8,-15.04
"W05",9,2016,9,-29.72
"W05",10,2016,10,-42.42
"W05",11,2016,11,-43.67
"W05",12,2016,12,-39.09
"W05",13,2017,1,-31.36
"W05",14,2017,2,-18.28
"W05",15,2017,3,-7.6
"W05",16,2017,4,-0.72
"W05",17,2017,5,2.14
"W05",18,2017,6,-2.95
"W05",19,2017,7,-12.36
"W05",20,2017,8,-24.8
"W05",21,2017,9,-33.8
"W05",22,2017,10,-39.82
"W05",23,2017,11,-41.97
"W05",24,2017,12,-36.69
"W05",25,2018,1,-28.04
"W05",26,2018,2,-17.65
"W05",27,2018,3,-7.25
"W05",28,2018,4,-0.83
"W05",29,2018,5,1.31
"W05",30,2018,6,-0.69
"W05",31,2018,7,-8.17
"W05",32,2018,8,-16.82
"W05",33,2018,9,-28.18
"W05",34,2018,10,-37.28
"W05",35,2018,11,-39.05
"W05",36,2018,12,-37.73
"W05",37,2019,1,-32.56
"W05",38,2019,2,-21.62
"W05",39,2019,3,-10.95
"W05",40,2019,4,-4.13
"W05",41,2019,5,-2.53
"W05",42,2019,6,-4.2
"W05",43,2019,7,-12.07
"W05",44,2019,8,-22.46
"W05",45,2019,9,-33.74
"W05",46,2019,10,-40.65
"W05",47,2019,11,-43.57
"W05",48,2019,12,-39.54
"W05",49,2020,1,-31.58
"W05",50,2020,2,-17.89
"W05",51,2020,3,-5.59
"W05",52,2020,4,-0.35
"W05",53,2020,5,3
"W05",54,2020,6,-0.19
"W05",55,2020,7,-8.27
"W05",56,2020,8,-17.51
"W05",57,2020,9,-27.59
"W05",58,2020,10,-32.22
"W05",59,2020,11,-35.6
"W05",60,2020,12,-33.5
"W05",61,2021,1,-26.2
"W05",62,2021,2,-15.36
"W05",63,2021,3,-4.25
"W05",64,2021,4,3.56
"W05",65,2021,5,3.63
"W05",66,2021,6,-1.65
"W05",67,2021,7,-10.59
"W05",68,2021,8,-22.39
"W05",69,2021,9,-32.77
"W05",70,2021,10,-41.19
"W05",71,2021,11,-42.48
"W05",72,2021,12,-38.27
"W05",73,2022,1,-28.96
"W05",74,2022,2,-18.09
"W05",75,2022,3,-8.53
"W05",76,2022,4,0.71
"W05",77,2022,5,2.52
"W05",78,2022,6,-2.29
"W05",79,2022,7,-11.95
"W05",80,2022,8,-20.56
"W05",81,2022,9,-30.47
"W05",82,2022,10,-36.47
"W05",83,2022,11,-40.32
"W05",84,2022,12,-38.58
"W05",85,2023,1,-31.3
"W05",86,2023,2,-19.65
"W05",87,2023,3,-8.9
"W05",88,2023,4,-0.11
"W05",89,2023,5,3.02
"W05",90,2023,6,0.08
"W05",91,2023,7,-5.29
"W05",92,2023,8,-16.79
"W05",93,2023,9,-27.24
"W05",94,2023,10,-34.16
"W05",95,2023,11,-35.1
"W05",96,2023,12,-32.06
"W05",97,2024,1,-24.92
"W05",98,2024,2,-15.32
"W05",99,2024,3,-4.93
"W05",100,2024,4,2.78
"W05",101,2024,5,4.3
"W05",102,2024,6,1.36
"W05",103,2024,7,-6.4
"W05",104,2024,8,-16.83
"W05",105,2024,9,-24.21
"W05",106,2024,10,-31.5
"W05",107,2024,11,-36.2
"W05",108,2024,12,-34.49
"W05",109,2025,1,-28.19
"W05",110,2025,2,-19.6
"W05",111,2025,3,-10.34
"W05",112,2025,4,-2.76
"W05",113,2025,5,1.57
"W05",114,2025,6,-0.3
"W05",115,2025,7,-9.23
"W05",116,2025,8,-20.82
"W05",117,2025,9,-34.01
"W05",118,2025,10,-42.63
"W05",119,2025,11,-46.81
"W05",120,2025,12,-45.28
"W06",1,2016,1,52.89
"W06",2,2016,2,49.47
"W06",3,2016,3,40.04
"W06",4,2016,4,29.7
"W06",5,2016,5,17.47
"W06",6,2016,6,4.18
"W06",7,2016,7,-10.44
"W06",8,2016,8,-24.62
"W06",9,2016,9,-37.55
"W06",10,2016,10,-43.95
"W06",11,2016,11,-44.17
"W06",12,2016,12,-40.54
"W06",13,2017,1,-29.3
"W06",14,2017,2,-17.54
"W06",15,2017,3,-7.16
"W06",16,2017,4,-1.96
"W06",17,2017,5,-0.18
"W06",18,2017,6,-4.62
"W06",19,2017,7,-12.2
"W06",20,2017,8,-22.09
"W06",21,2017,9,-30.92
"W06",22,2017,10,-38.85
"W06",23,2017,11,-43.98
"W06",24,2017,12,-40.94
"W06",25,2018,1,-31.77
"W06",26,2018,2,-18.29
"W06",27,2018,3,-6.8
"W06",28,2018,4,1.63
"W06",29,2018,5,4.74
"W06",30,2018,6,0.52
"W06",31,2018,7,-10.66
"W06",32,2018,8,-23.72
"W06",33,2018,9,-34.64
"W06",34,2018,10,-41.64
"W06",35,2018,11,-45.38
"W06",36,2018,12,-42.12
"W06",37,2019,1,-34.79
"W06",38,2019,2,-22.3
"W06",39,2019,3,-10.11
"W06",40,2019,4,-2.1
"W06",41,2019,5,1.77
"W06",42,2019,6,-2.05
"W06",43,2019,7,-8.73
"W06",44,2019,8,-20.26
"W06",45,2019,9,-33.93
"W06",46,2019,10,-43.78
"W06",47,2019,11,-46.95
"W06",48,2019,12,-43.24
"W06",49,2020,1,-35.04
"W06",50,2020,2,-23.69
"W06",51,2020,3,-11.47
"W06",52,2020,4,-2.11
"W06",53,2020,5,1.67
"W06",54,2020,6,-2.24
"W06",55,2020,7,-10.25
"W06",56,2020,8,-19.04
"W06",57,2020,9,-30.32
"W06",58,2020,10,-35.84
"W06",59,2020,11,-36.94
"W06",60,2020,12,-35.82
"W06",61,2021,1,-30.49
"W06",62,2021,2,-21.22
"W06",63,2021,3,-10.81
"W06",64,2021,4,-4.05
"W06",65,2021,5,-2.1
"W06",66,2021,6,-4.28
"W06",67,2021,7,-11.01
"W06",68,2021,8,-22.1
"W06",69,2021,9,-33.32
"W06",70,2021,10,-42.19
"W06",71,2021,11,-48.38
"W06",72,2021,12,-46.33
"W06",73,2022,1,-38.03
"W06",74,2022,2,-25.64
"W06",75,2022,3,-14.31
"W06",76,2022,4,-4.49
"W06",77,2022,5,-2.15
"W06",78,2022,6,-2.38
"W06",79,2022,7,-10.59
"W06",80,2022,8,-20.75
"W06",81,2022,9,-28.51
"W06",82,2022,10,-36.48
"W06",83,2022,11,-40.29
"W06",84,2022,12,-38.89
"W06",85,2023,1,-31.35
"W06",86,2023,2,-19.71
"W06",87,2023,3,-10.66
"W06",88,2023,4,-4.69
"W06",89,2023,5,-4.01
"W06",90,2023,6,-6.3
"W06",91,2023,7,-12.55
"W06",92,2023,8,-23.04
"W06",93,2023,9,-34.58
"W06",94,2023,10,-44.35
"W06",95,2023,11,-45.92
"W06",96,2023,12,-42.5
"W06",97,2024,1,-32.45
"W06",98,2024,2,-17.45
"W06",99,2024,3,-3.33
"W06",100,2024,4,3.73
"W06",101,2024,5,6.76
"W06",102,2024,6,1.83
"W06",103,2024,7,-7.35
"W06",104,2024,8,-18.98
"W06",105,2024,9,-29.65
"W06",106,2024,10,-37.71
"W06",107,2024,11,-40.39
"W06",108,2024,12,-36.63
"W06",109,2025,1,-31.58
"W06",110,2025,2,-22.18
"W06",111,2025,3,-10.98
"W06",112,2025,4,-2.26
"W06",113,2025,5,1.3
"W06",114,2025,6,1.06
"W06",115,2025,7,-6.44
"W06",116,2025,8,-17.6
"W06",117,2025,9,-29.27
"W06",118,2025,10,-34.58
"W06",119,2025,11,-37.92
"W06",120,2025,12,-34.31
"W07",1,2016,1,53.41
"W07",2,2016,2,47.78
"W07",3,2016,3,39.42
"W07",4,2016,4,29.8
"W07",5,2016,5,19.92
"W07",6,2016,6,5.03
"W07",7,2016,7,-10.75
"W07",8,2016,8,-25.44
"W07",9,2016,9,-36.7
"W07",10,2016,10,-43.71
"W07",11,2016,11,-45.33
"W07",12,2016,12,-40.15
"W07",13,2017,1,-29.51
"W07",14,2017,2,-15.29
"W07",15,2017,3,-2.99
"W07",16,2017,4,2.71
"W07",17,2017,5,1.82
"W07",18,2017,6,-1.08
"W07",19,2017,7,-9.72
"W07",20,2017,8,-20.37
"W07",21,2017,9,-30.52
"W07",22,2017,10,-37.25
"W07",23,2017,11,-40.42
"W07",24,2017,12,-38.22
"W07",25,2018,1,-29.97
"W07",26,2018,2,-20.17
"W07",27,2018,3,-10.04
"W07",28,2018,4,-3.09
"W07",29,2018,5,-1.89
"W07",30,2018,6,-4.74
"W07",31,2018,7,-11.44
"W07",32,2018,8,-21.23
"W07",33,2018,9,-30.92
"W07",34,2018,10,-38.42
"W07",35,2018,11,-41.36
"W07",36,2018,12,-40.61
"W07",37,2019,1,-31.45
"W07",38,2019,2,-17.8
"W07",39,2019,3,-4.89
"W07",40,2019,4,3.92
"W07",41,2019,5,6.22
"W07",42,2019,6,1.44
"W07",43,2019,7,-7.72
"W07",44,2019,8,-20.27
"W07",45,2019,9,-30.88
"W07",46,2019,10,-38.12
"W07",47,2019,11,-40.74
"W07",48,2019,12,-38.13
"W07",49,2020,1,-29.9
"W07",50,2020,2,-18.01
"W07",51,2020,3,-5.08
"W07",52,2020,4,1.03
"W07",53,2020,5,1.73
"W07",54,2020,6,0.1
"W07",55,2020,7,-7.89
"W07",56,2020,8,-16.85
"W07",57,2020,9,-28.63
"W07",58,2020,10,-35.75
"W07",59,2020,11,-40.01
"W07",60,2020,12,-39.14
"W07",61,2021,1,-31.51
"W07",62,2021,2,-20.96
"W07",63,2021,3,-11.58
"W07",64,2021,4,-5.39
"W07",65,2021,5,-2.1
"W07",66,2021,6,-5.72
"W07",67,2021,7,-11.78
"W07",68,2021,8,-19.54
"W07",69,2021,9,-30.81
"W07",70,2021,10,-41.37
"W07",71,2021,11,-47.92
"W07",72,2021,12,-44.19
"W07",73,2022,1,-36.19
"W07",74,2022,2,-22.74
"W07",75,2022,3,-10.43
"W07",76,2022,4,-3.48
"W07",77,2022,5,-1.89
"W07",78,2022,6,-4.73
"W07",79,2022,7,-9.23
"W07",80,2022,8,-18.09
"W07",81,2022,9,-30.7
"W07",82,2022,10,-40.14
"W07",83,2022,11,-45.03
"W07",84,2022,12,-43.73
"W07",85,2023,1,-34.35
"W07",86,2023,2,-22.67
"W07",87,2023,3,-9.38
"W07",88,2023,4,0.02
"W07",89,2023,5,3.31
"W07",90,2023,6,2.45
"W07",91,2023,7,-6.18
"W07",92,2023,8,-17.56
"W07",93,2023,9,-24.39
"W07",94,2023,10,-32.27
"W07",95,2023,11,-33.87
"W07",96,2023,12,-34.03
"W07",97,2024,1,-27.91
"W07",98,2024,2,-19.15
"W07",99,2024,3,-11.5
"W07",100,2024,4,-5.43
"W07",101,2024,5,0.64
"W07",102,2024,6,-1.02
"W07",103,2024,7,-9.36
"W07",104,2024,8,-18.96
"W07",105,2024,9,-30.46
"W07",106,2024,10,-38.41
"W07",107,2024,11,-40.91
"W07",108,2024,12,-38.44
"W07",109,2025,1,-31.17
"W07",110,2025,2,-18.14
"W07",111,2025,3,-6.87
"W07",112,2025,4,3.82
"W07",113,2025,5,6.58
"W07",114,2025,6,2.16
"W07",115,2025,7,-8.12
"W07",116,2025,8,-24.36
"W07",117,2025,9,-39.45
"W07",118,2025,10,-47.69
"W07",119,2025,11,-49.89
"W07",120,2025,12,-42.72
"W08",1,2016,1,51
"W08",2,2016,2,48.49
"W08",3,2016,3,41.11
"W08",4,2016,4,29.75
"W08",5,2016,5,17.93
"W08",6,2016,6,5.92
"W08",7,2016,7,-7.61
"W08",8,2016,8,-21.7
"W08",9,2016,9,-34.07
"W08",10,2016,10,-42.56
"W08",11,2016,11,-42.81
"W08",12,2016,12,-38.34
"W08",13,2017,1,-30.95
"W08",14,2017,2,-20.98
"W08",15,2017,3,-11.72
"W08",16,2017,4,-3.41
"W08",17,2017,5,-0.39
"W08",18,2017,6,-2.56
"W08",19,2017,7,-9.59
"W08",20,2017,8,-24.3
"W08",21,2017,9,-37.29
"W08",22,2017,10,-41.86
"W08",23,2017,11,-42.27
"W08",24,2017,12,-38.2
"W08",25,2018,1,-28.99
"W08",26,2018,2,-17.07
"W08",27,2018,3,-8.14
"W08",28,2018,4,-1.28
"W08",29,2018,5,2.08
"W08",30,2018,6,-0.5
"W08",31,2018,7,-8.91
"W08",32,2018,8,-20.41
"W08",33,2018,9,-32.97
"W08",34,2018,10,-41.67
"W08",35,2018,11,-43.7
"W08",36,2018,12,-40.81
"W08",37,2019,1,-32.3
"W08",38,2019,2,-20.48
"W08",39,2019,3,-7.73
"W08",40,2019,4,-1.5
"W08",41,2019,5,0.79
"W08",42,2019,6,-0.94
"W08",43,2019,7,-8.07
"W08",44,2019,8,-21.47
"W08",45,2019,9,-33.34
"W08",46,2019,10,-39.42
"W08",47,2019,11,-42.66
"W08",48,2019,12,-39.38
"W08",49,2020,1,-32.03
"W08",50,2020,2,-19.66
"W08",51,2020,3,-6.54
"W08",52,2020,4,2.29
"W08",53,2020,5,5.5
"W08",54,2020,6,1.68
"W08",55,2020,7,-4.32
"W08",56,2020,8,-13.92
"W08",57,2020,9,-27.31
"W08",58,2020,10,-39
"W08",59,2020,11,-43.47
"W08",60,2020,12,-41.26
"W08",61,2021,1,-32.68
"W08",62,2021,2,-21.67
"W08",63,2021,3,-11.16
"W08",64,2021,4,-1.65
"W08",65,2021,5,3.25
"W08",66,2021,6,1.78
"W08",67,2021,7,-6.27
"W08",68,2021,8,-16.66
"W08",69,2021,9,-30.19
"W08",70,2021,10,-41.34
"W08",71,2021,11,-43.45
"W08",72,2021,12,-40.33
"W08",73,2022,1,-31.46
"W08",74,2022,2,-17.42
"W08",75,2022,3,-6.19
"W08",76,2022,4,-0.17
"W08",77,2022,5,-2.57
"W08",78,2022,6,-7.4
"W08",79,2022,7,-15.35
"W08",80,2022,8,-23.72
"W08",81,2022,9,-33.48
"W08",82,2022,10,-40.79
"W08",83,2022,11,-43.12
"W08",84,2022,12,-39.06
"W08",85,2023,1,-29.53
"W08",86,2023,2,-19.11
"W08",87,2023,3,-8.2
"W08",88,2023,4,0.04
"W08",89,2023,5,2.84
"W08",90,2023,6,1.51
"W08",91,2023,7,-8.88
"W08",92,2023,8,-20.12
"W08",93,2023,9,-29.43
"W08",94,2023,10,-38.67
"W08",95,2023,11,-41.89
"W08",96,2023,12,-40.33
"W08",97,2024,1,-33.06
"W08",98,2024,2,-21.93
"W08",99,2024,3,-10.77
"W08",100,2024,4,0.35
"W08",101,2024,5,4.15
"W08",102,2024,6,-0.86
"W08",103,2024,7,-11
"W08",104,2024,8,-23.01
"W08",105,2024,9,-34.44
"W08",106,2024,10,-41.02
"W08",107,2024,11,-43.74
"W08",108,2024,12,-39.44
"W08",109,2025,1,-31.08
"W08",110,2025,2,-21.51
"W08",111,2025,3,-11
"W08",112,2025,4,-3.75
"W08",113,2025,5,-0.72
"W08",114,2025,6,-0.94
"W08",115,2025,7,-7.98
"W08",116,2025,8,-18.96
"W08",117,2025,9,-32.17
"W08",118,2025,10,-40.57
"W08",119,2025,11,-43.48
"W08",120,2025,12,-38.03
"W09",1,2016,1,44.16
"W09",2,2016,2,47.49
"W09",3,2016,3,40.75
"W09",4,2016,4,30.86
"W09",5,2016,5,18.37
"W09",6,2016,6,5.35
"W09",7,2016,7,-5.11
"W09",8,2016,8,-18.54
"W09",9,2016,9,-30.73
"W09",10,2016,10,-40.31
"W09",11,2016,11,-42.04
"W09",12,2016,12,-40.13
"W09",13,2017,1,-32.85
"W09",14,2017,2,-21.43
"W09",15,2017,3,-8.8
"W09",16,2017,4,0.19
"W09",17,2017,5,4.1
"W09",18,2017,6,-0.92
"W09",19,2017,7,-10.8
"W09",20,2017,8,-22.41
"W09",21,2017,9,-31.68
"W09",22,2017,10,-38.73
"W09",23,2017,11,-41.51
"W09",24,2017,12,-38.34
"W09",25,2018,1,-31.77
"W09",26,2018,2,-23.26
"W09",27,2018,3,-12.17
"W09",28,2018,4,-4.82
"W09",29,2018,5,-1.15
"W09",30,2018,6,-5.05
"W09",31,2018,7,-13.82
"W09",32,2018,8,-24.12
"W09",33,2018,9,-35.52
"W09",34,2018,10,-42.97
"W09",35,2018,11,-44.41
"W09",36,2018,12,-37.93
"W09",37,2019,1,-29.35
"W09",38,2019,2,-17.8
"W09",39,2019,3,-6.05
"W09",40,2019,4,4.91
"W09",41,2019,5,10.33
"W09",42,2019,6,7.97
"W09",43,2019,7,0.18
"W09",44,2019,8,-13.05
"W09",45,2019,9,-24.91
"W09",46,2019,10,-35.33
"W09",47,2019,11,-39.03
"W09",48,2019,12,-36.73
"W09",49,2020,1,-30.06
"W09",50,2020,2,-19.28
"W09",51,2020,3,-7.37
"W09",52,2020,4,1.54
"W09",53,2020,5,2.69
"W09",54,2020,6,-3.56
"W09",55,2020,7,-12.96
"W09",56,2020,8,-25.51
"W09",57,2020,9,-36.03
"W09",58,2020,10,-42.79
"W09",59,2020,11,-44.97
"W09",60,2020,12,-43.31
"W09",61,2021,1,-35.54
"W09",62,2021,2,-24.34
"W09",63,2021,3,-14.76
"W09",64,2021,4,-5.46
"W09",65,2021,5,-1.42
"W09",66,2021,6,-3.24
"W09",67,2021,7,-9.57
"W09",68,2021,8,-18.08
"W09",69,2021,9,-30.12
"W09",70,2021,10,-35.46
"W09",71,2021,11,-38.71
"W09",72,2021,12,-36.3
"W09",73,2022,1,-28.2
"W09",74,2022,2,-18.38
"W09",75,2022,3,-6.71
"W09",76,2022,4,0.63
"W09",77,2022,5,2.51
"W09",78,2022,6,2.24
"W09",79,2022,7,-5.27
"W09",80,2022,8,-16.18
"W09",81,2022,9,-30.84
"W09",82,2022,10,-40.26
"W09",83,2022,11,-43.43
"W09",84,2022,12,-42.28
"W09",85,2023,1,-34.65
"W09",86,2023,2,-24.36
"W09",87,2023,3,-14.14
"W09",88,2023,4,-5.62
"W09",89,2023,5,-1.53
"W09",90,2023,6,-3.06
"W09",91,2023,7,-8.25
"W09",92,2023,8,-18.87
"W09",93,2023,9,-29.87
"W09",94,2023,10,-37.73
"W09",95,2023,11,-39.6
"W09",96,2023,12,-38.12
"W09",97,2024,1,-30.77
"W09",98,2024,2,-19.89
"W09",99,2024,3,-10.84
"W09",100,2024,4,-5.26
"W09",101,2024,5,-0.94
"W09",102,2024,6,-1.74
"W09",103,2024,7,-9.63
"W09",104,2024,8,-20.09
"W09",105,2024,9,-30.99
"W09",106,2024,10,-39.97
"W09",107,2024,11,-41.86
"W09",108,2024,12,-39.27
"W09",109,2025,1,-31.05
"W09",110,2025,2,-19.13
"W09",111,2025,3,-6.32
"W09",112,2025,4,0.98
"W09",113,2025,5,4.94
"W09",114,2025,6,4.67
"W09",115,2025,7,-3.22
"W09",116,2025,8,-16.51
"W09",117,2025,9,-30.27
"W09",118,2025,10,-40.38
"W09",119,2025,11,-43.13
"W09",120,2025,12,-37.81
"W10",1,2016,1,50.07
"W10",2,2016,2,47.43
"W10",3,2016,3,38.04
"W10",4,2016,4,29.01
"W10",5,2016,5,16.11
"W10",6,2016,6,3.04
"W10",7,2016,7,-11.3
"W10",8,2016,8,-23.47
"W10",9,2016,9,-33.79
"W10",10,2016,10,-41.27
"W10",11,2016,11,-45.9
"W10",12,2016,12,-42.47
"W10",13,2017,1,-35.07
"W10",14,2017,2,-24.26
"W10",15,2017,3,-10.4
"W10",16,2017,4,1.57
"W10",17,2017,5,7.16
"W10",18,2017,6,4.48
"W10",19,2017,7,-5.46
"W10",20,2017,8,-17.36
"W10",21,2017,9,-28.07
"W10",22,2017,10,-35.25
"W10",23,2017,11,-40.19
"W10",24,2017,12,-39.98
"W10",25,2018,1,-34.11
"W10",26,2018,2,-22.9
"W10",27,2018,3,-13.22
"W10",28,2018,4,-3.88
"W10",29,2018,5,-2
"W10",30,2018,6,-4.17
"W10",31,2018,7,-11.45
"W10",32,2018,8,-21.51
"W10",33,2018,9,-29.06
"W10",34,2018,10,-35.97
"W10",35,2018,11,-38.89
"W10",36,2018,12,-36.9
"W10",37,2019,1,-28.56
"W10",38,2019,2,-15.94
"W10",39,2019,3,-6.48
"W10",40,2019,4,0.63
"W10",41,2019,5,0.42
"W10",42,2019,6,-1.56
"W10",43,2019,7,-8.48
"W10",44,2019,8,-16.96
"W10",45,2019,9,-28.05
"W10",46,2019,10,-36.23
"W10",47,2019,11,-37.96
"W10",48,2019,12,-34.36
"W10",49,2020,1,-25.62
"W10",50,2020,2,-13.59
"W10",51,2020,3,-3.87
"W10",52,2020,4,2.65
"W10",53,2020,5,4.18
"W10",54,2020,6,-0.59
"W10",55,2020,7,-12.47
"W10",56,2020,8,-25.31
"W10",57,2020,9,-33.92
"W10",58,2020,10,-36.98
"W10",59,2020,11,-39.36
"W10",60,2020,12,-37.46
"W10",61,2021,1,-33.02
"W10",62,2021,2,-22.84
"W10",63,2021,3,-12.41
"W10",64,2021,4,-5.75
"W10",65,2021,5,-3.02
"W10",66,2021,6,-6.55
"W10",67,2021,7,-12.49
"W10",68,2021,8,-21.27
"W10",69,2021,9,-30.82
"W10",70,2021,10,-36.86
"W10",71,2021,11,-38.5
"W10",72,2021,12,-38.83
"W10",73,2022,1,-31.82
"W10",74,2022,2,-20.4
"W10",75,2022,3,-8.73
"W10",76,2022,4,-1.37
"W10",77,2022,5,1.39
"W10",78,2022,6,-1.86
"W10",79,2022,7,-11.59
"W10",80,2022,8,-20.09
"W10",81,2022,9,-32.09
"W10",82,2022,10,-41.21
"W10",83,2022,11,-42.42
"W10",84,2022,12,-40.76
"W10",85,2023,1,-31.9
"W10",86,2023,2,-20.79
"W10",87,2023,3,-10.13
"W10",88,2023,4,-4.81
"W10",89,2023,5,-3.44
"W10",90,2023,6,-5.56
"W10",91,2023,7,-12.96
"W10",92,2023,8,-21.21
"W10",93,2023,9,-30.58
"W10",94,2023,10,-37.9
"W10",95,2023,11,-40.73
"W10",96,2023,12,-37.28
"W10",97,2024,1,-27.47
"W10",98,2024,2,-15.17
"W10",99,2024,3,-3.46
"W10",100,2024,4,5.85
"W10",101,2024,5,7.28
"W10",102,2024,6,2.39
"W10",103,2024,7,-4.68
"W10",104,2024,8,-16.8
"W10",105,2024,9,-27.88
"W10",106,2024,10,-36.05
"W10",107,2024,11,-36.67
"W10",108,2024,12,-31.37
"W10",109,2025,1,-23.38
"W10",110,2025,2,-13.07
"W10",111,2025,3,-8
"W10",112,2025,4,-3.01
"W10",113,2025,5,-0.2
"W10",114,2025,6,0.55
"W10",115,2025,7,-6.04
"W10",116,2025,8,-16.12
"W10",117,2025,9,-27.31
"W10",118,2025,10,-37.84
"W10",119,2025,11,-41.88
"W10",120,2025,12,-38.44
"W11",1,2016,1,50.88
"W11",2,2016,2,52.21
"W11",3,2016,3,44.36
"W11",4,2016,4,32.53
"W11",5,2016,5,21.12
"W11",6,2016,6,5.95
"W11",7,2016,7,-8.01
"W11",8,2016,8,-21.69
"W11",9,2016,9,-37.17
"W11",10,2016,10,-46.6
"W11",11,2016,11,-46.71
"W11",12,2016,12,-44.33
"W11",13,2017,1,-33.35
"W11",14,2017,2,-18.53
"W11",15,2017,3,-4.5
"W11",16,2017,4,3.82
"W11",17,2017,5,5.01
"W11",18,2017,6,-1.63
"W11",19,2017,7,-11.4
"W11",20,2017,8,-23.03
"W11",21,2017,9,-30.98
"W11",22,2017,10,-37.19
"W11",23,2017,11,-40.29
"W11",24,2017,12,-36.23
"W11",25,2018,1,-26.99
"W11",26,2018,2,-16.93
"W11",27,2018,3,-6.35
"W11",28,2018,4,0
"W11",29,2018,5,0.91
"W11",30,2018,6,-4.11
"W11",31,2018,7,-13.11
"W11",32,2018,8,-25.13
"W11",33,2018,9,-34.34
"W11",34,2018,10,-39.89
"W11",35,2018,11,-41.58
"W11",36,2018,12,-35.74
"W11",37,2019,1,-26.25
"W11",38,2019,2,-14.57
"W11",39,2019,3,-4.95
"W11",40,2019,4,3.56
"W11",41,2019,5,5.84
"W11",42,2019,6,1.04
"W11",43,2019,7,-7.08
"W11",44,2019,8,-19.64
"W11",45,2019,9,-32.87
"W11",46,2019,10,-39.59
"W11",47,2019,11,-40.3
"W11",48,2019,12,-35.09
"W11",49,2020,1,-25.79
"W11",50,2020,2,-14.96
"W11",51,2020,3,-6.42
"W11",52,2020,4,-0.85
"W11",53,2020,5,0.48
"W11",54,2020,6,-1.67
"W11",55,2020,7,-9.56
"W11",56,2020,8,-19.45
"W11",57,2020,9,-29.16
"W11",58,2020,10,-37.38
"W11",59,2020,11,-42.47
"W11",60,2020,12,-40.5
"W11",61,2021,1,-33.02
"W11",62,2021,2,-24.09
"W11",63,2021,3,-13.75
"W11",64,2021,4,-3.36
"W11",65,2021,5,-0.02
"W11",66,2021,6,-3.45
"W11",67,2021,7,-8.86
"W11",68,2021,8,-18.6
"W11",69,2021,9,-31.56
"W11",70,2021,10,-42
"W11",71,2021,11,-42.31
"W11",72,2021,12,-36.38
"W11",73,2022,1,-27.68
"W11",74,2022,2,-19.77
"W11",75,2022,3,-12.91
"W11",76,2022,4,-7.94
"W11",77,2022,5,-7.09
"W11",78,2022,6,-9.75
"W11",79,2022,7,-14.33
"W11",80,2022,8,-23.37
"W11",81,2022,9,-33.88
"W11",82,2022,10,-42.71
"W11",83,2022,11,-46.86
"W11",84,2022,12,-43.95
"W11",85,2023,1,-36.63
"W11",86,2023,2,-22.4
"W11",87,2023,3,-9.91
"W11",88,2023,4,0.25
"W11",89,2023,5,2.85
"W11",90,2023,6,-0.44
"W11",91,2023,7,-10.23
"W11",92,2023,8,-22.92
"W11",93,2023,9,-34.68
"W11",94,2023,10,-42.49
"W11",95,2023,11,-44.25
"W11",96,2023,12,-39.97
"W11",97,2024,1,-29.96
"W11",98,2024,2,-19.38
"W11",99,2024,3,-7.4
"W11",100,2024,4,1.37
"W11",101,2024,5,1.9
"W11",102,2024,6,-4.09
"W11",103,2024,7,-10.79
"W11",104,2024,8,-20.6
"W11",105,2024,9,-31.33
"W11",106,2024,10,-38.74
"W11",107,2024,11,-43.18
"W11",108,2024,12,-40.91
"W11",109,2025,1,-31.73
"W11",110,2025,2,-20.8
"W11",111,2025,3,-10.65
"W11",112,2025,4,-3.86
"W11",113,2025,5,0.96
"W11",114,2025,6,-0.39
"W11",115,2025,7,-10.02
"W11",116,2025,8,-22.51
"W11",117,2025,9,-36.45
"W11",118,2025,10,-44.6
"W11",119,2025,11,-46
"W11",120,2025,12,-41.82
"W12",1,2016,1,46.62
"W12",2,2016,2,44.68
"W12",3,2016,3,36.1
"W12",4,2016,4,22.93
"W12",5,2016,5,12.8
"W12",6,2016,6,0.7
"W12",7,2016,7,-15.64
"W12",8,2016,8,-27.63
"W12",9,2016,9,-37.02
"W12",10,2016,10,-46.9
"W12",11,2016,11,-49.36
"W12",12,2016,12,-46.05
"W12",13,2017,1,-34.49
"W12",14,2017,2,-18.54
"W12",15,2017,3,-5.45
"W12",16,2017,4,4.11
"W12",17,2017,5,8.65
"W12",18,2017,6,4.33
"W12",19,2017,7,-4.8
"W12",20,2017,8,-17.49
"W12",21,2017,9,-30.55
"W12",22,2017,10,-39
"W12",23,2017,11,-42.37
"W12",24,2017,12,-38.18
"W12",25,2018,1,-30.19
"W12",26,2018,2,-20.79
"W12",27,2018,3,-9.69
"W12",28,2018,4,-0.34
"W12",29,2018,5,0.8
"W12",30,2018,6,-4.78
"W12",31,2018,7,-13.19
"W12",32,2018,8,-23.36
"W12",33,2018,9,-34.08
"W12",34,2018,10,-39.21
"W12",35,2018,11,-42.98
"W12",36,2018,12,-42.15
"W12",37,2019,1,-34.88
"W12",38,2019,2,-23.21
"W12",39,2019,3,-12.91
"W12",40,2019,4,-3.06
"W12",41,2019,5,0.53
"W12",42,2019,6,-3.56
"W12",43,2019,7,-13.1
"W12",44,2019,8,-25.24
"W12",45,2019,9,-35.12
"W12",46,2019,10,-43.21
"W12",47,2019,11,-45.19
"W12",48,2019,12,-42.84
"W12",49,2020,1,-34.22
"W12",50,2020,2,-22.08
"W12",51,2020,3,-8.43
"W12",52,2020,4,0.45
"W12",53,2020,5,4.46
"W12",54,2020,6,-1.07
"W12",55,2020,7,-9.89
"W12",56,2020,8,-21.11
"W12",57,2020,9,-30.07
"W12",58,2020,10,-39.33
"W12",59,2020,11,-41.56
"W12",60,2020,12,-38.83
"W12",61,2021,1,-30.8
"W12",62,2021,2,-19.87
"W12",63,2021,3,-8.64
"W12",64,2021,4,-1.53
"W12",65,2021,5,1.39
"W12",66,2021,6,-1.03
"W12",67,2021,7,-9.24
"W12",68,2021,8,-20.85
"W12",69,2021,9,-29.06
"W12",70,2021,10,-37.75
"W12",71,2021,11,-41.48
"W12",72,2021,12,-38.05
"W12",73,2022,1,-29.66
"W12",74,2022,2,-16.94
"W12",75,2022,3,-5.21
"W12",76,2022,4,3.32
"W12",77,2022,5,6.83
"W12",78,2022,6,0.94
"W12",79,2022,7,-9
"W12",80,2022,8,-19.98
"W12",81,2022,9,-28.69
"W12",82,2022,10,-38.81
"W12",83,2022,11,-43.98
"W12",84,2022,12,-40.13
"W12",85,2023,1,-29.99
"W12",86,2023,2,-18.96
"W12",87,2023,3,-10.48
"W12",88,2023,4,-4.75
"W12",89,2023,5,-0.17
"W12",90,2023,6,-5.23
"W12",91,2023,7,-13.91
"W12",92,2023,8,-23.44
"W12",93,2023,9,-33.23
"W12",94,2023,10,-40.24
"W12",95,2023,11,-40.08
"W12",96,2023,12,-36.52
"W12",97,2024,1,-28.28
"W12",98,2024,2,-18.36
"W12",99,2024,3,-7.51
"W12",100,2024,4,-0.49
"W12",101,2024,5,2.26
"W12",102,2024,6,-1.12
"W12",103,2024,7,-6.08
"W12",104,2024,8,-13.91
"W12",105,2024,9,-25.52
"W12",106,2024,10,-35.61
"W12",107,2024,11,-42.02
"W12",108,2024,12,-42.01
"W12",109,2025,1,-37.36
"W12",110,2025,2,-25.69
"W12",111,2025,3,-14.65
"W12",112,2025,4,-5.73
"W12",113,2025,5,0.91
"W12",114,2025,6,0.63
"W12",115,2025,7,-8.43
"W12",116,2025,8,-21.2
"W12",117,2025,9,-35.3
"W12",118,2025,10,-45.48
"W12",119,2025,11,-45.89
"W12",120,2025,12,-40.25
"W13",1,2016,1,45.86
"W13",2,2016,2,51.82
"W13",3,2016,3,47.17
"W13",4,2016,4,35.31
"W13",5,2016,5,21.7
"W13",6,2016,6,7.39
"W13",7,2016,7,-7.06
"W13",8,2016,8,-20.22
"W13",9,2016,9,-31.35
"W13",10,2016,10,-39.22
"W13",11,2016,11,-38.22
"W13",12,2016,12,-34.22
"W13",13,2017,1,-29.01
"W13",14,2017,2,-20.97
"W13",15,2017,3,-11.7
"W13",16,2017,4,-2.77
"W13",17,2017,5,-1.21
"W13",18,2017,6,-6.17
"W13",19,2017,7,-14.56
"W13",20,2017,8,-23.77
"W13",21,2017,9,-32.1
"W13",22,2017,10,-39.09
"W13",23,2017,11,-42.67
"W13",24,2017,12,-36.67
"W13",25,2018,1,-26.99
"W13",26,2018,2,-15.91
"W13",27,2018,3,-4.94
"W13",28,2018,4,1.14
"W13",29,2018,5,2.96
"W13",30,2018,6,-0.16
"W13",31,2018,7,-9.54
"W13",32,2018,8,-21.41
"W13",33,2018,9,-31.68
"W13",34,2018,10,-41.35
"W13",35,2018,11,-42.83
"W13",36,2018,12,-39.19
"W13",37,2019,1,-31.54
"W13",38,2019,2,-21.66
"W13",39,2019,3,-8.68
"W13",40,2019,4,-0.42
"W13",41,2019,5,2.44
"W13",42,2019,6,-1.6
"W13",43,2019,7,-11.39
"W13",44,2019,8,-21.9
"W13",45,2019,9,-32.35
"W13",46,2019,10,-39.52
"W13",47,2019,11,-42.79
"W13",48,2019,12,-38.32
"W13",49,2020,1,-28.91
"W13",50,2020,2,-17.11
"W13",51,2020,3,-5.76
"W13",52,2020,4,3.41
"W13",53,2020,5,6.96
"W13",54,2020,6,2.46
"W13",55,2020,7,-6.52
"W13",56,2020,8,-18.4
"W13",57,2020,9,-27.6
"W13",58,2020,10,-37.24
"W13",59,2020,11,-40.76
"W13",60,2020,12,-39.31
"W13",61,2021,1,-34.25
"W13",62,2021,2,-24.6
"W13",63,2021,3,-14.75
"W13",64,2021,4,-6.09
"W13",65,2021,5,-1.43
"W13",66,2021,6,-2.91
"W13",67,2021,7,-10
"W13",68,2021,8,-19.42
"W13",69,2021,9,-30.45
"W13",70,2021,10,-42.3
"W13",71,2021,11,-44.59
"W13",72,2021,12,-40.87
"W13",73,2022,1,-30.98
"W13",74,2022,2,-18.39
"W13",75,2022,3,-7.24
"W13",76,2022,4,1.35
"W13",77,2022,5,2.15
"W13",78,2022,6,-1.25
"W13",79,2022,7,-7.75
"W13",80,2022,8,-16.18
"W13",81,2022,9,-27.39
"W13",82,2022,10,-36.57
"W13",83,2022,11,-38.89
"W13",84,2022,12,-36.92
"W13",85,2023,1,-28.88
"W13",86,2023,2,-18.63
"W13",87,2023,3,-9.24
"W13",88,2023,4,-1.89
"W13",89,2023,5,0.58
"W13",90,2023,6,-3.01
"W13",91,2023,7,-11.84
"W13",92,2023,8,-21.66
"W13",93,2023,9,-29.26
"W13",94,2023,10,-36.57
"W13",95,2023,11,-41.21
"W13",96,2023,12,-40.31
"W13",97,2024,1,-32.57
"W13",98,2024,2,-21.36
"W13",99,2024,3,-11.55
"W13",100,2024,4,-3.32
"W13",101,2024,5,-0.09
"W13",102,2024,6,-2.18
"W13",103,2024,7,-9.84
"W13",104,2024,8,-22.57
"W13",105,2024,9,-31.85
"W13",106,2024,10,-36.93
"W13",107,2024,11,-38.78
"W13",108,2024,12,-33.68
"W13",109,2025,1,-24.36
"W13",110,2025,2,-15.5
"W13",111,2025,3,-5.24
"W13",112,2025,4,0.06
"W13",113,2025,5,0.96
"W13",114,2025,6,-2.14
"W13",115,2025,7,-8.24
"W13",116,2025,8,-19.6
"W13",117,2025,9,-30.47
"W13",118,2025,10,-36.79
"W13",119,2025,11,-39.22
"W13",120,2025,12,-38.99
"W14",1,2016,1,52.79
"W14",2,2016,2,51.86
"W14",3,2016,3,44.38
"W14",4,2016,4,33.26
"W14",5,2016,5,22.31
"W14",6,2016,6,9.16
"W14",7,2016,7,-5.52
"W14",8,2016,8,-20.34
"W14",9,2016,9,-29.7
"W14",10,2016,10,-36.01
"W14",11,2016,11,-42.03
"W14",12,2016,12,-40.97
"W14",13,2017,1,-32.23
"W14",14,2017,2,-21.53
"W14",15,2017,3,-11.57
"W14",16,2017,4,-4.67
"W14",17,2017,5,-1.13
"W14",18,2017,6,-4.05
"W14",19,2017,7,-11.57
"W14",20,2017,8,-22.02
"W14",21,2017,9,-32.53
"W14",22,2017,10,-40.69
"W14",23,2017,11,-44.33
"W14",24,2017,12,-38.95
"W14",25,2018,1,-28.51
"W14",26,2018,2,-16.72
"W14",27,2018,3,-5.87
"W14",28,2018,4,1.7
"W14",29,2018,5,6.35
"W14",30,2018,6,2.67
"W14",31,2018,7,-8.14
"W14",32,2018,8,-20.46
"W14",33,2018,9,-31.13
"W14",34,2018,10,-38.71
"W14",35,2018,11,-41.96
"W14",36,2018,12,-37.83
"W14",37,2019,1,-27.27
"W14",38,2019,2,-15.79
"W14",39,2019,3,-2.86
"W14",40,2019,4,2.76
"W14",41,2019,5,2.61
"W14",42,2019,6,-0.39
"W14",43,2019,7,-9.47
"W14",44,2019,8,-19.23
"W14",45,2019,9,-30.71
"W14",46,2019,10,-37.21
"W14",47,2019,11,-40.23
"W14",48,2019,12,-37.58
"W14",49,2020,1,-29.38
"W14",50,2020,2,-20.35
"W14",51,2020,3,-10.28
"W14",52,2020,4,-2.47
"W14",53,2020,5,2.28
"W14",54,2020,6,-1.51
"W14",55,2020,7,-8.12
"W14",56,2020,8,-18.79
"W14",57,2020,9,-30.36
"W14",58,2020,10,-37.39
"W14",59,2020,11,-39.65
"W14",60,2020,12,-35.5
"W14",61,2021,1,-25.27
"W14",62,2021,2,-14.49
"W14",63,2021,3,-7.19
"W14",64,2021,4,-1.99
"W14",65,2021,5,-0.55
"W14",66,2021,6,-3.68
"W14",67,2021,7,-13.53
"W14",68,2021,8,-25.44
"W14",69,2021,9,-36.37
"W14",70,2021,10,-43.52
"W14",71,2021,11,-45.92
"W14",72,2021,12,-42.53
"W14",73,2022,1,-31.03
"W14",74,2022,2,-18.7
"W14",75,2022,3,-9.23
"W14",76,2022,4,-3.43
"W14",77,2022,5,-1.09
"W14",78,2022,6,-1.21
"W14",79,2022,7,-7.17
"W14",80,2022,8,-19.41
"W14",81,2022,9,-31.11
"W14",82,2022,10,-40.43
"W14",83,2022,11,-45.14
"W14",84,2022,12,-42.11
"W14",85,2023,1,-29.91
"W14",86,2023,2,-15.26
"W14",87,2023,3,-5.57
"W14",88,2023,4,1.66
"W14",89,2023,5,4.44
"W14",90,2023,6,2.07
"W14",91,2023,7,-5.8
"W14",92,2023,8,-15.25
"W14",93,2023,9,-28.23
"W14",94,2023,10,-36.51
"W14",95,2023,11,-40.41
"W14",96,2023,12,-38.79
"W14",97,2024,1,-29.8
"W14",98,2024,2,-15.64
"W14",99,2024,3,-3.57
"W14",100,2024,4,4.85
"W14",101,2024,5,6.07
"W14",102,2024,6,1.76
"W14",103,2024,7,-9.46
"W14",104,2024,8,-21.56
"W14",105,2024,9,-30.61
"W14",106,2024,10,-35.78
"W14",107,2024,11,-38.13
"W14",108,2024,12,-35.35
"W14",109,2025,1,-29.99
"W14",110,2025,2,-23.3
"W14",111,2025,3,-12.78
"W14",112,2025,4,-5.4
"W14",113,2025,5,-1.88
"W14",114,2025,6,-3.03
"W14",115,2025,7,-7.9
"W14",116,2025,8,-15.9
"W14",117,2025,9,-24.98
"W14",118,2025,10,-33.74
"W14",119,2025,11,-36.39
"W14",120,2025,12,-35.53
"W15",1,2016,1,47.3
"W15",2,2016,2,46.29
"W15",3,2016,3,38.63
"W15",4,2016,4,29.5
"W15",5,2016,5,20.04
"W15",6,2016,6,9.23
"W15",7,2016,7,-4.25
"W15",8,2016,8,-19.11
"W15",9,2016,9,-31.95
"W15",10,2016,10,-39.76
"W15",11,2016,11,-40.76
"W15",12,2016,12,-37.98
"W15",13,2017,1,-31.72
"W15",14,2017,2,-24.09
"W15",15,2017,3,-15.68
"W15",16,2017,4,-8.57
"W15",17,2017,5,-5.44
"W15",18,2017,6,-6.6
"W15",19,2017,7,-13.97
"W15",20,2017,8,-24.08
"W15",21,2017,9,-35.26
"W15",22,2017,10,-43.99
"W15",23,2017,11,-46.59
"W15",24,2017,12,-44.39
"W15",25,2018,1,-36.52
"W15",26,2018,2,-21.08
"W15",27,2018,3,-7.66
"W15",28,2018,4,0.24
"W15",29,2018,5,2.68
"W15",30,2018,6,0.21
"W15",31,2018,7,-7.52
"W15",32,2018,8,-18.98
"W15",33,2018,9,-32.35
"W15",34,2018,10,-41.48
"W15",35,2018,11,-42.69
"W15",36,2018,12,-38.55
"W15",37,2019,1,-29.44
"W15",38,2019,2,-18.16
"W15",39,2019,3,-6.62
"W15",40,2019,4,3.7
"W15",41,2019,5,7.35
"W15",42,2019,6,1.44
"W15",43,2019,7,-8.04
"W15",44,2019,8,-20.47
"W15",45,2019,9,-31.82
"W15",46,2019,10,-40.65
"W15",47,2019,11,-41.75
"W15",48,2019,12,-37.91
"W15",49,2020,1,-28.87
"W15",50,2020,2,-18.45
"W15",51,2020,3,-4.63
"W15",52,2020,4,3.52
"W15",53,2020,5,6.11
"W15",54,2020,6,1.59
"W15",55,2020,7,-8.47
"W15",56,2020,8,-20.42
"W15",57,2020,9,-29.97
"W15",58,2020,10,-35.28
"W15",59,2020,11,-37.86
"W15",60,2020,12,-35.41
"W15",61,2021,1,-26.61
"W15",62,2021,2,-13.98
"W15",63,2021,3,-4.04
"W15",64,2021,4,2.22
"W15",65,2021,5,5.24
"W15",66,2021,6,2.08
"W15",67,2021,7,-8.01
"W15",68,2021,8,-19.04
"W15",69,2021,9,-34.08
"W15",70,2021,10,-41.94
"W15",71,2021,11,-43.41
"W15",72,2021,12,-38.66
"W15",73,2022,1,-28.92
"W15",74,2022,2,-18.05
"W15",75,2022,3,-7.66
"W15",76,2022,4,-1.51
"W15",77,2022,5,-1.36
"W15",78,2022,6,-4.14
"W15",79,2022,7,-13.05
"W15",80,2022,8,-21.76
"W15",81,2022,9,-29.64
"W15",82,2022,10,-36.82
"W15",83,2022,11,-39.45
"W15",84,2022,12,-34.65
"W15",85,2023,1,-26.41
"W15",86,2023,2,-15.36
"W15",87,2023,3,-4.3
"W15",88,2023,4,4.65
"W15",89,2023,5,6.3
"W15",90,2023,6,1.93
"W15",91,2023,7,-8.1
"W15",92,2023,8,-22.14
"W15",93,2023,9,-37.12
"W15",94,2023,10,-46.71
"W15",95,2023,11,-48.6
"W15",96,2023,12,-44.69
"W15",97,2024,1,-35.05
"W15",98,2024,2,-22.26
"W15",99,2024,3,-8.59
"W15",100,2024,4,-2.08
"W15",101,2024,5,3.31
"W15",102,2024,6,1.23
"W15",103,2024,7,-5.58
"W15",104,2024,8,-19.24
"W15",105,2024,9,-29.35
"W15",106,2024,10,-37.1
"W15",107,2024,11,-40.87
"W15",108,2024,12,-39.24
"W15",109,2025,1,-31.8
"W15",110,2025,2,-22.04
"W15",111,2025,3,-12.16
"W15",112,2025,4,-6.62
"W15",113,2025,5,-4.15
"W15",114,2025,6,-7.57
"W15",115,2025,7,-16.29
"W15",116,2025,8,-27.17
"W15",117,2025,9,-35.52
"W15",118,2025,10,-42.29
"W15",119,2025,11,-41.6
"W15",120,2025,12,-33.93
"W16",1,2016,1,45.31
"W16",2,2016,2,48.28
"W16",3,2016,3,41.83
"W16",4,2016,4,30.73
"W16",5,2016,5,20.48
"W16",6,2016,6,7.99
"W16",7,2016,7,-7.38
"W16",8,2016,8,-22.74
"W16",9,2016,9,-36.62
"W16",10,2016,10,-45.42
"W16",11,2016,11,-45.77
"W16",12,2016,12,-42.11
"W16",13,2017,1,-32.17
"W16",14,2017,2,-20.43
"W16",15,2017,3,-11.36
"W16",16,2017,4,-4.91
"W16",17,2017,5,-4.35
"W16",18,2017,6,-4.59
"W16",19,2017,7,-10.42
"W16",20,2017,8,-19.96
"W16",21,2017,9,-30.24
"W16",22,2017,10,-37.67
"W16",23,2017,11,-40.89
"W16",24,2017,12,-38.71
"W16",25,2018,1,-32.23
"W16",26,2018,2,-21.92
"W16",27,2018,3,-11.04
"W16",28,2018,4,-4.08
"W16",29,2018,5,-0.93
"W16",30,2018,6,-5.19
"W16",31,2018,7,-12.73
"W16",32,2018,8,-22.86
"W16",33,2018,9,-31.58
"W16",34,2018,10,-38.37
"W16",35,2018,11,-40.01
"W16",36,2018,12,-34.73
"W16",37,2019,1,-25.95
"W16",38,2019,2,-14.4
"W16",39,2019,3,-4.81
"W16",40,2019,4,0.91
"W16",41,2019,5,1.9
"W16",42,2019,6,-3.34
"W16",43,2019,7,-11.78
"W16",44,2019,8,-22.07
"W16",45,2019,9,-33.69
"W16",46,2019,10,-41.45
"W16",47,2019,11,-43.09
"W16",48,2019,12,-40.04
"W16",49,2020,1,-33.13
"W16",50,2020,2,-22.04
"W16",51,2020,3,-12.54
"W16",52,2020,4,-2.83
"W16",53,2020,5,0.93
"W16",54,2020,6,-2.98
"W16",55,2020,7,-11.78
"W16",56,2020,8,-21.55
"W16",57,2020,9,-32.04
"W16",58,2020,10,-39.68
"W16",59,2020,11,-41.34
"W16",60,2020,12,-36.52
"W16",61,2021,1,-28.62
"W16",62,2021,2,-17.42
"W16",63,2021,3,-6.95
"W16",64,2021,4,0.66
"W16",65,2021,5,3.39
"W16",66,2021,6,0.61
"W16",67,2021,7,-7.47
"W16",68,2021,8,-19.34
"W16",69,2021,9,-30.34
"W16",70,2021,10,-38.16
"W16",71,2021,11,-40.48
"W16",72,2021,12,-37.84
"W16",73,2022,1,-29.68
"W16",74,2022,2,-19.31
"W16",75,2022,3,-8.48
"W16",76,2022,4,-1.91
"W16",77,2022,5,3.08
"W16",78,2022,6,0.92
"W16",79,2022,7,-7.38
"W16",80,2022,8,-20.59
"W16",81,2022,9,-32.53
"W16",82,2022,10,-40.29
"W16",83,2022,11,-42.34
"W16",84,2022,12,-38.91
"W16",85,2023,1,-30.76
"W16",86,2023,2,-19.17
"W16",87,2023,3,-6.9
"W16",88,2023,4,0.3
"W16",89,2023,5,2.19
"W16",90,2023,6,-2.79
"W16",91,2023,7,-12.14
"W16",92,2023,8,-24.75
"W16",93,2023,9,-36.4
"W16",94,2023,10,-42.08
"W16",95,2023,11,-41.97
"W16",96,2023,12,-38.23
"W16",97,2024,1,-29.59
"W16",98,2024,2,-18.27
"W16",99,2024,3,-4.57
"W16",100,2024,4,1.95
"W16",101,2024,5,3.08
"W16",102,2024,6,-0.69
"W16",103,2024,7,-10.34
"W16",104,2024,8,-21.86
"W16",105,2024,9,-34.03
"W16",106,2024,10,-42.15
"W16",107,2024,11,-43
"W16",108,2024,12,-38.78
"W16",109,2025,1,-30.03
"W16",110,2025,2,-19.01
"W16",111,2025,3,-9.59
"W16",112,2025,4,-5.46
"W16",113,2025,5,-3.03
"W16",114,2025,6,-6.67
"W16",115,2025,7,-17.69
"W16",116,2025,8,-28.58
"W16",117,2025,9,-39.26
"W16",118,2025,10,-45.4
"W16",119,2025,11,-46.56
"W16",120,2025,12,-41.63
"W17",1,2016,1,52.97
"W17",2,2016,2,46.99
"W17",3,2016,3,37.86
"W17",4,2016,4,27.19
"W17",5,2016,5,15.06
"W17",6,2016,6,1.67
"W17",7,2016,7,-12.42
"W17",8,2016,8,-26.35
"W17",9,2016,9,-39.19
"W17",10,2016,10,-47.15
"W17",11,2016,11,-47.64
"W17",12,2016,12,-42.81
"W17",13,2017,1,-34.14
"W17",14,2017,2,-21.59
"W17",15,2017,3,-10.89
"W17",16,2017,4,-3.7
"W17",17,2017,5,-0.37
"W17",18,2017,6,-3.53
"W17",19,2017,7,-11.13
"W17",20,2017,8,-23.11
"W17",21,2017,9,-34.77
"W17",22,2017,10,-40.88
"W17",23,2017,11,-42.65
"W17",24,2017,12,-37.76
"W17",25,2018,1,-30.46
"W17",26,2018,2,-21.24
"W17",27,2018,3,-10.95
"W17",28,2018,4,-1.71
"W17",29,2018,5,0.57
"W17",30,2018,6,-3.3
"W17",31,2018,7,-10.23
"W17",32,2018,8,-19.81
"W17",33,2018,9,-30.45
"W17",34,2018,10,-38.5
"W17",35,2018,11,-40.4
"W17",36,2018,12,-34.62
"W17",37,2019,1,-25.97
"W17",38,2019,2,-14.96
"W17",39,2019,3,-4.81
"W17",40,2019,4,2.61
"W17",41,2019,5,5.24
"W17",42,2019,6,1.53
"W17",43,2019,7,-6.91
"W17",44,2019,8,-17.79
"W17",45,2019,9,-27.24
"W17",46,2019,10,-33.64
"W17",47,2019,11,-39.13
"W17",48,2019,12,-38.6
"W17",49,2020,1,-28.1
"W17",50,2020,2,-15.4
"W17",51,2020,3,-7.19
"W17",52,2020,4,-0.43
"W17",53,2020,5,1.4
"W17",54,2020,6,-0.08
"W17",55,2020,7,-8.55
"W17",56,2020,8,-20.42
"W17",57,2020,9,-29.49
"W17",58,2020,10,-37.79
"W17",59,2020,11,-41.72
"W17",60,2020,12,-40.69
"W17",61,2021,1,-34.38
"W17",62,2021,2,-25.31
"W17",63,2021,3,-13.54
"W17",64,2021,4,-5.01
"W17",65,2021,5,0.27
"W17",66,2021,6,-1.98
"W17",67,2021,7,-9.53
"W17",68,2021,8,-21.25
"W17",69,2021,9,-31.63
"W17",70,2021,10,-36.96
"W17",71,2021,11,-38.58
"W17",72,2021,12,-34.48
"W17",73,2022,1,-26.8
"W17",74,2022,2,-16.79
"W17",75,2022,3,-8.05
"W17",76,2022,4,-2.65
"W17",77,2022,5,-2.92
"W17",78,2022,6,-7.75
"W17",79,2022,7,-14.5
"W17",80,2022,8,-23.11
"W17",81,2022,9,-32.08
"W17",82,2022,10,-38.67
"W17",83,2022,11,-40.79
"W17",84,2022,12,-38.74
"W17",85,2023,1,-31.94
"W17",86,2023,2,-20.45
"W17",87,2023,3,-9.63
"W17",88,2023,4,-1.32
"W17",89,2023,5,0.97
"W17",90,2023,6,-4.25
"W17",91,2023,7,-11.26
"W17",92,2023,8,-21.5
"W17",93,2023,9,-32.18
"W17",94,2023,10,-39.15
"W17",95,2023,11,-38.51
"W17",96,2023,12,-34.47
"W17",97,2024,1,-24.77
"W17",98,2024,2,-13.05
"W17",99,2024,3,-3.88
"W17",100,2024,4,3.11
"W17",101,2024,5,4.87
"W17",102,2024,6,1.86
"W17",103,2024,7,-5.94
"W17",104,2024,8,-17.99
"W17",105,2024,9,-31.91
"W17",106,2024,10,-40.38
"W17",107,2024,11,-42.76
"W17",108,2024,12,-40.07
"W17",109,2025,1,-31.02
"W17",110,2025,2,-19.87
"W17",111,2025,3,-6.68
"W17",112,2025,4,2.01
"W17",113,2025,5,3.95
"W17",114,2025,6,1.85
"W17",115,2025,7,-9.62
"W17",116,2025,8,-22.29
"W17",117,2025,9,-32.34
"W17",118,2025,10,-39.54
"W17",119,2025,11,-41.85
"W17",120,2025,12,-37.63
"W18",1,2016,1,46.12
"W18",2,2016,2,48.57
"W18",3,2016,3,41.37
"W18",4,2016,4,30.54
"W18",5,2016,5,19.86
"W18",6,2016,6,6.35
"W18",7,2016,7,-8.25
"W18",8,2016,8,-23.48
"W18",9,2016,9,-37.93
"W18",10,2016,10,-43.48
"W18",11,2016,11,-43.42
"W18",12,2016,12,-39.11
"W18",13,2017,1,-29.69
"W18",14,2017,2,-18.26
"W18",15,2017,3,-8.03
"W18",16,2017,4,-1.92
"W18",17,2017,5,-0.41
"W18",18,2017,6,-5.7
"W18",19,2017,7,-16.3
"W18",20,2017,8,-29.33
"W18",21,2017,9,-40.5
"W18",22,2017,10,-46.79
"W18",23,2017,11,-48.72
"W18",24,2017,12,-42.49
"W18",25,2018,1,-33.01
"W18",26,2018,2,-22.02
"W18",27,2018,3,-10.49
"W18",28,2018,4,-2.12
"W18",29,2018,5,-0.45
"W18",30,2018,6,-2.02
"W18",31,2018,7,-9.26
"W18",32,2018,8,-18.36
"W18",33,2018,9,-27.99
"W18",34,2018,10,-34.75
"W18",35,2018,11,-39.39
"W18",36,2018,12,-38.6
"W18",37,2019,1,-31.94
"W18",38,2019,2,-23.45
"W18",39,2019,3,-12.27
"W18",40,2019,4,-3.13
"W18",41,2019,5,0.63
"W18",42,2019,6,-4.01
"W18",43,2019,7,-12.98
"W18",44,2019,8,-22.8
"W18",45,2019,9,-33.52
"W18",46,2019,10,-40.95
"W18",47,2019,11,-42.93
"W18",48,2019,12,-37.61
"W18",49,2020,1,-28.67
"W18",50,2020,2,-18.24
"W18",51,2020,3,-7.36
"W18",52,2020,4,-1.11
"W18",53,2020,5,-2.79
"W18",54,2020,6,-7.08
"W18",55,2020,7,-15.75
"W18",56,2020,8,-26.81
"W18",57,2020,9,-34.47
"W18",58,2020,10,-39.43
"W18",59,2020,11,-39.55
"W18",60,2020,12,-33.47
"W18",61,2021,1,-26.47
"W18",62,2021,2,-16.87
"W18",63,2021,3,-5.73
"W18",64,2021,4,2.09
"W18",65,2021,5,3.49
"W18",66,2021,6,-0.67
"W18",67,2021,7,-11.11
"W18",68,2021,8,-21.49
"W18",69,2021,9,-30.7
"W18",70,2021,10,-38.9
"W18",71,2021,11,-39.76
"W18",72,2021,12,-34.38
"W18",73,2022,1,-28.15
"W18",74,2022,2,-16.1
"W18",75,2022,3,-5.83
"W18",76,2022,4,3.09
"W18",77,2022,5,3.06
"W18",78,2022,6,-1.56
"W18",79,2022,7,-10.14
"W18",80,2022,8,-21.68
"W18",81,2022,9,-31.88
"W18",82,2022,10,-40.56
"W18",83,2022,11,-43.8
"W18",84,2022,12,-41.95
"W18",85,2023,1,-33.52
"W18",86,2023,2,-22.1
"W18",87,2023,3,-10.63
"W18",88,2023,4,-1.16
"W18",89,2023,5,1.64
"W18",90,2023,6,-1.86
"W18",91,2023,7,-10.11
"W18",92,2023,8,-21.33
"W18",93,2023,9,-30.9
"W18",94,2023,10,-36.86
"W18",95,2023,11,-36.44
"W18",96,2023,12,-33.42
"W18",97,2024,1,-23.98
"W18",98,2024,2,-13.5
"W18",99,2024,3,-6.87
"W18",100,2024,4,-3.34
"W18",101,2024,5,-3.76
"W18",102,2024,6,-8.81
"W18",103,2024,7,-16.02
"W18",104,2024,8,-22.96
"W18",105,2024,9,-31.13
"W18",106,2024,10,-38.28
"W18",107,2024,11,-41.9
"W18",108,2024,12,-37.14
"W18",109,2025,1,-29.36
"W18",110,2025,2,-17.68
"W18",111,2025,3,-8.61
"W18",112,2025,4,-2.39
"W18",113,2025,5,-2.15
"W18",114,2025,6,-6.44
"W18",115,2025,7,-12.48
"W18",116,2025,8,-22.4
"W18",117,2025,9,-31.48
"W18",118,2025,10,-40.92
"W18",119,2025,11,-44.45
"W18",120,2025,12,-41.23
"W19",1,2016,1,47.97
"W19",2,2016,2,51.66
"W19",3,2016,3,43.46
"W19",4,2016,4,32.74
"W19",5,2016,5,20.71
"W19",6,2016,6,8.11
"W19",7,2016,7,-4.68
"W19",8,2016,8,-17.36
"W19",9,2016,9,-27.89
"W19",10,2016,10,-35.84
"W19",11,2016,11,-40.81
"W19",12,2016,12,-37.5
"W19",13,2017,1,-27.12
"W19",14,2017,2,-15.26
"W19",15,2017,3,-5.81
"W19",16,2017,4,1.16
"W19",17,2017,5,2.36
"W19",18,2017,6,-1.32
"W19",19,2017,7,-9.38
"W19",20,2017,8,-23.14
"W19",21,2017,9,-32.34
"W19",22,2017,10,-38.33
"W19",23,2017,11,-39.5
"W19",24,2017,12,-36.83
"W19",25,2018,1,-30.46
"W19",26,2018,2,-18.77
"W19",27,2018,3,-9.82
"W19",28,2018,4,-0.99
"W19",29,2018,5,-0.51
"W19",30,2018,6,-3.54
"W19",31,2018,7,-12.67
"W19",32,2018,8,-24.71
"W19",33,2018,9,-36.4
"W19",34,2018,10,-43.28
"W19",35,2018,11,-42.83
"W19",36,2018,12,-37.73
"W19",37,2019,1,-27.26
"W19",38,2019,2,-15.22
"W19",39,2019,3,-8.22
"W19",40,2019,4,-1.94
"W19",41,2019,5,-0.7
"W19",42,2019,6,-2.45
"W19",43,2019,7,-11.53
"W19",44,2019,8,-23.58
"W19",45,2019,9,-34.52
"W19",46,2019,10,-40.38
"W19",47,2019,11,-42.31
"W19",48,2019,12,-37.23
"W19",49,2020,1,-27.42
"W19",50,2020,2,-15.41
"W19",51,2020,3,-8.29
"W19",52,2020,4,-2.54
"W19",53,2020,5,-0.34
"W19",54,2020,6,-1.65
"W19",55,2020,7,-8.66
"W19",56,2020,8,-18.75
"W19",57,2020,9,-28.42
"W19",58,2020,10,-35.69
"W19",59,2020,11,-40.11
"W19",60,2020,12,-40.37
"W19",61,2021,1,-34.49
"W19",62,2021,2,-26.2
"W19",63,2021,3,-17.26
"W19",64,2021,4,-8.42
"W19",65,2021,5,-3.65
"W19",66,2021,6,-6.2
"W19",67,2021,7,-12.66
"W19",68,2021,8,-23.22
"W19",69,2021,9,-32.13
"W19",70,2021,10,-40.35
"W19",71,2021,11,-42.27
"W19",72,2021,12,-39.96
"W19",73,2022,1,-32.25
"W19",74,2022,2,-23.29
"W19",75,2022,3,-13.78
"W19",76,2022,4,-3.23
"W19",77,2022,5,0.46
"W19",78,2022,6,-3.35
"W19",79,2022,7,-11.81
"W19",80,2022,8,-20.73
"W19",81,2022,9,-29.81
"W19",82,2022,10,-37.32
"W19",83,2022,11,-37.17
"W19",84,2022,12,-33.56
"W19",85,2023,1,-25.21
"W19",86,2023,2,-16.78
"W19",87,2023,3,-6.29
"W19",88,2023,4,0.94
"W19",89,2023,5,2.98
"W19",90,2023,6,1.39
"W19",91,2023,7,-6.04
"W19",92,2023,8,-15.85
"W19",93,2023,9,-26.51
"W19",94,2023,10,-36.14
"W19",95,2023,11,-42.23
"W19",96,2023,12,-40.15
"W19",97,2024,1,-33.13
"W19",98,2024,2,-21.73
"W19",99,2024,3,-9.82
"W19",100,2024,4,-2.81
"W19",101,2024,5,-0.6
"W19",102,2024,6,-4.78
"W19",103,2024,7,-10.01
"W19",104,2024,8,-18.21
"W19",105,2024,9,-28.58
"W19",106,2024,10,-34.83
"W19",107,2024,11,-36.61
"W19",108,2024,12,-34.3
"W19",109,2025,1,-27.84
"W19",110,2025,2,-19.36
"W19",111,2025,3,-9.06
"W19",112,2025,4,-1.83
"W19",113,2025,5,1.16
"W19",114,2025,6,-0.17
"W19",115,2025,7,-6.16
"W19",116,2025,8,-16.55
"W19",117,2025,9,-27.91
"W19",118,2025,10,-34.54
"W19",119,2025,11,-38.53
"W19",120,2025,12,-39.36
"W20",1,2016,1,48.29
"W20",2,2016,2,45.45
"W20",3,2016,3,36.44
"W20",4,2016,4,26.48
"W20",5,2016,5,17.4
"W20",6,2016,6,6.11
"W20",7,2016,7,-6.65
"W20",8,2016,8,-18.69
"W20",9,2016,9,-31.35
"W20",10,2016,10,-38.46
"W20",11,2016,11,-40.87
"W20",12,2016,12,-37.04
"W20",13,2017,1,-28.92
"W20",14,2017,2,-19.3
"W20",15,2017,3,-7.89
"W20",16,2017,4,-0.47
"W20",17,2017,5,2.47
"W20",18,2017,6,-0.75
"W20",19,2017,7,-10.28
"W20",20,2017,8,-24.92
"W20",21,2017,9,-37.18
"W20",22,2017,10,-44.19
"W20",23,2017,11,-45.93
"W20",24,2017,12,-42.72
"W20",25,2018,1,-35.91
"W20",26,2018,2,-24.43
"W20",27,2018,3,-12.28
"W20",28,2018,4,-1.32
"W20",29,2018,5,3.05
"W20",30,2018,6,2.47
"W20",31,2018,7,-5.26
"W20",32,2018,8,-17.53
"W20",33,2018,9,-29.11
"W20",34,2018,10,-37.77
"W20",35,2018,11,-41.25
"W20",36,2018,12,-40.43
"W20",37,2019,1,-33.47
"W20",38,2019,2,-24.63
"W20",39,2019,3,-14.35
"W20",40,2019,4,-4.38
"W20",41,2019,5,-5.16
"W20",42,2019,6,-9.49
"W20",43,2019,7,-17.02
"W20",44,2019,8,-27.9
"W20",45,2019,9,-39.15
"W20",46,2019,10,-43.06
"W20",47,2019,11,-42.2
"W20",48,2019,12,-38.95
"W20",49,2020,1,-30.41
"W20",50,2020,2,-20.03
"W20",51,2020,3,-10.79
"W20",52,2020,4,-2.56
"W20",53,2020,5,1.65
"W20",54,2020,6,-2.26
"W20",55,2020,7,-7.48
"W20",56,2020,8,-19.06
"W20",57,2020,9,-29.27
"W20",58,2020,10,-37.22
"W20",59,2020,11,-40.94
"W20",60,2020,12,-38.6
"W20",61,2021,1,-28.86
"W20",62,2021,2,-15.75
"W20",63,2021,3,-4.68
"W20",64,2021,4,3.76
"W20",65,2021,5,5.7
"W20",66,2021,6,2.77
"W20",67,2021,7,-6.29
"W20",68,2021,8,-16.06
"W20",69,2021,9,-29.77
"W20",70,2021,10,-37.31
"W20",71,2021,11,-39.95
"W20",72,2021,12,-35.63
"W20",73,2022,1,-25
"W20",74,2022,2,-12.49
"W20",75,2022,3,0.61
"W20",76,2022,4,8.52
"W20",77,2022,5,6.68
"W20",78,2022,6,-0.24
"W20",79,2022,7,-8.81
"W20",80,2022,8,-20.85
"W20",81,2022,9,-31.51
"W20",82,2022,10,-39.93
"W20",83,2022,11,-42.07
"W20",84,2022,12,-38.62
"W20",85,2023,1,-30.41
"W20",86,2023,2,-18.57
"W20",87,2023,3,-5.46
"W20",88,2023,4,2.13
"W20",89,2023,5,2.44
"W20",90,2023,6,-0.29
"W20",91,2023,7,-10.43
"W20",92,2023,8,-21.63
"W20",93,2023,9,-31.26
"W20",94,2023,10,-38.2
"W20",95,2023,11,-38.07
"W20",96,2023,12,-34.54
"W20",97,2024,1,-25.42
"W20",98,2024,2,-13.02
"W20",99,2024,3,-2.88
"W20",100,2024,4,4.26
"W20",101,2024,5,4.54
"W20",102,2024,6,1.5
"W20",103,2024,7,-6.16
"W20",104,2024,8,-19.91
"W20",105,2024,9,-31.94
"W20",106,2024,10,-39.45
"W20",107,2024,11,-40.67
"W20",108,2024,12,-37.03
"W20",109,2025,1,-30.53
"W20",110,2025,2,-20.44
"W20",111,2025,3,-7.26
"W20",112,2025,4,-0.11
"W20",113,2025,5,0.72
"W20",114,2025,6,-3.62
"W20",115,2025,7,-15.18
"W20",116,2025,8,-28.34
"W20",117,2025,9,-41.01
"W20",118,2025,10,-46.13
"W20",119,2025,11,-44.84
"W20",120,2025,12,-40.86
