"id","umur","pendapatan","lama_kerja","rasio_cicilan","jumlah_kartu","riwayat_telat","pendidikan","status_rumah","gagal_bayar"
264,52,15156.27,12.8,0.414,1,4,"Diploma","Milik","tidak"
22,45,20002.02,13,0.525,0,3,"SMA","Milik","tidak"
161,27,13811.32,7.3,0.417,3,2,"SMA","Milik","tidak"
620,34,12303.72,16,0.243,0,2,"SD","Keluarga","tidak"
800,45,24272.9,0,0.123,3,2,"SMA","Milik","tidak"
528,22,16583.04,0.2,0.393,2,0,"SMA","Milik","tidak"
504,42,15964.27,8.9,0.242,2,0,"SMA","Sewa","tidak"
502,59,19386.26,13.3,0.398,2,0,"SD","Milik","tidak"
788,32,13995.79,2.9,0.4,4,4,"SMP","Milik","tidak"
704,47,49373.9,20.2,0.176,1,2,"SMA","Milik","tidak"
598,21,14046.66,3,0.293,1,1,"SMA","Keluarga","tidak"
220,51,19451.18,2.9,0.201,2,1,"SMP","Sewa","tidak"
722,31,18125.21,3.9,0.658,1,1,"SMP","Sewa","ya"
128,58,16574.28,4.7,0.504,3,2,"SMP","Sewa","ya"
79,28,19295.56,10,0.313,2,2,"SMP","Keluarga","ya"
756,37,14050.71,3.6,0.567,3,5,"SMA","Sewa","ya"
67,45,5021.3,12.1,0.472,1,1,"Sarjana","Sewa","ya"
364,21,8369.32,1.7,0.325,3,2,"SMA","Milik","ya"
772,35,34440.37,12,0.3,1,3,"Diploma","Milik","tidak"
720,22,28482.84,4,0.214,2,1,"SD","Keluarga","tidak"
507,36,11422.83,18,0.42,0,1,"Diploma","Sewa","tidak"
498,36,3873.42,11.1,0.303,3,7,"Diploma","Milik","ya"
479,31,8525.62,13,0.392,2,1,"Diploma","Milik","ya"
263,24,6094.88,0,0.528,5,2,"Sarjana","Milik","ya"
763,39,5638.94,14.6,0.53,4,5,"SD","Keluarga","ya"
408,29,18401.85,11,0.381,2,1,"SMA","Sewa","ya"
717,39,12694.08,21,0.351,3,3,"Diploma","Sewa","tidak"
630,27,22923.97,0.3,0.589,1,0,"SMA","Milik","ya"
95,21,6609.44,3,0.246,3,2,"Diploma","Keluarga","tidak"
585,47,7638,8.7,0.036,0,1,"SMA","Sewa","tidak"
821,61,16021,12.2,0.259,3,2,"SMA","Sewa","tidak"
377,29,20193.38,11,0.108,2,2,"Diploma","Milik","tidak"
850,53,11098.37,13.9,0.276,0,1,"Diploma","Sewa","tidak"
435,22,7774.51,4,0.371,1,4,"SMP","Keluarga","ya"
336,47,27635.92,14.3,0.545,0,5,"SMA","Sewa","ya"
782,40,25607.13,15.1,0.381,4,2,"SMA","Milik","tidak"
815,30,19311.43,10.1,0.412,3,1,"SMA","Keluarga","tidak"
10,42,17313.03,8.8,0.53,2,0,"SMA","Keluarga","ya"
92,54,7010,28.2,0.237,2,1,"SMA","Sewa","ya"
337,41,4815.89,2.8,0.523,7,2,"SMA","Sewa","ya"
257,37,31210.22,9.9,0.361,1,1,"Diploma","Milik","tidak"
209,59,13729.62,16.7,0.435,7,0,"SMA","Keluarga","tidak"
685,40,8279.79,13.3,0.348,1,1,"SD","Keluarga","ya"
644,40,23828.02,22,0.235,6,0,"Sarjana","Keluarga","tidak"
96,25,9099.66,7,0.49,1,2,"Sarjana","Sewa","ya"
82,23,9757.29,5,0.293,2,2,"SMP","Milik","tidak"
386,62,14651.53,19.6,0.409,5,1,"SMP","Sewa","tidak"
783,34,6402.67,0,0.344,2,4,"SMP","Keluarga","ya"
840,44,9571.52,11.4,0.21,0,3,"Sarjana","Sewa","tidak"
730,31,7445.7,13,0.02,3,3,"SMA","Keluarga","tidak"
317,64,20358.12,24.7,0.275,3,2,"Diploma","Keluarga","tidak"
213,49,13923.44,0,0.381,0,5,"Sarjana","Milik","tidak"
456,63,10539.31,4.1,0.301,2,0,"Diploma","Sewa","tidak"
359,60,21749.91,19.9,0.214,5,5,"SMP","Sewa","tidak"
57,44,11756.94,19.9,0.101,5,4,"SMA","Sewa","ya"
672,53,10894.41,7.8,0.354,4,3,"Sarjana","Milik","tidak"
541,54,12750.48,0,0.361,0,3,"SMA","Sewa","tidak"
509,23,8976.93,4.2,0.56,4,1,"SMA","Milik","ya"
677,63,12312.18,23.7,0.37,1,2,"Sarjana","Sewa","ya"
707,30,18245.89,0,0.585,3,1,"SD","Milik","ya"
248,34,13151.75,9.4,0.354,1,3,"SD","Milik","ya"
119,60,24941.05,16.5,0.275,1,4,"SMA","Milik","tidak"
1,46,9187.98,11,0.401,0,4,"SMA","Sewa","ya"
183,41,10444.24,11.7,0.34,2,1,"Diploma","Sewa","ya"
153,39,21896.1,21,0.336,1,2,"SMP","Milik","tidak"
363,25,6972.67,7,0.136,2,4,"SMA","Sewa","tidak"
75,49,6365.61,14,0.294,0,4,"SMP","Milik","ya"
280,41,16036.99,8.3,0.101,6,1,"SMP","Sewa","tidak"
89,46,9983.33,16,0.278,1,3,"SD","Milik","tidak"
472,50,7723.37,8.8,0.497,3,3,"SD","Keluarga","ya"
143,60,7906.24,14.8,0.02,4,2,"SMP","Milik","tidak"
638,38,17143.58,11.1,0.234,2,4,"SMP","Keluarga","tidak"
323,53,8800.53,31,0.296,2,4,"SMA","Keluarga","ya"
757,59,11777.18,25.6,0.155,3,0,"SMP","Milik","tidak"
204,29,8426.47,7,0.13,4,0,"SMA","Keluarga","ya"
458,49,14591.1,7.6,0.638,1,1,"Diploma","Keluarga","tidak"
121,53,8894.22,0.6,0.465,2,2,"SMA","Milik","ya"
542,45,14693.1,3.4,0.17,3,2,"Sarjana","Sewa","tidak"
697,30,9377.27,0,0.382,1,1,"SD","Keluarga","tidak"
495,61,27674.97,17.2,0.266,1,1,"SMA","Milik","tidak"
684,26,14380.05,4.3,0.186,2,3,"SD","Sewa","tidak"
249,63,5185.34,11,0.432,1,2,"SMA","Sewa","ya"
453,55,22278.57,26.2,0.463,2,2,"SMA","Milik","tidak"
112,63,11603.83,17.2,0.182,5,2,"SD","Milik","ya"
206,26,13295.34,1.6,0.702,3,4,"Sarjana","Sewa","ya"
897,64,22416.6,5.3,0.175,1,2,"SMA","Keluarga","tidak"
369,48,14404.3,0,0.486,1,2,"Sarjana","Sewa","tidak"
198,62,37997.56,2.3,0.349,4,6,"Sarjana","Keluarga","ya"
419,30,9469.31,12,0.282,3,2,"SMA","Sewa","tidak"
464,30,14062.19,12,0.33,4,5,"SMA","Keluarga","tidak"
678,62,14860.83,1,0.574,1,3,"SMA","Milik","ya"
801,53,17137.41,16.9,0.552,1,3,"Sarjana","Milik","tidak"
449,55,17443.7,17.9,0.352,3,4,"Diploma","Keluarga","tidak"
66,34,15360.83,3.2,0.501,4,1,"Diploma","Milik","tidak"
882,36,6861.2,10.8,0.339,2,1,"SMA","Milik","tidak"
339,36,9963.12,12.9,0.502,2,1,"SMA","Keluarga","tidak"
888,56,12389.81,14.7,0.329,4,5,"Diploma","Milik","ya"
310,37,9606.93,18.4,0.606,4,3,"Sarjana","Milik","ya"
450,50,13871.98,16.3,0.061,2,1,"SMA","Milik","tidak"
83,37,8385.58,12.4,0.565,3,0,"SMA","Sewa","ya"
135,26,18049.34,8,0.383,3,1,"SMA","Sewa","ya"
760,58,13174.71,11.4,0.523,3,4,"Diploma","Milik","ya"
468,39,15354.92,0,0.643,4,4,"SD","Milik","ya"
376,25,10860.62,4.5,0.525,3,1,"SMA","Milik","tidak"
900,29,8829.5,9,0.689,3,3,"Diploma","Milik","ya"
849,29,23146.47,11,0.458,2,5,"SMA","Keluarga","tidak"
162,51,8139.9,0.6,0.042,2,1,"SMA","Keluarga","tidak"
13,48,8370.67,1.1,0.263,3,2,"SMA","Sewa","ya"
819,32,8816.22,9.7,0.522,1,4,"SMA","Milik","ya"
59,47,27234.97,16.9,0.264,0,2,"SMA","Milik","tidak"
615,39,11447.5,18,0.416,3,3,"Diploma","Sewa","tidak"
352,59,19787.89,9.3,0.267,6,1,"SMP","Milik","ya"
792,26,7557.36,4.9,0.426,0,1,"Diploma","Sewa","ya"
589,35,9915.02,17,0.35,4,1,"Diploma","Milik","ya"
513,28,11170.65,10,0.342,4,2,"Sarjana","Sewa","tidak"
847,23,16136.5,5,0.449,2,1,"SMP","Milik","tidak"
409,45,10468.26,16.6,0.587,1,2,"Diploma","Milik","tidak"
463,27,16417.7,6,0.281,3,1,"SMP","Milik","tidak"
390,28,12624.69,10,0.159,2,1,"SMA","Sewa","tidak"
284,55,13013.95,15.8,0.535,2,7,"SMA","Sewa","ya"
279,41,31169.77,6.2,0.125,1,3,"SMA","Sewa","tidak"
5,27,8847.6,9,0.404,5,4,"SD","Keluarga","ya"
346,46,18611.55,16.5,0.474,2,2,"SMA","Milik","tidak"
120,55,19662.42,0,0.388,0,1,"SMA","Sewa","tidak"
157,40,25412.22,21.2,0.648,2,2,"SD","Sewa","ya"
496,24,13884.33,6,0.334,2,3,"SMA","Sewa","ya"
459,38,13433.61,7.3,0.535,2,1,"Diploma","Milik","ya"
231,41,12857.09,5.9,0.581,1,3,"Sarjana","Milik","tidak"
580,23,16556.19,5,0.344,1,2,"Sarjana","Keluarga","tidak"
556,39,15794.32,9.1,0.443,2,1,"SMA","Sewa","ya"
111,38,10570.73,12.3,0.226,0,1,"SMP","Keluarga","ya"
781,49,17878.62,7.2,0.55,2,1,"Diploma","Keluarga","tidak"
28,23,15678.08,4.6,0.465,7,1,"Sarjana","Keluarga","ya"
714,25,16443.99,7,0.082,1,0,"SMP","Milik","ya"
466,60,42589.91,11.4,0.37,1,2,"SMA","Sewa","tidak"
102,21,13593.5,3,0.432,6,1,"SMA","Milik","ya"
595,28,9523.13,6.6,0.495,3,0,"SMP","Keluarga","tidak"
211,43,14510.94,19.9,0.357,5,1,"SMA","Milik","tidak"
852,46,10648.33,16.2,0.173,1,2,"SD","Milik","tidak"
534,36,8484.55,15.3,0.334,3,3,"Sarjana","Sewa","ya"
651,52,10129.8,15.6,0.642,0,0,"SMA","Milik","tidak"
843,34,12610.21,16,0.186,1,4,"Diploma","Milik","tidak"
485,43,18588.8,18.4,0.189,5,2,"SD","Milik","tidak"
709,49,14091.25,7.9,0.285,1,3,"Diploma","Keluarga","tidak"
527,61,8281.56,15.1,0.02,1,2,"Diploma","Keluarga","tidak"
561,24,11188.35,6,0.145,1,2,"SD","Sewa","ya"
173,30,6028.72,12,0.074,2,0,"Sarjana","Sewa","tidak"
140,49,10956.19,1.6,0.53,2,2,"SMP","Keluarga","ya"
356,51,6650.71,14.1,0.507,5,5,"SMA","Sewa","ya"
768,23,6419.7,5,0.17,2,4,"SD","Sewa","ya"
660,28,18501.81,0,0.428,3,3,"Diploma","Sewa","ya"
440,23,11075.62,5,0.292,3,1,"Sarjana","Sewa","tidak"
738,64,12017.78,3.9,0.362,3,1,"Diploma","Keluarga","ya"
686,45,15106.63,12.4,0.593,2,5,"SMA","Milik","ya"
101,54,9773.55,15.1,0.034,1,5,"SMA","Milik","tidak"
342,54,10913.49,12.8,0.303,0,1,"SMA","Sewa","tidak"
828,37,9274.39,12,0.405,2,4,"SMA","Milik","ya"
747,52,10235.94,17.5,0.032,2,2,"SMP","Milik","tidak"
755,55,7482.46,8.1,0.362,2,0,"SMP","Milik","ya"
354,22,17110.29,0,0.495,2,3,"Sarjana","Milik","tidak"
865,26,15856.2,8,0.321,1,2,"Diploma","Keluarga","tidak"
591,43,8425.9,11.1,0.361,3,1,"SMA","Sewa","ya"
640,62,26752.51,17.9,0.355,4,1,"Sarjana","Keluarga","tidak"
797,26,10723.51,8,0.387,3,2,"Diploma","Keluarga","tidak"
353,26,10479.41,8,0.449,2,3,"SMP","Milik","tidak"
397,38,6111.71,17.3,0.326,0,2,"SMA","Milik","tidak"
579,24,12186.14,1.7,0.035,1,0,"SMP","Milik","tidak"
411,41,7964.03,15.9,0.59,3,1,"SMA","Milik","tidak"
45,42,14055.73,22.2,0.226,4,4,"SMP","Keluarga","tidak"
733,25,13103.02,7,0.27,2,1,"SMA","Milik","tidak"
743,56,17667.74,8.2,0.277,2,0,"SMP","Milik","tidak"
58,53,8859.91,9.7,0.386,2,0,"SMP","Keluarga","ya"
601,43,5678.82,20.5,0.331,0,1,"SMP","Milik","tidak"
668,55,14302.4,7.7,0.413,3,2,"SMA","Sewa","ya"
457,31,14636.54,13,0.275,1,2,"SMP","Keluarga","tidak"
252,46,21385.03,10.1,0.359,0,1,"SMA","Keluarga","ya"
309,60,11150.37,6.5,0.394,1,4,"SMP","Milik","ya"
641,62,15024.96,12.5,0.47,1,4,"SD","Keluarga","ya"
584,65,14760.75,10.8,0.261,3,1,"SMP","Milik","tidak"
505,44,9685.01,8.7,0.395,2,2,"SMA","Milik","ya"
612,22,5956.11,4,0.421,1,1,"SMA","Milik","tidak"
300,33,8800.83,15,0.344,1,2,"SMA","Sewa","ya"
659,62,12828.77,26.2,0.309,2,4,"SMP","Sewa","ya"
631,49,12754.06,8.8,0.521,5,4,"Sarjana","Keluarga","tidak"
535,35,6471.14,2.5,0.395,1,5,"SMP","Milik","ya"
867,33,11507.63,4.8,0.02,1,3,"SMA","Keluarga","ya"
407,58,7255.16,13.6,0.323,4,3,"SD","Sewa","ya"
515,27,16778.18,9,0.28,0,4,"SMA","Milik","tidak"
434,22,12426.9,3.3,0.383,2,2,"SMP","Keluarga","ya"
441,39,9582.5,13.8,0.411,1,2,"SD","Sewa","ya"
129,38,15802.86,11.2,0.414,2,2,"SMA","Keluarga","tidak"
559,25,8116.03,7,0.465,2,5,"SMA","Milik","ya"
899,28,20280.86,10,0.175,1,1,"SMA","Keluarga","tidak"
413,61,8486.93,0.3,0.099,1,1,"Sarjana","Milik","tidak"
381,35,5320.92,17,0.327,2,0,"SMP","Sewa","ya"
784,34,7941.06,16,0.304,1,1,"SMA","Sewa","tidak"
6,27,10221.58,9,0.467,3,4,"SMA","Sewa","ya"
30,45,11083.5,24.4,0.551,2,1,"SMP","Milik","tidak"
400,49,8374.71,19.3,0.331,1,2,"SMA","Milik","tidak"
649,30,10055.79,4,0.071,4,3,"Sarjana","Milik","tidak"
857,60,13573.01,18.7,0.565,1,4,"SMA","Milik","tidak"
290,49,13478.16,3.1,0.416,1,3,"SMA","Milik","tidak"
415,35,12611.29,9.3,0.32,2,5,"SMA","Milik","tidak"
634,63,7949.3,15.9,0.461,7,4,"SMA","Milik","ya"
698,39,13206.75,21,0.354,0,2,"Sarjana","Milik","tidak"
710,54,22565.17,5.9,0.732,2,3,"Diploma","Keluarga","ya"
286,27,8340.4,9,0.257,2,3,"Sarjana","Sewa","tidak"
40,64,28465.61,21.6,0.367,6,2,"Diploma","Milik","ya"
403,58,17715.81,12.3,0.171,0,1,"SMA","Milik","tidak"
522,46,6794.74,0,0.12,2,2,"SMP","Sewa","ya"
769,52,7802.35,19.4,0.469,5,2,"Diploma","Keluarga","tidak"
388,27,10468.7,9,0.558,0,2,"SMA","Milik","tidak"
712,24,11988.11,6,0.466,2,1,"SMA","Keluarga","tidak"
118,24,7956.78,6,0.124,1,0,"SMP","Sewa","tidak"
470,62,8958.18,21.8,0.416,1,1,"Sarjana","Sewa","ya"
735,45,14214.27,13.4,0.192,3,3,"Sarjana","Sewa","tidak"
316,26,13599.12,8,0.414,2,2,"SMA","Keluarga","ya"
893,27,8544.45,9,0.02,3,2,"SMA","Keluarga","tidak"
375,27,9698.96,9,0.544,3,1,"Diploma","Sewa","tidak"
533,36,7953.63,18,0.65,2,2,"SD","Sewa","ya"
334,24,3718.88,0,0.375,2,2,"SMA","Keluarga","ya"
430,49,9187.52,8.4,0.562,2,3,"SMP","Milik","tidak"
43,26,9001.27,8,0.23,2,2,"SMP","Keluarga","tidak"
178,54,11441.46,7,0.318,4,2,"SMA","Milik","tidak"
226,37,7719.7,5.4,0.478,3,3,"SMA","Milik","tidak"
314,59,14868.02,5.8,0.356,4,1,"SMP","Sewa","ya"
8,52,6355.56,14.8,0.145,1,2,"SMA","Sewa","ya"
776,27,24999.56,7.8,0.322,3,5,"SD","Milik","tidak"
558,31,7223.31,11.9,0.289,1,0,"Sarjana","Milik","ya"
764,29,14617.36,10.9,0.277,3,1,"SMP","Sewa","tidak"
829,40,28224.75,10.8,0.471,3,0,"SD","Sewa","tidak"
705,30,8754.47,7.8,0.591,2,1,"SD","Milik","ya"
512,38,10151.52,5.7,0.384,2,4,"SMP","Milik","tidak"
255,43,8842.59,24.2,0.406,6,1,"Diploma","Sewa","tidak"
891,60,12560.53,19.1,0.46,2,3,"Diploma","Milik","tidak"
870,53,15392.53,13.1,0.35,1,1,"SMP","Keluarga","tidak"
858,65,6049.09,13.1,0.703,5,3,"Sarjana","Milik","ya"
422,24,7577.7,6,0.395,4,2,"SMP","Milik","ya"
693,27,6417.96,9,0.4,3,0,"SMA","Milik","tidak"
814,60,14583.77,9.1,0.618,2,3,"Diploma","Milik","ya"
860,64,14172.04,2.8,0.02,0,1,"SMA","Milik","tidak"
443,45,8720.13,12.6,0.423,2,3,"Sarjana","Sewa","ya"
115,64,7586.57,16.5,0.287,4,1,"Diploma","Milik","ya"
625,57,5734.9,13.1,0.262,1,1,"SMP","Sewa","ya"
835,47,16315.68,8.7,0.326,0,2,"SMP","Milik","tidak"
602,44,8555.4,18.9,0.75,3,2,"Sarjana","Milik","tidak"
420,57,16563.7,24.2,0.419,2,4,"SMP","Milik","tidak"
592,35,29448.92,12.4,0.295,6,0,"SMA","Keluarga","tidak"
217,23,21991.76,5,0.155,3,4,"SMA","Milik","tidak"
318,24,8271.36,0.7,0.673,2,2,"SD","Keluarga","ya"
500,51,20029.7,5.6,0.196,2,2,"SMA","Sewa","tidak"
293,37,8873.52,19,0.416,3,2,"SMA","Sewa","tidak"
379,34,13662.35,7.4,0.476,1,1,"SD","Milik","tidak"
516,52,12918.17,21.2,0.464,4,4,"Diploma","Milik","ya"
876,40,15326.36,6.7,0.243,2,3,"SMA","Milik","tidak"
667,28,12048.49,10,0.213,4,3,"SMA","Sewa","tidak"
794,52,13681.64,9,0.173,2,1,"Sarjana","Milik","tidak"
525,61,15948.29,11.7,0.401,0,2,"SMA","Sewa","tidak"
653,58,4617.6,14.9,0.395,2,0,"SMA","Milik","ya"
155,49,10612.2,2,0.32,0,1,"SMA","Milik","tidak"
572,42,14233.21,11.7,0.146,1,1,"Diploma","Sewa","tidak"
240,47,13173.96,12.2,0.107,2,4,"SMA","Milik","tidak"
348,65,12723.37,21.9,0.535,2,1,"SMA","Milik","ya"
744,32,26126.85,3.6,0.344,2,2,"SMP","Sewa","ya"
806,53,11309.09,22.2,0.368,0,1,"Sarjana","Keluarga","tidak"
16,30,12496.99,11.3,0.492,1,0,"Diploma","Milik","tidak"
482,39,11355.61,9.1,0.425,4,4,"Sarjana","Milik","ya"
681,47,34518.67,19.4,0.2,1,1,"SMA","Sewa","tidak"
477,51,9068.83,14.4,0.16,3,3,"Diploma","Milik","tidak"
80,54,19651.28,19.1,0.094,2,4,"SMP","Milik","tidak"
793,41,20025.13,23,0.182,1,2,"SMA","Sewa","tidak"
158,42,8598.48,11.6,0.369,3,1,"SD","Sewa","ya"
32,27,20944.24,0,0.401,1,5,"SMA","Milik","ya"
134,31,15646.32,7.9,0.188,2,0,"SD","Keluarga","tidak"
462,51,18882.68,10.3,0.589,2,4,"SMA","Milik","tidak"
131,47,5452.39,12.7,0.411,1,2,"SD","Sewa","ya"
635,57,8472.81,0,0.724,2,2,"SMA","Keluarga","ya"
405,52,10083.25,6.3,0.475,4,1,"SMA","Milik","tidak"
144,50,13061.42,8.3,0.333,2,1,"SMP","Sewa","ya"
340,22,11670.12,4,0.505,0,5,"SD","Milik","ya"
308,49,11224.87,6.9,0.409,1,4,"SMP","Sewa","tidak"
613,55,15713.25,7.9,0.429,2,3,"Sarjana","Sewa","tidak"
536,46,18104.1,26.1,0.56,3,8,"Diploma","Keluarga","ya"
175,50,25403.24,10.6,0.598,4,2,"SMA","Sewa","ya"
845,56,15745.33,1.6,0.361,3,0,"SMP","Sewa","tidak"
384,44,7113.55,3.4,0.362,3,0,"SMP","Keluarga","ya"
33,25,6471.46,7,0.426,2,1,"SMA","Sewa","tidak"
391,24,21872.39,6,0.254,3,2,"SMA","Keluarga","tidak"
632,60,10052.41,16.9,0.593,2,1,"Diploma","Sewa","ya"
212,55,14069.65,1.7,0.492,1,1,"Diploma","Milik","tidak"
557,29,14366.97,11,0.185,2,4,"Diploma","Sewa","tidak"
611,60,16198.84,5.8,0.308,5,4,"Sarjana","Sewa","tidak"
624,49,9932.36,2.8,0.369,2,4,"SMA","Sewa","ya"
401,59,10352.5,12.7,0.532,5,5,"Sarjana","Milik","ya"
810,55,14613.89,31.5,0.508,2,2,"Diploma","Milik","tidak"
200,49,8432.44,23.3,0.564,2,2,"SMA","Sewa","ya"
767,47,10835.52,0.8,0.597,4,1,"SMP","Milik","ya"
779,43,9234.18,15.2,0.403,5,2,"SMA","Sewa","tidak"
191,24,7321.07,6,0.354,0,1,"SMA","Keluarga","ya"
544,40,12909.52,19.2,0.329,4,3,"Diploma","Milik","ya"
215,43,14697.62,15.5,0.318,3,3,"SMA","Keluarga","tidak"
759,43,12542.73,24.1,0.592,6,1,"SMA","Milik","tidak"
855,49,13946.54,1.8,0.702,3,3,"SMA","Sewa","ya"
327,36,11521.78,18,0.554,1,5,"SD","Keluarga","ya"
448,58,11089.07,9.2,0.471,1,0,"SMA","Keluarga","tidak"
395,26,5918.49,7.9,0.694,2,0,"Sarjana","Milik","ya"
474,51,20699.79,20.6,0.329,1,2,"SMA","Sewa","tidak"
428,33,23126.49,15,0.117,0,3,"Sarjana","Milik","tidak"
731,53,17711.08,15.2,0.02,2,2,"SMA","Milik","tidak"
42,57,15648.12,18.2,0.288,3,1,"Sarjana","Milik","tidak"
387,59,12455.67,8.6,0.278,3,2,"SMP","Milik","ya"
427,54,10006.64,14,0.295,1,2,"SMA","Keluarga","tidak"
816,32,13093.38,0.9,0.293,4,3,"SMP","Sewa","tidak"
445,55,9355.76,13.5,0.294,0,2,"Sarjana","Sewa","tidak"
270,33,16468.77,15,0.159,2,1,"Sarjana","Milik","tidak"
383,58,14351.54,23.3,0.538,3,4,"Diploma","Keluarga","ya"
563,43,12054.15,11,0.259,3,1,"SMP","Sewa","ya"
594,41,10696.48,13.2,0.308,2,5,"SMA","Sewa","tidak"
142,49,13745.57,0.8,0.206,0,6,"Sarjana","Milik","tidak"
345,48,16618.55,0,0.02,1,3,"SMA","Milik","tidak"
221,61,22685.66,16.8,0.388,1,3,"SMA","Keluarga","tidak"
658,40,6468.12,5.7,0.465,3,2,"SMA","Milik","ya"
666,30,9162.42,12,0.244,1,2,"SMA","Keluarga","tidak"
171,63,25906.06,17.1,0.591,4,2,"Diploma","Milik","tidak"
320,29,11146.6,11,0.434,2,4,"Sarjana","Sewa","ya"
194,51,24704.3,22.3,0.06,4,1,"SMP","Milik","tidak"
729,55,8377.11,19.7,0.54,2,2,"SMA","Milik","ya"
165,49,20411.02,9.3,0.686,2,1,"SMA","Milik","tidak"
694,36,8150.6,18,0.217,1,3,"Sarjana","Milik","tidak"
275,54,8113.42,5.1,0.192,1,1,"SMA","Milik","tidak"
343,39,13707.18,4.8,0.357,3,5,"SMA","Keluarga","ya"
126,52,10603.98,2.1,0.389,2,0,"SD","Sewa","tidak"
830,53,7274.21,12.3,0.304,4,0,"Sarjana","Sewa","tidak"
190,59,7294.76,16.9,0.32,2,1,"SD","Milik","tidak"
492,33,13784.15,15,0.31,1,3,"Diploma","Milik","tidak"
817,58,7362.11,20.3,0.442,2,5,"SD","Keluarga","ya"
20,31,18962.9,13,0.436,1,0,"SMA","Milik","tidak"
825,45,21481.64,9.4,0.4,1,1,"SMP","Milik","tidak"
298,39,6971.21,12.1,0.392,0,0,"SMP","Milik","tidak"
553,48,5459.84,16.4,0.338,2,1,"SMP","Sewa","ya"
398,36,4468.51,18,0.385,1,0,"SMA","Milik","tidak"
799,45,17046.54,6.7,0.57,3,2,"Sarjana","Sewa","ya"
654,32,7362.85,2.9,0.525,3,1,"SMA","Sewa","ya"
826,25,18956.83,0,0.171,3,0,"SD","Milik","tidak"
758,57,10915.94,1.5,0.479,1,1,"Sarjana","Milik","ya"
475,24,6569.95,6,0.176,2,3,"SMP","Milik","ya"
762,35,8090.12,7.5,0.278,0,3,"SMP","Sewa","ya"
109,35,12257.46,14,0.516,2,2,"SMP","Milik","ya"
543,44,29741.26,5.3,0.384,0,4,"SMP","Sewa","tidak"
665,34,14191.19,9.7,0.515,3,1,"SMA","Sewa","tidak"
295,45,5827.21,3.8,0.302,3,1,"SMA","Keluarga","tidak"
12,64,9571.43,3.1,0.352,2,0,"Sarjana","Sewa","tidak"
775,22,7006.03,4,0.02,4,2,"Diploma","Sewa","tidak"
648,23,7410.71,0.9,0.371,1,4,"SMA","Milik","ya"
232,49,16788.44,6.2,0.408,1,0,"SMA","Milik","tidak"
566,60,9858.24,31.4,0.582,0,0,"SMA","Sewa","tidak"
329,62,19486.5,13.5,0.75,3,1,"SMP","Sewa","ya"
879,23,13385.35,5,0.362,3,2,"SMA","Sewa","ya"
787,43,12274.26,11.6,0.23,1,5,"SMA","Milik","tidak"
394,54,25256.24,17.5,0.376,0,1,"Sarjana","Milik","tidak"
839,31,9443.73,13,0.158,1,2,"Diploma","Milik","tidak"
97,33,13909.92,10.3,0.376,1,4,"SMA","Keluarga","ya"
622,61,55830.62,0.6,0.334,4,2,"SMP","Milik","ya"
711,28,10226.14,9.7,0.458,4,1,"SMP","Sewa","tidak"
291,48,26828.09,21.2,0.32,4,1,"SMP","Sewa","ya"
872,31,5879.36,12.8,0.406,2,4,"SMP","Sewa","ya"
550,58,13582.33,15.1,0.592,2,1,"SD","Sewa","ya"
511,62,9380.76,12.6,0.318,3,3,"SMA","Keluarga","tidak"
524,47,6048.01,16.8,0.286,0,1,"SMP","Sewa","ya"
796,61,9084.31,26.9,0.477,0,1,"SMA","Keluarga","tidak"
123,53,34168.93,16.3,0.073,2,3,"SMA","Milik","tidak"
877,45,11005.8,0.1,0.337,2,4,"SMP","Milik","ya"
78,62,9305.71,14.7,0.053,0,2,"SMP","Sewa","tidak"
53,43,19279.12,8.7,0.244,5,2,"Sarjana","Keluarga","tidak"
478,54,8778.8,12.8,0.689,2,6,"SMA","Keluarga","ya"
736,27,13345.02,6.9,0.59,1,0,"SD","Sewa","ya"
789,49,13612.45,22,0.576,4,2,"SMP","Sewa","ya"
347,25,9937.82,7,0.553,1,1,"Diploma","Milik","tidak"
222,32,10130.98,14,0.486,2,3,"SMA","Sewa","ya"
862,30,25387.91,8.5,0.118,2,4,"Diploma","Milik","tidak"
147,53,11164.76,31.7,0.534,2,1,"SMP","Keluarga","tidak"
241,61,31935.13,10.9,0.382,2,1,"Sarjana","Milik","tidak"
639,36,10951.63,15.6,0.178,0,1,"Sarjana","Keluarga","tidak"
675,44,10733.39,9.4,0.535,3,1,"SMP","Milik","ya"
741,64,9111.7,7.9,0.394,1,3,"SMP","Sewa","ya"
68,51,3274.62,12.4,0.356,1,3,"SMP","Milik","ya"
184,49,5104.39,22,0.521,4,4,"Diploma","Milik","ya"
880,31,11491.61,13,0.42,0,2,"SD","Milik","ya"
869,30,8604.08,10.6,0.084,0,5,"SMP","Milik","tidak"
245,44,24233.64,12.2,0.338,1,1,"SMA","Milik","tidak"
130,63,13951.35,21.3,0.182,3,1,"SD","Keluarga","tidak"
50,55,9572.07,24.3,0.58,5,2,"SMP","Milik","ya"
21,35,19112.64,8.9,0.637,1,1,"SD","Milik","ya"
410,22,8667.81,4,0.158,3,0,"SMA","Milik","ya"
777,23,12946.83,5,0.342,1,1,"Diploma","Sewa","ya"
626,51,16020.95,15,0.312,1,0,"SMA","Sewa","tidak"
61,28,12227.03,4.9,0.503,5,4,"SMA","Keluarga","tidak"
137,56,10817.34,18.3,0.319,3,3,"SMP","Milik","tidak"
192,44,10624.23,0,0.385,0,3,"SD","Milik","ya"
719,22,10119.77,4,0.364,4,3,"SMA","Milik","tidak"
322,36,23212.36,15.9,0.079,5,2,"Sarjana","Keluarga","tidak"
603,39,12075.48,16.2,0.244,2,2,"Diploma","Milik","ya"
417,51,7935.06,17,0.218,0,4,"SMP","Milik","tidak"
273,28,9450.38,9.2,0.135,1,0,"SMA","Keluarga","tidak"
546,39,7589.6,11.3,0.294,0,2,"SMA","Milik","ya"
890,25,14598.58,4.9,0.152,3,1,"Diploma","Milik","tidak"
726,22,10523.76,1,0.528,2,5,"SMA","Milik","ya"
306,41,13647.6,17,0.339,2,4,"Sarjana","Sewa","ya"
125,38,13782.44,3.5,0.345,2,0,"SMP","Sewa","tidak"
454,54,3044.35,22.8,0.425,1,1,"SMA","Milik","tidak"
292,63,8063.9,21.6,0.289,1,2,"Sarjana","Milik","tidak"
725,43,31638.87,9.9,0.453,1,1,"SMA","Sewa","tidak"
328,35,13125.15,13.4,0.556,0,2,"SMA","Milik","tidak"
856,50,11258.49,24,0.267,2,2,"Diploma","Sewa","tidak"
770,33,15193.13,12.8,0.211,1,3,"SMA","Sewa","tidak"
750,31,15449.28,13,0.677,0,1,"SMP","Sewa","ya"
225,41,6622.71,17.7,0.328,4,4,"Diploma","Sewa","tidak"
424,33,12040.87,15,0.42,2,3,"SD","Sewa","ya"
418,63,16655.98,9.4,0.535,2,2,"Sarjana","Sewa","ya"
706,38,13327.55,12.8,0.386,1,0,"SMA","Sewa","ya"
253,29,10737.99,8.1,0.131,4,2,"SMP","Keluarga","tidak"
885,23,10868.33,0.9,0.205,3,2,"Diploma","Sewa","tidak"
529,55,7506.25,0,0.17,3,3,"Sarjana","Milik","tidak"
31,40,10368.92,5.9,0.196,0,3,"SMA","Sewa","tidak"
696,33,14371.79,12.5,0.644,3,1,"SMA","Sewa","ya"
691,34,8872.24,6.5,0.288,4,1,"SMA","Sewa","tidak"
219,37,12156.25,11.7,0.296,4,0,"SMP","Keluarga","tidak"
636,37,13406.42,13.4,0.394,1,1,"SMA","Sewa","tidak"
193,37,18407.9,19,0.152,1,0,"Sarjana","Milik","tidak"
210,55,5826.15,0,0.246,0,0,"Sarjana","Milik","tidak"
629,55,12719.11,29.4,0.338,3,3,"SMA","Milik","ya"
272,37,18845.36,12.9,0.191,1,2,"SD","Milik","tidak"
399,53,13901.16,19.8,0.202,3,1,"SMA","Keluarga","tidak"
773,35,5183.72,0,0.02,3,0,"SMP","Sewa","tidak"
610,59,11498.91,24.5,0.075,1,1,"SMA","Sewa","tidak"
616,41,21350.12,12.8,0.451,1,1,"SMA","Sewa","tidak"
599,59,7671.31,8,0.293,6,1,"Diploma","Sewa","ya"
188,38,12847.02,7.1,0.409,2,1,"Sarjana","Sewa","tidak"
103,64,8667.52,11.2,0.02,3,3,"SMA","Milik","tidak"
265,33,19210.85,5.4,0.26,4,0,"SMA","Keluarga","tidak"
854,44,20237.54,6.8,0.508,2,2,"SMP","Milik","tidak"
499,34,13713.25,0,0.212,0,1,"SMP","Keluarga","ya"
753,21,15025.07,3,0.57,3,1,"SMA","Sewa","ya"
260,30,11387.65,4.2,0.326,2,1,"SD","Milik","tidak"
803,34,31995.97,2.3,0.367,2,4,"SMA","Sewa","tidak"
266,49,19013.76,6.2,0.343,3,3,"SMP","Milik","tidak"
24,31,6610.46,13,0.383,4,2,"SMA","Milik","tidak"
150,46,6467.5,6.8,0.405,8,3,"SD","Keluarga","tidak"
49,38,11932.91,20,0.216,1,2,"SMA","Sewa","tidak"
508,22,10315.52,4,0.409,2,0,"SD","Sewa","tidak"
600,60,13380.66,0,0.155,3,1,"SMA","Sewa","tidak"
848,44,9931.49,7.4,0.511,2,2,"Sarjana","Sewa","tidak"
824,34,9342.94,11.2,0.564,1,7,"SMP","Keluarga","ya"
537,52,18553.23,6.1,0.431,2,2,"SMA","Milik","tidak"
108,30,18130.81,12,0.169,0,2,"SMA","Keluarga","tidak"
896,41,16457.91,13.2,0.25,5,3,"SMP","Milik","tidak"
362,51,11856.66,5.4,0.061,0,3,"SD","Milik","tidak"
307,52,17491.36,7.9,0.53,1,4,"SMA","Milik","tidak"
831,54,5947.48,3.3,0.288,4,2,"SMA","Milik","ya"
804,58,6501.25,8.1,0.416,0,2,"SMA","Keluarga","ya"
564,39,20363.25,20.7,0.299,4,1,"SMP","Keluarga","tidak"
570,59,9814,4.4,0.212,1,0,"SMA","Milik","tidak"
64,50,13655.35,16.9,0.238,2,1,"SMA","Milik","tidak"
374,22,27319.47,4,0.375,1,1,"SMA","Keluarga","tidak"
481,51,9972.57,0,0.278,2,4,"Sarjana","Milik","tidak"
271,40,7502.75,5.7,0.352,2,3,"SMP","Milik","ya"
606,49,3162.17,0,0.258,0,1,"Diploma","Milik","tidak"
551,29,11035.01,11,0.307,2,3,"SD","Milik","tidak"
562,34,11041.61,14,0.619,2,0,"SMP","Milik","tidak"
27,44,18452.09,13.1,0.365,1,1,"SMA","Sewa","tidak"
373,55,9451.43,12.1,0.394,2,2,"SMA","Milik","tidak"
593,38,10484.55,13.9,0.38,6,1,"SMA","Milik","tidak"
605,22,11291.85,4,0.393,1,2,"SD","Milik","tidak"
618,36,13998.78,8.8,0.509,3,3,"Sarjana","Milik","tidak"
136,53,15958.96,4.9,0.436,2,1,"SMA","Keluarga","tidak"
841,60,8807.77,10.6,0.088,5,4,"Diploma","Sewa","tidak"
692,50,13635.16,11.2,0.487,1,4,"Diploma","Milik","ya"
436,23,14060.96,4.3,0.279,1,1,"SMA","Keluarga","ya"
467,64,12395.41,13.2,0.428,2,5,"SMP","Sewa","ya"
673,56,22638.22,1.4,0.288,2,1,"SMA","Keluarga","ya"
110,48,5392.2,13.9,0.199,1,3,"SD","Milik","ya"
871,44,15833.16,11.5,0.269,1,2,"SMA","Keluarga","tidak"
319,45,20862.22,19.3,0.233,2,3,"SMA","Milik","tidak"
164,40,6855.58,12,0.329,4,1,"SMA","Sewa","ya"
689,60,12810.03,16.3,0.313,4,0,"SD","Milik","tidak"
657,59,7741.28,23.5,0.171,2,1,"SMP","Milik","ya"
46,55,10215.23,14.6,0.466,3,2,"SMP","Milik","tidak"
539,46,12191.08,18.9,0.461,5,2,"SMA","Milik","ya"
35,43,11135.34,9.3,0.308,1,5,"SMA","Keluarga","ya"
199,53,28971.64,7.7,0.087,2,3,"SMA","Keluarga","tidak"
122,43,11516.85,9.7,0.204,3,0,"SD","Sewa","tidak"
523,48,6524.8,4.5,0.448,3,2,"SMA","Milik","ya"
326,45,8543.07,13.4,0.322,1,2,"SD","Keluarga","ya"
517,53,10391.07,14,0.497,2,3,"SMA","Keluarga","ya"
506,27,9804.62,4,0.267,0,1,"SMA","Sewa","tidak"
809,36,15886.03,11.6,0.32,3,3,"SMA","Milik","ya"
565,60,8812.71,15.2,0.118,0,3,"SMA","Milik","tidak"
228,60,15355.56,7.3,0.534,4,4,"Sarjana","Milik","tidak"
429,34,10364.07,3.6,0.348,0,4,"SMA","Milik","tidak"
202,61,7158.28,12.9,0.351,1,1,"SMA","Milik","tidak"
124,38,11641.55,1.1,0.087,3,1,"SMA","Sewa","tidak"
335,52,9036.27,21.9,0.442,0,2,"SMA","Sewa","tidak"
156,54,12074.26,11,0.09,4,3,"SMA","Milik","tidak"
392,29,24970.77,3.9,0.809,1,3,"Sarjana","Sewa","ya"
185,36,11504.14,8.4,0.432,2,0,"SMP","Milik","tidak"
9,24,11181.75,6,0.152,1,1,"Diploma","Sewa","tidak"
189,41,6197.42,9.7,0.279,1,1,"Sarjana","Sewa","ya"
154,50,13260.66,11.2,0.338,3,2,"SMP","Sewa","tidak"
289,62,11069.59,16.8,0.36,4,3,"SMP","Milik","ya"
91,47,23323.46,19.5,0.381,2,2,"SMA","Milik","ya"
708,33,4996.24,8.7,0.342,3,3,"SMP","Milik","ya"
859,44,8237.49,16.1,0.276,4,4,"SMA","Keluarga","ya"
786,39,9450.58,11.7,0.397,5,0,"SMA","Sewa","tidak"
683,41,12374.94,13.8,0.361,3,4,"SD","Milik","ya"
633,62,9084.36,14.5,0.237,3,2,"SMA","Milik","tidak"
878,34,13110.69,15.9,0.31,3,1,"SD","Keluarga","tidak"
186,37,36527.78,13.7,0.366,3,1,"SMA","Milik","tidak"
874,56,10083.74,8.9,0.296,0,3,"SMA","Sewa","ya"
488,34,12547.94,14.7,0.236,4,2,"Sarjana","Keluarga","tidak"
715,47,8595.67,13.5,0.5,1,3,"SMP","Sewa","ya"
229,47,19537.84,15.2,0.383,3,0,"Diploma","Milik","tidak"
438,65,6892.02,9.6,0.438,2,1,"Sarjana","Keluarga","tidak"
727,53,9905.38,14.4,0.446,1,1,"SD","Keluarga","tidak"
892,56,13523.04,9.5,0.537,2,3,"Sarjana","Milik","tidak"
170,32,17669.64,13.7,0.472,4,2,"Diploma","Sewa","ya"
437,54,13448.12,5.2,0.136,2,0,"Diploma","Sewa","tidak"
873,41,16038.38,23,0.118,2,1,"Diploma","Keluarga","tidak"
455,33,6395.1,13.2,0.31,0,0,"SMA","Sewa","ya"
493,41,9257.19,11.2,0.475,4,0,"SMA","Milik","tidak"
141,40,11518.28,2,0.437,3,2,"SMA","Sewa","tidak"
105,28,19263.64,10,0.544,3,1,"SMA","Milik","tidak"
99,32,11918.96,13.7,0.292,5,3,"Sarjana","Milik","ya"
106,43,10734.86,14.2,0.188,2,3,"Diploma","Sewa","tidak"
701,24,12431.59,6,0.143,4,0,"SMA","Milik","tidak"
785,63,7355.97,11,0.573,3,1,"SMP","Sewa","ya"
807,28,6332.65,10,0.619,4,1,"Diploma","Keluarga","ya"
243,57,14555.98,19,0.212,2,3,"Sarjana","Sewa","tidak"
887,38,7976.47,6.9,0.239,0,8,"SMP","Milik","ya"
531,31,13667.94,10.4,0.696,4,2,"SMA","Sewa","ya"
366,28,6761.9,4.1,0.2,0,0,"Sarjana","Sewa","tidak"
325,49,8626.92,8.2,0.2,1,2,"Diploma","Milik","tidak"
62,55,12329.05,2.7,0.172,3,4,"Sarjana","Milik","tidak"
431,39,7189.88,6.7,0.146,3,4,"Sarjana","Sewa","tidak"
798,58,11151.59,20.5,0.246,1,2,"Diploma","Sewa","tidak"
780,40,13310.04,19.1,0.625,0,3,"Sarjana","Milik","ya"
716,32,24711.8,8,0.277,5,3,"Diploma","Keluarga","tidak"
358,57,8910.34,13.8,0.079,1,2,"Diploma","Milik","tidak"
473,34,14686.23,13.8,0.432,0,7,"SMP","Milik","ya"
179,53,16475.56,28.9,0.028,2,1,"SMP","Keluarga","tidak"
247,23,34277.92,2,0.229,1,2,"SMA","Sewa","tidak"
452,57,26619.95,9.6,0.542,0,3,"SMA","Milik","ya"
577,26,17994.68,8,0.318,6,2,"SMA","Milik","ya"
426,51,21836.71,5.8,0.02,4,3,"SMA","Milik","ya"
195,23,10254.56,5,0.555,2,2,"SD","Milik","tidak"
656,30,19353.82,4.2,0.113,1,2,"Sarjana","Keluarga","tidak"
548,37,9078.67,10.5,0.323,4,2,"Sarjana","Sewa","tidak"
23,35,16117.93,17,0.406,0,1,"SD","Keluarga","ya"
545,61,12648.78,12,0.116,2,2,"Diploma","Milik","tidak"
3,26,9545.15,8,0.218,1,3,"SMP","Sewa","tidak"
148,35,14418.73,11.3,0.323,1,1,"SMA","Milik","tidak"
214,53,17639.29,4.4,0.275,4,3,"SD","Milik","ya"
338,57,15949.31,0,0.395,1,1,"SMP","Sewa","ya"
41,61,7286.66,14.7,0.347,0,1,"SMA","Keluarga","ya"
552,38,5852.12,4.4,0.108,4,1,"SMA","Sewa","ya"
619,23,10901.11,0,0.135,1,4,"SMA","Milik","tidak"
842,38,6931.01,10.5,0.26,2,1,"SMA","Milik","ya"
655,44,12055.01,3.4,0.382,3,2,"SMP","Sewa","ya"
465,47,11900.67,12.1,0.599,4,1,"Sarjana","Keluarga","ya"
519,52,9578.91,9.2,0.608,0,1,"SMP","Milik","tidak"
416,23,5633.35,5,0.347,3,4,"Sarjana","Milik","tidak"
514,39,9785.8,19.9,0.042,2,1,"Diploma","Milik","tidak"
834,53,9883.98,4,0.485,4,5,"SMA","Milik","ya"
588,30,5682.93,12,0.528,2,2,"SMA","Sewa","ya"
54,24,15696.15,6,0.288,4,2,"SMA","Milik","ya"
746,28,11133.94,7,0.396,3,3,"SD","Milik","tidak"
361,25,12303.72,6.7,0.22,3,0,"Diploma","Milik","tidak"
251,61,15703.57,7.8,0.34,4,2,"SMA","Milik","tidak"
254,43,20232.28,7,0.401,1,1,"SMA","Keluarga","ya"
510,39,6659.62,1.5,0.485,1,4,"SMA","Milik","tidak"
357,48,34207.13,7.3,0.434,1,2,"Sarjana","Milik","ya"
518,60,8861.12,15.8,0.405,1,3,"Sarjana","Milik","ya"
63,50,12493.57,9.3,0.146,0,0,"Sarjana","Milik","tidak"
838,32,15344.63,5.9,0.566,1,0,"Diploma","Milik","tidak"
554,28,9689.63,10,0.02,1,1,"SMP","Keluarga","tidak"
734,61,19899.9,4.7,0.209,4,1,"SMA","Milik","tidak"
688,23,10379.46,5,0.536,2,0,"SMA","Sewa","ya"
662,52,10924.59,14,0.235,1,5,"Diploma","Keluarga","ya"
227,54,35547.17,7.9,0.287,3,3,"SMA","Keluarga","tidak"
836,43,12243.87,12.7,0.729,3,3,"SMP","Milik","ya"
695,44,14634.65,2.9,0.501,2,6,"SMA","Milik","ya"
898,60,4589.37,6.9,0.126,2,4,"SMP","Keluarga","ya"
471,33,12816.2,15,0.271,4,2,"Sarjana","Milik","tidak"
774,37,12083.34,10.9,0.206,2,2,"Diploma","Milik","ya"
699,38,6077.82,18.6,0.365,1,2,"SMP","Sewa","ya"
107,37,10752.02,3.7,0.133,6,1,"Diploma","Sewa","tidak"
627,24,7975.52,4.3,0.303,5,2,"SMA","Keluarga","ya"
469,43,7961.56,11.4,0.578,3,1,"SMP","Sewa","ya"
866,64,11601.9,19,0.456,1,0,"SMA","Sewa","tidak"
238,41,12497.6,5.1,0.431,1,2,"SMA","Keluarga","tidak"
203,62,13354.16,7.5,0.261,2,4,"SMA","Sewa","ya"
60,40,21971.51,18.6,0.3,0,0,"Diploma","Milik","tidak"
351,48,9473.27,16,0.413,0,3,"SMA","Sewa","ya"
201,40,12016.39,10.4,0.13,2,3,"SD","Keluarga","tidak"
560,52,13278.74,11.1,0.02,5,1,"SMA","Keluarga","tidak"
94,30,17154.12,12,0.295,6,1,"SMA","Sewa","ya"
304,29,7186.76,11,0.292,2,3,"Diploma","Milik","ya"
687,58,12251.73,12.7,0.478,0,4,"Sarjana","Milik","tidak"
530,48,12858.32,16.1,0.261,0,3,"SMA","Keluarga","tidak"
250,30,6696.75,12,0.228,4,4,"Diploma","Sewa","ya"
447,59,6586.76,16,0.431,4,2,"SMA","Keluarga","ya"
451,31,21138,13,0.237,3,3,"SD","Sewa","tidak"
208,44,16914.78,12.9,0.6,3,1,"Sarjana","Keluarga","ya"
100,29,9060.43,11,0.184,1,1,"Diploma","Milik","tidak"
281,49,13437.02,16.2,0.484,2,2,"SD","Milik","ya"
378,63,11237.55,22.8,0.02,3,0,"SMA","Milik","tidak"
242,48,8478.99,21.2,0.591,5,1,"SMA","Sewa","ya"
609,52,17442.71,0,0.329,8,2,"SMA","Milik","ya"
176,47,8877.08,7.2,0.02,2,2,"Diploma","Sewa","tidak"
742,53,12787.13,32.2,0.116,3,3,"Sarjana","Sewa","tidak"
621,21,15614.69,3,0.323,4,1,"Sarjana","Milik","tidak"
372,22,20222.09,0,0.629,6,3,"SMP","Keluarga","ya"
652,43,8896.07,14.5,0.253,4,1,"SMP","Keluarga","ya"
25,36,21907.46,10.3,0.323,0,4,"Sarjana","Milik","ya"
718,51,30823.42,23.3,0.49,5,0,"SD","Milik","tidak"
324,60,12681.96,7.3,0.342,2,4,"SMA","Sewa","ya"
47,36,8186.69,8.8,0.305,4,1,"Sarjana","Sewa","tidak"
277,61,8466.97,24.5,0.338,2,4,"Sarjana","Milik","tidak"
669,60,9357.22,6.7,0.294,2,2,"SD","Sewa","ya"
152,22,15150.58,4,0.379,4,2,"SD","Milik","ya"
312,63,22299.35,3.2,0.417,2,2,"SD","Keluarga","tidak"
86,21,12129.45,3,0.089,1,4,"Diploma","Sewa","tidak"
7,41,8165.85,1.5,0.295,1,1,"SMP","Milik","ya"
442,25,9524.11,7,0.214,4,1,"Diploma","Milik","tidak"
224,60,20134.29,8.2,0.431,2,3,"SMA","Keluarga","tidak"
597,25,6241.71,7,0.335,1,2,"SD","Sewa","tidak"
521,54,11827.3,8.7,0.135,2,0,"SMA","Sewa","tidak"
223,55,9139.89,12.3,0.41,2,2,"SD","Keluarga","ya"
90,49,17713.61,6.2,0.02,3,1,"Sarjana","Milik","tidak"
29,51,13972.36,15.7,0.494,4,3,"SMA","Sewa","tidak"
234,44,10535.84,24.7,0.093,1,3,"Sarjana","Keluarga","tidak"
132,63,5337.31,14.2,0.63,5,2,"Diploma","Milik","ya"
55,50,13379.45,18.4,0.252,3,3,"SMA","Keluarga","ya"
87,46,7088.84,11.6,0.28,2,3,"Diploma","Milik","tidak"
703,43,9477.46,12,0.153,2,4,"SMA","Sewa","ya"
256,37,23924.72,5.6,0.059,0,2,"SMP","Milik","tidak"
875,62,26454.98,4.4,0.385,3,2,"SMA","Milik","tidak"
587,63,19488.35,0,0.105,1,1,"Sarjana","Sewa","tidak"
811,43,12968.77,4.6,0.465,2,2,"Sarjana","Milik","tidak"
160,55,9169.44,17,0.023,3,5,"SMA","Milik","ya"
853,36,14920.71,16.2,0.235,5,1,"SMP","Milik","tidak"
851,54,17476.33,13.6,0.436,1,1,"SMP","Keluarga","tidak"
752,51,17791.54,13.3,0.314,1,1,"SD","Milik","tidak"
197,59,6812.99,12.6,0.448,5,1,"SMP","Milik","ya"
895,21,7172.32,3,0.376,2,0,"SD","Sewa","tidak"
282,39,8084.31,7,0.346,5,3,"Diploma","Milik","ya"
822,23,14363.21,5,0.639,2,2,"SMP","Keluarga","ya"
84,49,6422.32,9.5,0.18,1,2,"Diploma","Sewa","tidak"
355,45,17288.39,13.8,0.327,2,1,"SMA","Sewa","ya"
385,59,6125.19,7.9,0.215,0,1,"Sarjana","Sewa","tidak"
259,64,14463.74,0.3,0.211,3,1,"SMA","Milik","tidak"
341,22,11468.3,4,0.296,1,6,"SD","Sewa","ya"
460,36,12488.57,11.2,0.194,5,1,"SMA","Milik","tidak"
81,43,28396.87,9.9,0.464,2,3,"Sarjana","Sewa","ya"
489,29,11499.95,11,0.481,7,0,"SD","Sewa","ya"
167,29,11987.73,11,0.412,0,1,"SD","Sewa","ya"
127,39,10295.72,12.3,0.033,2,4,"SMA","Keluarga","tidak"
446,29,16909.63,11,0.269,0,1,"SD","Sewa","ya"
721,61,22545.16,18.9,0.405,2,3,"SD","Keluarga","ya"
368,31,7612.28,7.9,0.313,2,2,"Sarjana","Milik","tidak"
180,55,13525.84,17.1,0.568,2,2,"SMP","Milik","ya"
679,49,5749.94,13.3,0.277,1,2,"SMA","Milik","ya"
414,57,24333.94,18.7,0.319,2,1,"SMP","Keluarga","tidak"
116,43,14837.59,17.3,0.384,2,1,"SMA","Sewa","ya"
159,42,23791.02,8.9,0.415,2,1,"SMA","Keluarga","ya"
72,27,9686.54,0,0.408,1,2,"Sarjana","Sewa","ya"
56,55,13670.15,15.5,0.259,3,1,"Diploma","Sewa","ya"
69,53,20737.11,14,0.57,3,0,"Diploma","Milik","tidak"
614,61,15441.83,7.5,0.412,5,2,"SMA","Milik","tidak"
4,51,17897.54,16.7,0.401,3,1,"Sarjana","Milik","tidak"
676,65,21315.78,10.1,0.183,2,2,"SD","Milik","tidak"
146,51,10476.64,24.6,0.189,3,1,"Diploma","Keluarga","tidak"
444,28,12743.05,10,0.238,0,6,"SMP","Sewa","tidak"
501,49,12453.36,8.8,0.239,1,1,"SD","Milik","tidak"
88,38,9855.53,20,0.482,1,1,"Sarjana","Sewa","ya"
748,60,4781.54,0,0.485,5,3,"SMP","Sewa","ya"
138,41,9322.4,10.6,0.469,2,1,"SMP","Milik","ya"
582,32,23607.05,14,0.329,0,4,"SD","Milik","tidak"
302,35,33835.12,12.3,0.23,2,2,"SMP","Milik","tidak"
791,33,7646.79,12.1,0.093,2,2,"Diploma","Keluarga","tidak"
321,27,9011.06,9,0.138,1,3,"SMA","Keluarga","ya"
623,55,4703.78,1.7,0.588,1,2,"SD","Milik","tidak"
287,38,13556.07,8.2,0.214,0,2,"SMA","Milik","tidak"
216,53,9528.98,8.6,0.192,1,1,"SMA","Milik","tidak"
172,35,6925.29,9.1,0.253,4,2,"Diploma","Keluarga","ya"
18,59,10495.14,19.4,0.191,1,3,"Diploma","Milik","tidak"
583,52,7743.7,7.8,0.214,4,1,"SMA","Milik","ya"
596,43,18443.35,10.6,0.63,4,3,"SMA","Milik","ya"
288,28,14517.6,5.6,0.228,3,1,"Diploma","Milik","tidak"
44,53,12587.52,0,0.268,1,3,"SMA","Milik","tidak"
177,35,18125.9,17,0.333,4,2,"SMP","Sewa","tidak"
737,59,15090.52,16.9,0.664,3,0,"SMA","Sewa","tidak"
526,42,4159.24,9.7,0.281,1,2,"Diploma","Keluarga","tidak"
490,32,13622.79,14,0.387,3,1,"SD","Milik","tidak"
765,30,15054.83,12,0.399,3,4,"Sarjana","Milik","ya"
333,63,13889.39,8.7,0.296,5,1,"SMA","Sewa","tidak"
820,42,9153.3,4.6,0.02,3,1,"SMA","Milik","tidak"
169,31,12724.07,8.4,0.567,3,0,"SMA","Keluarga","ya"
833,50,11174.43,0.3,0.317,1,1,"SMP","Milik","tidak"
196,23,7094.55,0,0.419,0,2,"SMA","Keluarga","tidak"
296,40,29081.09,0,0.23,1,0,"SD","Milik","tidak"
812,41,5933.37,5.3,0.44,3,1,"SMA","Milik","ya"
886,53,8853.84,11,0.485,3,4,"SMP","Milik","ya"
480,47,20465.01,3.7,0.585,4,1,"Diploma","Sewa","ya"
713,26,5759.88,8,0.2,4,0,"SD","Milik","tidak"
313,32,16311.26,7.3,0.385,1,1,"SMP","Milik","tidak"
262,61,10389.69,5.9,0.312,3,3,"Sarjana","Keluarga","tidak"
104,28,10235.92,10,0.283,3,2,"SMP","Sewa","ya"
754,36,5040.23,11.4,0.197,2,4,"SMA","Sewa","ya"
239,32,8730.4,3.3,0.441,0,0,"SMA","Sewa","tidak"
844,51,14454.35,21.1,0.416,3,3,"Diploma","Keluarga","ya"
34,59,10010.86,12.4,0.653,1,3,"SMP","Milik","ya"
832,42,20671.67,20.6,0.02,2,2,"Sarjana","Milik","tidak"
311,22,12363.18,4,0.666,2,2,"Diploma","Milik","ya"
261,46,11938.23,18.7,0.253,0,3,"Diploma","Sewa","tidak"
745,22,11541.13,3.2,0.529,3,4,"Sarjana","Sewa","ya"
301,58,14459.68,6.2,0.375,1,3,"SMA","Milik","tidak"
380,25,21418.97,7,0.433,3,2,"SMA","Sewa","ya"
305,30,17617.67,0.1,0.388,1,5,"SMP","Keluarga","ya"
868,59,17291.13,15.8,0.55,4,0,"SD","Sewa","ya"
350,35,24016.11,14.6,0.245,1,5,"SMA","Sewa","tidak"
283,57,9911.26,12.1,0.467,1,2,"Sarjana","Milik","tidak"
766,35,11725.62,0,0.111,2,0,"SMA","Keluarga","ya"
38,30,27766.11,8.1,0.211,0,1,"SMA","Sewa","tidak"
93,26,9627.68,8,0.438,4,3,"SMA","Sewa","tidak"
297,44,16656.52,7.1,0.401,3,0,"SMA","Keluarga","tidak"
269,54,13776.22,11.3,0.311,3,3,"Diploma","Milik","tidak"
207,53,30035.73,13,0.33,2,3,"Sarjana","Sewa","tidak"
85,23,24634.81,5,0.38,4,0,"SMA","Sewa","tidak"
332,51,13364.6,12.2,0.49,1,1,"SMA","Milik","ya"
2,50,15727.92,9,0.062,1,4,"Sarjana","Sewa","tidak"
861,52,3127.72,15.1,0.385,4,0,"SMA","Sewa","ya"
421,28,11665.17,4.5,0.096,4,5,"SMP","Keluarga","tidak"
520,46,16341.59,0,0.57,2,2,"SMA","Milik","tidak"
433,28,36310.36,10,0.488,4,4,"SMA","Milik","tidak"
586,49,12719.35,5.4,0.3,3,3,"Diploma","Milik","ya"
740,44,15912.63,5.6,0.537,4,1,"Sarjana","Milik","tidak"
48,24,12461.86,6,0.273,2,1,"Sarjana","Keluarga","ya"
371,63,6828.77,16.5,0.02,0,2,"SMA","Keluarga","tidak"
65,64,12490.38,19,0.118,3,3,"SMA","Milik","tidak"
483,59,15927.99,24.7,0.335,3,3,"SD","Milik","ya"
864,40,13685.74,3.9,0.201,4,1,"SD","Keluarga","ya"
396,28,16709.66,10,0.388,4,1,"SMA","Milik","ya"
581,51,11976.85,20.3,0.633,1,1,"SMA","Milik","tidak"
439,46,9817.32,14.6,0.299,3,2,"SMA","Sewa","tidak"
145,25,18941.24,7,0.359,2,3,"SMA","Milik","tidak"
476,44,6712.86,11.5,0.501,1,2,"SMP","Milik","ya"
233,37,16850.71,2.2,0.644,3,3,"SMP","Milik","ya"
406,24,12757.05,6,0.02,3,0,"SMA","Milik","tidak"
823,55,3707.64,18.6,0.483,3,6,"SMP","Sewa","ya"
74,32,9566.27,6.3,0.226,3,3,"SMA","Sewa","ya"
367,46,21468.7,23.7,0.346,2,1,"SMA","Keluarga","tidak"
268,34,4719.02,16,0.027,2,2,"SMA","Sewa","tidak"
889,48,23082.99,0.1,0.24,2,2,"Diploma","Sewa","tidak"
646,62,22930.24,25.8,0.549,1,2,"SMA","Sewa","tidak"
237,25,20448.68,7,0.466,3,3,"SMA","Keluarga","tidak"
881,33,11630.24,15,0.185,3,2,"SMA","Milik","tidak"
76,51,9329.04,0,0.378,1,0,"SMA","Sewa","tidak"
113,59,5962.43,12,0.289,4,3,"SMA","Keluarga","ya"
486,34,11586.22,13,0.086,1,0,"SMA","Milik","tidak"
39,29,10844.74,9.1,0.237,7,5,"SMP","Milik","ya"
674,23,28349.78,5,0.567,0,1,"SMA","Keluarga","ya"
813,62,13501.87,4.7,0.271,0,3,"Sarjana","Milik","tidak"
647,53,9446.82,9.5,0.162,3,6,"SMA","Sewa","tidak"
690,28,18826.1,3.7,0.458,1,2,"SMA","Sewa","tidak"
114,43,17439.64,13.2,0.34,5,1,"Sarjana","Sewa","tidak"
805,32,9622.97,10.4,0.224,4,2,"SMA","Milik","tidak"
71,31,14836.76,11.5,0.371,3,2,"SMA","Milik","ya"
645,53,9069.9,17.6,0.02,1,2,"SMA","Milik","tidak"
682,48,8830.33,8.1,0.456,4,3,"SD","Milik","ya"
671,51,8038.82,9.5,0.204,3,6,"SMA","Keluarga","tidak"
98,22,10026.52,4,0.469,4,2,"SMA","Milik","ya"
117,59,7667.13,10.1,0.621,2,3,"Diploma","Milik","ya"
487,64,17490.6,19,0.449,1,3,"Sarjana","Sewa","ya"
491,22,16123.56,4,0.344,1,2,"SD","Sewa","tidak"
52,21,11382.91,3,0.117,2,1,"SMP","Keluarga","ya"
349,58,25003.41,9.4,0.103,3,1,"Sarjana","Milik","tidak"
246,49,15056.33,25.7,0.33,1,3,"Sarjana","Milik","tidak"
846,35,16411.65,13.4,0.164,1,2,"SMA","Milik","tidak"
573,39,10049.74,0,0.279,4,0,"Diploma","Milik","ya"
330,40,22733.26,0.4,0.152,1,3,"Sarjana","Sewa","tidak"
11,26,12672.27,2.5,0.608,3,3,"SMA","Milik","tidak"
642,27,9714.33,2.7,0.26,2,3,"SD","Milik","ya"
389,49,17892.29,13.8,0.382,3,1,"SMA","Keluarga","tidak"
670,26,8353.85,8,0.378,3,0,"Sarjana","Keluarga","ya"
382,36,7398.77,14.1,0.37,2,3,"SMA","Sewa","ya"
532,53,21804.25,9.1,0.175,3,3,"SMA","Milik","ya"
278,62,18803.39,6,0.378,3,3,"Diploma","Sewa","tidak"
205,47,19201.31,23.5,0.453,6,1,"Sarjana","Milik","tidak"
540,27,16274.56,7.5,0.204,0,1,"SMA","Milik","tidak"
863,36,13150.32,18,0.786,2,3,"SMP","Milik","ya"
484,61,7827.85,2.2,0.313,2,4,"SMP","Milik","tidak"
494,35,9433.61,7.5,0.292,3,1,"SMA","Milik","tidak"
549,52,10748.6,0.4,0.227,6,1,"SMA","Sewa","tidak"
894,56,18493.29,7.3,0.561,2,2,"Diploma","Milik","tidak"
637,27,11038.93,9,0.778,1,5,"SMP","Milik","ya"
133,62,16287.92,9.1,0.245,1,0,"SMA","Milik","tidak"
404,40,15736.4,17.2,0.223,0,0,"Sarjana","Sewa","tidak"
151,61,10262.43,0,0.269,1,5,"SD","Keluarga","tidak"
827,29,6600.16,9.3,0.133,1,1,"SMA","Milik","tidak"
883,57,11125.19,11.5,0.609,4,1,"Diploma","Milik","tidak"
497,22,10200.84,4,0.231,4,3,"Diploma","Keluarga","tidak"
37,58,5848.44,16.4,0.113,4,2,"Diploma","Keluarga","tidak"
149,64,10225.24,3.3,0.146,2,3,"SMA","Keluarga","tidak"
568,52,21323.53,14.6,0.29,2,4,"Sarjana","Milik","ya"
628,62,8687.3,14,0.118,1,2,"Diploma","Keluarga","tidak"
235,56,8872.91,17.4,0.396,3,2,"SMA","Milik","tidak"
802,45,26329.21,20.6,0.223,1,3,"SMA","Sewa","tidak"
412,24,12476.31,6,0.503,1,1,"SMA","Milik","tidak"
139,24,5730.31,6,0.495,1,3,"SMA","Sewa","ya"
547,49,6893.11,14.3,0.38,1,1,"SMA","Keluarga","tidak"
808,52,31388.51,3.1,0.401,4,0,"Diploma","Sewa","tidak"
423,31,20105.45,13,0.385,2,2,"SMP","Sewa","ya"
569,28,11103.01,10,0.302,3,5,"SMP","Sewa","ya"
739,35,4969.73,15.3,0.286,2,1,"SMA","Milik","tidak"
182,53,5124.01,6.6,0.4,1,1,"Diploma","Milik","ya"
236,64,6527.9,14.1,0.248,3,1,"Sarjana","Milik","tidak"
643,57,6342.64,8,0.29,4,3,"SMA","Milik","ya"
567,31,10365.46,13,0.282,2,1,"Diploma","Sewa","tidak"
230,46,20534.18,13.9,0.315,1,1,"SMA","Sewa","tidak"
360,26,9713.22,0,0.148,1,4,"SMP","Milik","tidak"
14,42,8391.75,24,0.383,2,3,"SD","Milik","ya"
571,40,7003.53,17,0.459,1,4,"SMA","Milik","ya"
795,59,6891.59,16.9,0.496,3,1,"SMA","Sewa","ya"
732,48,9920.25,8,0.069,1,2,"SMA","Keluarga","ya"
818,59,6777.38,5.1,0.203,3,2,"SMP","Sewa","ya"
166,62,26088.06,20.8,0.562,1,1,"SMA","Milik","tidak"
258,50,10549.43,0.2,0.662,0,3,"SMP","Milik","tidak"
664,56,18609.42,21.4,0.245,3,3,"Sarjana","Sewa","tidak"
728,41,8932.69,0,0.356,5,6,"SMA","Sewa","ya"
285,47,12405.32,15.7,0.225,1,0,"SMP","Milik","tidak"
617,57,7656.46,3.6,0.02,3,1,"SMA","Sewa","tidak"
70,59,8348.08,4.8,0.44,3,2,"SMP","Keluarga","ya"
432,46,9783.57,5,0.206,2,3,"SMP","Milik","ya"
331,59,11025.67,13.7,0.423,4,2,"SMA","Keluarga","tidak"
425,62,13041.22,22.8,0.567,1,1,"SMA","Sewa","tidak"
778,47,12916.98,13.9,0.265,2,4,"SMA","Milik","tidak"
344,25,17008.54,7,0.569,2,3,"SMA","Sewa","ya"
604,48,8380.34,15.9,0.269,3,0,"SMA","Milik","tidak"
174,42,18518.2,0,0.62,2,1,"SD","Sewa","ya"
680,26,15036.76,8,0.483,2,1,"Sarjana","Milik","tidak"
267,59,6012.82,6.5,0.37,1,3,"SMP","Sewa","ya"
274,22,6639.26,4,0.427,2,0,"SMP","Milik","ya"
700,32,24112.13,1.9,0.343,2,3,"SMA","Milik","tidak"
168,43,13000.24,5.9,0.375,2,3,"SMA","Milik","tidak"
51,23,10411.97,5,0.331,4,4,"SMA","Sewa","tidak"
702,53,13426.73,19.7,0.235,3,2,"Diploma","Milik","tidak"
503,52,6617.74,9.9,0.601,4,1,"SMA","Keluarga","ya"
790,48,10658.77,20.5,0.172,0,1,"SMA","Milik","ya"
370,33,16415.99,15,0.481,0,2,"SD","Sewa","ya"
749,45,9470.36,17.2,0.667,5,1,"SMA","Sewa","tidak"
36,35,8875.58,0,0.102,2,1,"Diploma","Milik","tidak"
26,36,8445.84,10.2,0.18,2,3,"SMP","Sewa","ya"
771,55,22712.68,12.6,0.162,0,1,"SMP","Milik","tidak"
555,37,14897.77,19,0.352,5,4,"SMA","Keluarga","ya"
17,64,6111.26,13.4,0.265,3,1,"SMP","Milik","tidak"
77,46,8818.28,15,0.488,2,2,"Diploma","Sewa","ya"
575,44,4840.17,18.4,0.541,2,1,"SMP","Sewa","ya"
365,33,12106.91,15,0.618,0,0,"SMA","Milik","ya"
276,57,13420.55,4.6,0.28,4,3,"SMA","Milik","ya"
402,52,10585.69,0,0.336,1,3,"SD","Keluarga","ya"
608,22,7227.41,4,0.346,1,0,"SMA","Keluarga","ya"
218,63,5403.21,0,0.165,2,4,"Diploma","Sewa","ya"
73,45,9357.55,0.4,0.134,0,1,"Sarjana","Keluarga","tidak"
663,30,4178.1,12,0.154,0,3,"SMA","Milik","ya"
837,23,18724.67,5,0.319,1,1,"SMA","Milik","tidak"
751,47,8746.75,3.8,0.295,2,1,"SD","Sewa","tidak"
15,23,3583.72,5,0.366,3,3,"SMA","Sewa","tidak"
181,47,19051.86,6.4,0.309,2,0,"SMP","Milik","tidak"
724,62,13969.94,18.8,0.16,3,0,"SD","Keluarga","tidak"
315,34,3471.13,3.7,0.041,2,0,"SD","Sewa","tidak"
538,54,10584.43,16.1,0.17,4,3,"SMP","Sewa","tidak"
661,53,7512.5,4.7,0.458,3,4,"Diploma","Milik","ya"
294,53,21791.88,10.1,0.117,1,2,"Sarjana","Keluarga","tidak"
607,22,28194.97,0,0.397,2,2,"SMP","Milik","tidak"
761,34,12807.53,5.2,0.259,1,2,"SMA","Milik","tidak"
461,39,18739.88,21,0.279,1,1,"SMA","Milik","tidak"
244,25,23226.64,7,0.446,7,1,"Sarjana","Keluarga","tidak"
574,34,9800.08,4.1,0.272,3,3,"SMA","Milik","tidak"
19,50,14936.56,9.6,0.453,1,1,"Diploma","Sewa","ya"
303,33,10725.08,15,0.568,4,1,"Sarjana","Keluarga","tidak"
163,27,9147.19,9,0.538,1,3,"Sarjana","Keluarga","ya"
299,21,14167.58,3,0.195,2,2,"Diploma","Keluarga","tidak"
187,65,10630.25,29.6,0.38,5,2,"Sarjana","Milik","tidak"
393,35,17866.2,12.6,0.387,0,6,"SMA","Keluarga","ya"
650,44,10106.27,17.8,0.153,0,1,"Diploma","Milik","tidak"
590,53,7594.53,3,0.288,3,2,"SMA","Milik","tidak"
578,48,15045.25,19.7,0.504,2,0,"SMA","Milik","tidak"
884,38,17782.32,12.3,0.475,2,0,"SMA","Sewa","tidak"
723,24,6043.44,6,0.385,3,3,"SMA","Sewa","tidak"
576,43,6449.61,23.9,0.398,2,2,"SMA","Sewa","ya"
