"id_pelanggan","wilayah","segmen","lama_langganan","tagihan_bulanan","jumlah_transaksi","skor_kepuasan"
10350,"Perkotaan","Baru",49,819.35,21,1.2
10279,"Perdesaan","Pasif",38,250.17,93,4.8
10071,"Perdesaan","Pasif",39,702.83,36,2.3
10144,"Perkotaan","Aktif",6,485.03,87,2.5
10278,"Perkotaan","Aktif",46,776.65,48,1.6
10014,"Perkotaan","Baru",19,56.38,3,4
10234,"Perkotaan","Baru",34,340.75,100,3.1
10431,"Perdesaan","Aktif",11,301.2,22,4.6
10127,"Perdesaan","Aktif",32,734.74,51,3.6
10291,"Perdesaan","Aktif",39,550.76,111,3.2
10004,"Perkotaan","Aktif",5,264.12,90,3.2
10346,"Perkotaan","Baru",71,737.7,44,3.5
10116,"Perkotaan","Pasif",64,645.17,87,3
10424,"Perkotaan","Pasif",10,351.8,83,3.3
10078,"Perdesaan","Aktif",67,487.26,44,4
10179,"Perkotaan","Pasif",14,802.3,101,2.3
10273,"Perkotaan","Pasif",58,294.41,11,2.3
10002,"Perdesaan","Baru",43,132.19,61,3.5
10160,"Perkotaan","Baru",52,576.7,52,1
10010,"Perdesaan","Aktif",31,706.79,118,4.9
10171,"Perdesaan","Pasif",39,693.21,43,4.5
10172,"Perdesaan","Aktif",16,151.35,26,3.9
10117,"Perdesaan","Baru",25,639.11,7,2.8
10032,"Perdesaan","Pasif",42,385.29,93,1.7
10207,"Perkotaan","Aktif",42,157.04,43,4.1
10094,"Perdesaan","Pasif",54,507.57,18,3.5
10206,"Perkotaan","Aktif",22,94.21,108,3.8
10071,"Perkotaan","Pasif",71,260.14,45,4.1
10004,"Perkotaan","Baru",55,382.4,28,2.8
10301,"Perkotaan","Pasif",49,671.01,28,3
10456,"Perkotaan","Aktif",47,139.02,30,4
10089,"Perkotaan","Pasif",35,430.22,100,2.1
10366,"Perkotaan","Aktif",37,453.24,115,1.4
10009,"Perkotaan","Aktif",38,474.2,54,3.5
10293,"Perdesaan","Pasif",29,444.11,64,3.7
10213,"Perkotaan","Baru",6,175.33,65,2.2
10106,"Perdesaan","Aktif",45,296.62,6,4.6
10239,"Perkotaan","Aktif",14,291.41,16,2
10378,"Perkotaan","Aktif",55,87.15,13,4.7
10224,"Perkotaan","Aktif",70,300.71,76,4.6
10186,"Perdesaan","Aktif",66,310.14,118,2.3
10438,"Perdesaan","Aktif",19,760.64,73,4.3
10218,"Perkotaan","Baru",7,316.56,105,2.5
10221,"Perdesaan","Aktif",52,509.73,111,4.1
10042,"Perkotaan","Aktif",20,88.69,52,4.4
10018,"Perkotaan","Pasif",36,351.5,48,1.7
10464,"Perdesaan","Aktif",69,629.71,3,2.2
10148,"Perkotaan","Aktif",21,656.81,31,4.5
10260,"Perdesaan","Aktif",32,397.12,4,3.8
10119,"Perkotaan","Baru",29,387.61,53,3.6
10486,"Perdesaan","Pasif",68,467.72,11,2.6
10317,"Perkotaan","Baru",66,363.85,85,2.3
10479,"Perdesaan","Aktif",16,629.99,9,2
10443,"Perkotaan","Aktif",31,566.45,92,4.7
10262,"Perkotaan","Pasif",64,751.72,45,3.1
10358,"Perkotaan","Aktif",58,297.03,43,4.3
10371,"Perkotaan","Aktif",15,126.28,106,2.8
10024,"Perdesaan","Aktif",60,830.1,90,4.3
10479,"Perkotaan","Baru",15,842.03,38,2.4
10101,"Perkotaan","Baru",11,769.58,106,1.6
10150,"Perdesaan","Pasif",45,250.16,26,2.1
10448,"Perdesaan","Aktif",33,594.93,13,1.4
10283,"Perdesaan","Aktif",29,478.55,14,4
10228,"Perkotaan","Aktif",58,138.73,78,2.9
10200,"Perkotaan","Baru",10,616.07,13,4.9
10042,"Perkotaan","Aktif",15,590.23,72,2.2
10316,"Perkotaan","Aktif",11,303.85,40,2.4
10233,"Perdesaan","Aktif",10,392.09,59,1.9
10287,"Perdesaan","Pasif",45,745.6,12,1.5
10331,"Perkotaan","Aktif",53,531.42,20,1.1
10439,"Perkotaan","Baru",11,348.86,115,1.7
10190,"Perdesaan","Baru",20,482.83,113,4.9
10362,"Perkotaan","Pasif",61,383.89,46,3.3
10429,"Perkotaan","Baru",70,276.94,11,3.8
10094,"Perkotaan","Baru",65,843.68,100,3
10317,"Perkotaan","Aktif",1,652.17,35,2
10359,"Perdesaan","Aktif",9,464.26,31,1.6
10271,"Perkotaan","Pasif",45,341.84,95,4.8
10103,"Perkotaan","Pasif",4,586.34,64,3.4
10450,"Perdesaan","Pasif",67,496.15,91,2.7
10063,"Perdesaan","Pasif",2,63.07,19,2.8
10476,"Perdesaan","Baru",65,136.93,91,3.2
10391,"Perkotaan","Baru",57,496.5,25,3.5
10481,"Perkotaan","Aktif",57,356.73,44,3.7
10058,"Perdesaan","Baru",11,454.91,39,2.8
10489,"Perkotaan","Baru",66,268.18,28,3.5
10311,"Perdesaan","Pasif",61,102.25,51,1.3
10464,"Perdesaan","Pasif",19,824.57,108,3.9
10102,"Perkotaan","Aktif",31,372.88,69,4.7
10109,"Perkotaan","Baru",15,273.87,104,3.4
10461,"Perdesaan","Aktif",7,195.58,68,4.7
10361,"Perkotaan","Baru",47,815.33,26,3
10381,"Perkotaan","Pasif",15,194.76,94,3.1
10143,"Perkotaan","Pasif",12,758.35,112,2.1
10172,"Perkotaan","Aktif",38,426.09,25,4.8
10171,"Perkotaan","Aktif",56,707.89,119,1.2
10394,"Perkotaan","Pasif",70,478.78,100,4.3
10183,"Perdesaan","Aktif",13,705.73,113,2.1
10333,"Perkotaan","Aktif",47,525.12,83,1.6
10187,"Perdesaan","Baru",52,193.61,13,3.8
10061,"Perkotaan","Baru",5,778.43,7,4.2
10416,"Perdesaan","Aktif",65,560.99,21,4
10210,"Perkotaan","Pasif",23,289.72,11,1.5
10042,"Perdesaan","Aktif",18,260.74,102,3.4
10089,"Perkotaan","Pasif",9,450.97,113,2.5
10091,"Perkotaan","Aktif",54,250.49,9,1.8
10337,"Perdesaan","Aktif",11,521.21,68,3.7
10304,"Perdesaan","Pasif",23,347.28,113,4.5
10131,"Perkotaan","Aktif",56,679.14,45,4.6
10296,"Perdesaan","Aktif",15,441.44,38,4.8
10205,"Perkotaan","Baru",25,151.84,72,1.9
10433,"Perkotaan","Pasif",31,226.15,102,2
10055,"Perkotaan","Aktif",62,464.72,11,3.4
10162,"Perdesaan","Baru",63,754.92,94,4.7
10085,"Perdesaan","Aktif",43,498.8,48,4.5
10027,"Perdesaan","Pasif",30,758.41,64,3.8
10277,"Perdesaan","Aktif",38,127.96,91,3.1
10072,"Perdesaan","Aktif",65,731.46,102,1.1
10080,"Perdesaan","Baru",69,123.01,36,1.1
10390,"Perkotaan","Aktif",69,640.45,98,3.2
10222,"Perkotaan","Aktif",22,766.66,30,4.3
10067,"Perkotaan","Aktif",2,741.2,7,1.2
10284,"Perkotaan","Baru",46,671.78,26,3.9
10387,"Perdesaan","Pasif",34,378.1,7,3
10211,"Perdesaan","Aktif",72,262.94,111,4.3
10031,"Perkotaan","Pasif",40,823.37,74,2.2
10193,"Perdesaan","Aktif",27,529.38,82,2.9
10232,"Perdesaan","Pasif",20,501.26,82,1.8
10022,"Perkotaan","Aktif",69,403.61,8,4.6
10206,"Perdesaan","Pasif",69,626.2,106,4.4
10197,"Perkotaan","Pasif",5,226.09,30,3.3
10322,"Perkotaan","Pasif",66,751.29,14,3.3
10019,"Perkotaan","Aktif",44,687.64,3,3.1
10047,"Perdesaan","Aktif",9,587.15,116,1
10438,"Perkotaan","Baru",22,251.18,61,2.9
10003,"Perdesaan","Aktif",32,436.68,61,2.4
10080,"Perdesaan","Pasif",6,494.91,72,5
10255,"Perdesaan","Aktif",71,50.3,51,3.8
10280,"Perdesaan","Pasif",20,626.61,47,4.2
10169,"Perkotaan","Aktif",63,521.58,87,3.7
10349,"Perdesaan","Baru",71,751.53,16,1
10143,"Perdesaan","Pasif",43,131.52,61,2.5
10252,"Perdesaan","Aktif",31,252.39,5,2.3
10321,"Perkotaan","Pasif",57,472.05,102,4
10456,"Perkotaan","Baru",21,777.59,35,4.1
10038,"Perdesaan","Baru",52,87.67,7,4.4
10100,"Perdesaan","Baru",62,835.58,1,2.1
10319,"Perkotaan","Baru",38,771.12,2,2.9
10336,"Perdesaan","Baru",18,489.1,101,1.8
10029,"Perkotaan","Aktif",12,106.4,2,3.3
10083,"Perdesaan","Pasif",43,208.18,29,1.9
10025,"Perdesaan","Aktif",48,606.74,20,3.7
10492,"Perdesaan","Pasif",44,225.34,0,3.6
10268,"Perkotaan","Aktif",26,808.31,13,4.6
10377,"Perkotaan","Pasif",25,282.16,102,2.2
10370,"Perkotaan","Pasif",36,318.1,110,3.1
10183,"Perdesaan","Baru",26,608.24,76,3
10349,"Perkotaan","Aktif",61,264.22,89,4.2
10392,"Perdesaan","Pasif",69,782.6,0,2.8
10014,"Perdesaan","Aktif",70,128.56,109,4.5
10063,"Perkotaan","Aktif",32,457.61,47,2.8
10253,"Perkotaan","Baru",13,416.34,40,4.2
10467,"Perkotaan","Baru",71,206.92,18,2.2
10057,"Perkotaan","Baru",49,527.96,32,4.5
10063,"Perkotaan","Pasif",31,293.04,109,1.9
10190,"Perkotaan","Pasif",50,397.14,44,3.1
10031,"Perkotaan","Baru",30,749.95,117,4.7
10225,"Perdesaan","Aktif",12,495.57,108,2.7
10240,"Perkotaan","Baru",20,108.54,67,4.2
10050,"Perdesaan","Pasif",20,138.29,13,3.2
10401,"Perdesaan","Pasif",1,439.72,101,3.2
10364,"Perdesaan","Pasif",8,779.84,58,3.9
10248,"Perkotaan","Aktif",3,268.07,111,3.2
10392,"Perkotaan","Pasif",20,572.59,55,1.4
10113,"Perkotaan","Pasif",34,695.27,39,3.4
10286,"Perdesaan","Aktif",24,766.52,37,1.7
10440,"Perdesaan","Aktif",17,555.9,82,4.9
10470,"Perdesaan","Aktif",22,184.96,36,4.1
10496,"Perdesaan","Aktif",68,358.98,48,2.4
10263,"Perdesaan","Aktif",17,678.04,48,4.5
10014,"Perdesaan","Aktif",46,78.72,33,1.5
10136,"Perkotaan","Pasif",52,318.48,45,4.9
10465,"Perdesaan","Pasif",23,526.43,77,3.1
10315,"Perkotaan","Aktif",10,811.85,76,1.9
10159,"Perdesaan","Baru",61,146.84,47,3.9
10132,"Perkotaan","Aktif",4,417.86,1,4.7
10419,"Perkotaan","Pasif",18,289.99,97,3.2
10072,"Perkotaan","Aktif",36,83.72,100,3.1
10018,"Perkotaan","Aktif",41,799.92,42,2.4
10206,"Perkotaan","Aktif",62,808.53,94,1.2
10199,"Perdesaan","Aktif",54,818.42,19,4.2
10051,"Perkotaan","Pasif",5,688.92,99,2.1
10085,"Perdesaan","Aktif",38,737.51,83,4.7
10457,"Perkotaan","Aktif",70,848.17,13,2.4
10157,"Perdesaan","Aktif",30,504.79,97,3.1
10153,"Perdesaan","Aktif",35,759.65,69,2.8
10071,"Perkotaan","Aktif",29,269.98,8,4.9
10276,"Perkotaan","Baru",56,325.52,1,3.8
10322,"Perdesaan","Aktif",26,598.67,10,1.3
10097,"Perkotaan","Aktif",31,794.44,86,2.3
10444,"Perdesaan","Baru",67,688.61,65,1.8
10316,"Perkotaan","Aktif",6,385.2,104,2.5
10156,"Perkotaan","Aktif",37,697.4,66,4.5
10482,"Perkotaan","Aktif",42,574.46,72,3.2
10206,"Perdesaan","Pasif",14,133.36,33,2.1
10374,"Perkotaan","Baru",32,740.12,85,4.9
10067,"Perkotaan","Pasif",22,151.09,112,4.5
10485,"Perdesaan","Pasif",3,515.6,19,2.5
10420,"Perkotaan","Aktif",12,202.03,6,2
10288,"Perkotaan","Aktif",67,76.62,29,1.5
10357,"Perkotaan","Aktif",48,574.18,8,4.6
10075,"Perdesaan","Pasif",56,527.61,97,2.5
10030,"Perdesaan","Aktif",28,115.91,42,2.4
10038,"Perkotaan","Aktif",38,351.88,32,4.9
10465,"Perkotaan","Aktif",44,683.14,68,2.9
10278,"Perdesaan","Aktif",71,679.96,101,1.5
10061,"Perkotaan","Aktif",45,104.02,15,3.6
10072,"Perkotaan","Baru",11,557.65,59,2
10074,"Perkotaan","Baru",1,578.74,102,1.4
10174,"Perdesaan","Aktif",3,421.09,31,3.5
10036,"Perdesaan","Pasif",14,417.91,45,2.9
10315,"Perkotaan","Aktif",29,469.84,11,3.4
10059,"Perkotaan","Aktif",71,478.27,15,3
10372,"Perdesaan","Aktif",48,777.34,6,3.9
10183,"Perkotaan","Baru",42,827.76,19,4.6
10434,"Perdesaan","Aktif",37,808.63,54,3.7
10352,"Perkotaan","Aktif",32,419.86,22,1.6
10067,"Perkotaan","Baru",22,577.98,13,2.9
10120,"Perdesaan","Aktif",51,449.27,78,4.6
10093,"Perkotaan","Aktif",13,569.9,24,4.9
10211,"Perdesaan","Aktif",52,343.42,18,2.9
10102,"Perkotaan","Baru",5,172.31,108,1.8
10195,"Perkotaan","Pasif",8,671.62,61,2.4
10249,"Perkotaan","Pasif",31,648.6,15,3.8
10440,"Perkotaan","Aktif",37,785.56,12,4.3
10361,"Perdesaan","Aktif",69,462.51,34,1.1
10494,"Perdesaan","Pasif",55,174.72,60,3.5
10037,"Perkotaan","Baru",37,540.61,16,3.5
10072,"Perdesaan","Pasif",43,533.9,67,4.2
10446,"Perdesaan","Aktif",58,68.61,40,1.2
10486,"Perdesaan","Baru",30,90.83,108,4.8
10271,"Perkotaan","Baru",50,296.83,78,1.1
10492,"Perdesaan","Aktif",30,803.53,55,2.9
10410,"Perkotaan","Aktif",67,68.32,117,1.7
10296,"Perdesaan","Aktif",12,595.14,94,1.2
10261,"Perkotaan","Aktif",17,58.14,18,2.1
10408,"Perkotaan","Pasif",27,798.69,5,2.2
10159,"Perdesaan","Aktif",4,490.24,75,4.3
10021,"Perdesaan","Pasif",48,303.65,75,2.7
10039,"Perdesaan","Aktif",31,113.96,74,4.3
10341,"Perkotaan","Baru",19,541.14,59,3.1
10185,"Perkotaan","Aktif",52,71.12,36,1.8
10147,"Perdesaan","Aktif",37,760.34,109,1.2
10352,"Perdesaan","Baru",5,586.63,87,1.4
10218,"Perkotaan","Pasif",43,619.91,9,2
10086,"Perkotaan","Aktif",49,112.76,51,3.4
10355,"Perkotaan","Pasif",60,700.26,93,2.3
10453,"Perkotaan","Aktif",58,837.94,108,1.3
10425,"Perdesaan","Aktif",5,769.32,41,2.7
10324,"Perkotaan","Pasif",69,185.98,100,1.1
10241,"Perdesaan","Aktif",40,355.16,61,2.1
10295,"Perkotaan","Baru",59,159,67,1.9
10498,"Perdesaan","Aktif",61,492.48,59,2.2
10129,"Perdesaan","Aktif",54,351.74,1,3.1
10361,"Perkotaan","Pasif",46,476.27,71,4.8
10103,"Perkotaan","Pasif",67,69.6,113,5
10210,"Perdesaan","Pasif",3,314.7,32,2.7
10297,"Perdesaan","Baru",37,582.22,87,4.7
10336,"Perkotaan","Aktif",34,66.35,74,1.4
10375,"Perkotaan","Aktif",41,254.18,62,4.1
10231,"Perkotaan","Aktif",65,279.9,78,1.6
10239,"Perdesaan","Pasif",53,109.88,72,3
10069,"Perdesaan","Aktif",12,796.93,49,3
10115,"Perkotaan","Aktif",17,139.54,5,1.1
10347,"Perkotaan","Baru",41,841.5,41,4.9
10295,"Perkotaan","Baru",27,134.88,48,2.3
10415,"Perkotaan","Pasif",18,176.66,117,3.9
10353,"Perdesaan","Aktif",70,371.67,8,3.1
10325,"Perdesaan","Aktif",62,259.76,15,1.4
10015,"Perdesaan","Aktif",15,253.25,2,4.5
10323,"Perkotaan","Pasif",63,64.97,47,2.9
10381,"Perdesaan","Pasif",20,453.11,37,1.7
10282,"Perdesaan","Aktif",45,535.43,87,1.9
10326,"Perkotaan","Aktif",59,555.25,106,4.3
10401,"Perkotaan","Baru",50,293.36,68,1.5
10267,"Perdesaan","Pasif",49,779.16,20,2.1
10051,"Perdesaan","Aktif",33,138.74,108,3.1
10036,"Perkotaan","Pasif",38,564.68,73,4.5
10438,"Perkotaan","Aktif",71,356.35,80,5
10384,"Perkotaan","Baru",55,725.78,69,4.9
10092,"Perkotaan","Aktif",61,182.14,92,4.7
10442,"Perkotaan","Baru",40,399.12,110,1.4
10316,"Perdesaan","Aktif",8,714.19,100,1.3
10435,"Perkotaan","Aktif",24,821.03,57,4
10391,"Perkotaan","Aktif",7,581.15,8,3.6
10323,"Perdesaan","Baru",19,277.97,38,2.7
10297,"Perdesaan","Aktif",36,483.84,57,3.9
10254,"Perdesaan","Aktif",3,364.81,19,4.1
10031,"Perkotaan","Aktif",27,706.24,89,4.3
10218,"Perkotaan","Aktif",70,398.03,5,4.9
10255,"Perdesaan","Pasif",43,605.77,113,3.7
10253,"Perkotaan","Aktif",15,154.35,5,4.7
10316,"Perdesaan","Pasif",25,57.42,3,4.7
10172,"Perdesaan","Pasif",14,298.4,9,3.2
10420,"Perkotaan","Pasif",22,538.78,19,1.4
10055,"Perdesaan","Baru",12,784.92,9,4.9
10346,"Perkotaan","Aktif",60,604.29,101,4.2
10141,"Perdesaan","Aktif",71,113.96,115,1.7
10359,"Perkotaan","Pasif",59,551.91,101,2.5
10412,"Perdesaan","Baru",58,802.08,13,4
10437,"Perkotaan","Baru",55,268.93,36,2.2
10372,"Perdesaan","Pasif",38,493.53,100,2.8
10121,"Perdesaan","Aktif",36,491.44,6,4.4
10390,"Perdesaan","Aktif",34,423.38,75,3.8
10135,"Perdesaan","Baru",58,399.66,20,4.9
10419,"Perdesaan","Aktif",7,815.52,12,1.9
10249,"Perdesaan","Baru",5,147.13,111,3.6
10223,"Perkotaan","Baru",23,99.48,40,4.9
10317,"Perkotaan","Aktif",7,830.33,1,4.1
10306,"Perdesaan","Pasif",68,327.1,61,1.1
10460,"Perdesaan","Aktif",63,97.02,45,2.3
10222,"Perkotaan","Pasif",29,776.93,86,3.6
10098,"Perkotaan","Aktif",24,249.7,86,3.4
10474,"Perkotaan","Aktif",61,633.39,13,1.6
10096,"Perdesaan","Aktif",45,755.79,54,1.3
10341,"Perdesaan","Baru",57,699.24,22,2.7
10391,"Perdesaan","Aktif",70,91.15,58,3.3
10320,"Perkotaan","Aktif",11,645.08,44,4.7
10173,"Perdesaan","Aktif",25,651.93,114,4.7
10375,"Perkotaan","Baru",61,434.78,70,2.9
10208,"Perkotaan","Pasif",12,349.52,42,4.7
10352,"Perkotaan","Aktif",63,435.73,109,3.7
10364,"Perdesaan","Pasif",1,339.53,72,2.8
10430,"Perdesaan","Aktif",51,608.07,97,1.2
10135,"Perdesaan","Aktif",31,71.56,39,3.2
10421,"Perdesaan","Pasif",15,301.93,37,1.1
10118,"Perdesaan","Aktif",31,241.86,83,1.3
10271,"Perdesaan","Pasif",6,460.12,64,1.8
10200,"Perkotaan","Aktif",60,578.31,42,1.1
10305,"Perdesaan","Baru",15,422.56,112,4.2
10174,"Perdesaan","Aktif",22,324.85,76,3.9
10273,"Perdesaan","Aktif",17,66.86,74,1.1
10124,"Perdesaan","Aktif",28,759.27,55,1.9
10049,"Perdesaan","Aktif",33,300.36,37,3.5
10405,"Perdesaan","Aktif",33,471.13,119,3.1
10031,"Perdesaan","Baru",53,240.78,92,4.2
10158,"Perkotaan","Aktif",46,446.34,115,4
10155,"Perdesaan","Aktif",62,542.38,25,1.8
10264,"Perkotaan","Aktif",53,422.38,32,4.7
10148,"Perkotaan","Aktif",21,115.02,19,1.6
10278,"Perdesaan","Pasif",18,578.55,35,4.6
10494,"Perkotaan","Pasif",51,549.61,65,4.9
10017,"Perkotaan","Aktif",44,770.83,9,4.3
10024,"Perkotaan","Baru",64,82.9,87,3.4
10318,"Perkotaan","Baru",46,692.61,17,2.5
10449,"Perdesaan","Aktif",13,138.25,65,2.6
10467,"Perdesaan","Aktif",39,683.23,3,4.5
10025,"Perdesaan","Aktif",17,757.21,52,1.9
10248,"Perkotaan","Pasif",66,800.75,89,1.8
10374,"Perkotaan","Aktif",55,710.27,95,2.8
10110,"Perkotaan","Baru",4,318.34,20,1.7
10133,"Perkotaan","Pasif",22,530.34,12,2.9
10453,"Perdesaan","Aktif",53,433.6,54,1.4
10083,"Perkotaan","Baru",62,213.71,111,3.9
10302,"Perdesaan","Aktif",64,825.08,115,3.1
10112,"Perdesaan","Aktif",21,834.35,54,3.4
10423,"Perkotaan","Aktif",9,299.8,89,3.9
10466,"Perkotaan","Aktif",14,143.87,71,2.5
10293,"Perdesaan","Pasif",41,663.52,12,4.5
10455,"Perdesaan","Baru",33,483.3,63,2.6
10365,"Perkotaan","Pasif",13,546.39,24,4.4
10276,"Perdesaan","Baru",67,820.8,94,2.2
10463,"Perkotaan","Aktif",27,833.41,4,3.3
10248,"Perkotaan","Pasif",65,174.9,72,2.7
10373,"Perkotaan","Aktif",37,806.01,13,2.5
10067,"Perdesaan","Aktif",62,803.3,8,1.8
10323,"Perkotaan","Aktif",32,525.66,112,3
10043,"Perdesaan","Baru",21,301.53,52,2.9
10126,"Perdesaan","Pasif",70,630.91,81,3.8
10099,"Perkotaan","Aktif",9,463.17,62,3.7
10360,"Perdesaan","Pasif",34,51.12,10,4.5
10450,"Perdesaan","Aktif",62,628.93,21,4.2
10170,"Perdesaan","Aktif",7,429.94,87,2
10265,"Perkotaan","Baru",27,740.48,100,3.3
10493,"Perkotaan","Aktif",17,652.97,92,1.5
10345,"Perkotaan","Aktif",36,451.47,15,4.6
10317,"Perkotaan","Aktif",28,844.45,16,1.1
10114,"Perkotaan","Pasif",65,635.28,19,1.7
10107,"Perdesaan","Baru",24,491.18,53,1.4
10259,"Perkotaan","Pasif",61,496.31,87,2.1
10475,"Perkotaan","Aktif",53,637.77,65,1.9
10387,"Perkotaan","Baru",58,414.81,95,4.1
10162,"Perdesaan","Baru",18,476.75,76,2.1
10014,"Perkotaan","Aktif",64,568.04,100,2.8
10029,"Perkotaan","Baru",51,134.11,95,3.4
10336,"Perdesaan","Baru",37,642.14,112,2.9
10075,"Perdesaan","Baru",27,478.37,85,1.8
10397,"Perkotaan","Baru",65,604.86,63,4.6
10259,"Perkotaan","Aktif",10,638.33,62,2.6
10012,"Perkotaan","Aktif",17,666.55,2,3.5
10167,"Perdesaan","Baru",35,541.92,120,1.6
10205,"Perdesaan","Baru",43,412.26,12,3.3
10339,"Perdesaan","Aktif",20,665.24,57,1.5
10076,"Perkotaan","Aktif",51,340.88,93,3.4
10205,"Perdesaan","Pasif",37,448.63,5,2.5
10044,"Perkotaan","Aktif",39,569.33,20,1.6
10017,"Perkotaan","Pasif",68,312.2,21,1.3
10226,"Perdesaan","Aktif",59,140.58,30,4.3
10194,"Perdesaan","Pasif",34,725.82,42,1.9
10375,"Perkotaan","Aktif",57,421.59,68,3.8
10481,"Perdesaan","Pasif",32,128.7,97,5
10245,"Perkotaan","Baru",27,808.15,113,1.1
10165,"Perdesaan","Pasif",6,669.76,9,3.3
10333,"Perkotaan","Pasif",50,303.96,0,1.6
10140,"Perdesaan","Pasif",43,493.26,10,2.1
10110,"Perdesaan","Pasif",41,361,68,2.7
10227,"Perdesaan","Aktif",31,53.62,47,2.9
10140,"Perkotaan","Baru",63,491.38,23,2.8
10475,"Perdesaan","Aktif",67,295.79,88,4
10196,"Perkotaan","Aktif",32,217.1,40,4.4
10097,"Perdesaan","Pasif",3,771.55,93,3.5
10027,"Perdesaan","Aktif",26,382.19,8,2.4
10391,"Perdesaan","Pasif",15,65.23,44,2.7
10214,"Perdesaan","Aktif",48,710.96,45,4
10136,"Perdesaan","Pasif",22,791.59,22,1.3
10147,"Perkotaan","Aktif",6,548.3,82,3.8
10186,"Perdesaan","Baru",38,789.94,118,2.6
10182,"Perdesaan","Baru",61,360.99,77,1.9
10181,"Perdesaan","Aktif",20,755.51,81,4.5
10388,"Perkotaan","Baru",47,534.43,62,1.9
10392,"Perdesaan","Pasif",42,427.82,64,3.2
10178,"Perkotaan","Pasif",33,261.93,75,3.7
10365,"Perkotaan","Aktif",72,280.33,86,3.6
10164,"Perkotaan","Pasif",49,583.51,52,4.1
10430,"Perkotaan","Baru",26,98.05,27,3.1
10230,"Perdesaan","Pasif",17,436.64,115,3.5
10428,"Perdesaan","Aktif",39,425.14,71,3.9
10195,"Perdesaan","Aktif",30,294.46,40,3.4
10492,"Perdesaan","Baru",17,378.81,82,4.9
10133,"Perkotaan","Baru",20,637.54,14,2.2
10265,"Perkotaan","Baru",62,827.57,28,3.8
10148,"Perdesaan","Baru",48,191.49,94,1.5
10004,"Perkotaan","Aktif",9,532.69,48,1.3
10103,"Perdesaan","Aktif",29,432.62,51,3.9
10148,"Perkotaan","Baru",25,288,86,3.5
10319,"Perdesaan","Pasif",2,271.06,77,1.4
10110,"Perkotaan","Pasif",44,723.22,7,2.4
10279,"Perkotaan","Aktif",29,617.58,67,3.1
10192,"Perkotaan","Baru",58,687.55,105,3.2
10012,"Perkotaan","Aktif",13,753.45,82,2
10438,"Perdesaan","Aktif",44,299.49,51,2
10263,"Perkotaan","Aktif",19,230.89,61,2.1
10143,"Perkotaan","Aktif",54,595.1,34,4.6
10355,"Perkotaan","Baru",5,555.41,43,3
10106,"Perdesaan","Aktif",7,263.55,27,3
10232,"Perkotaan","Aktif",29,368.72,98,4.8
10345,"Perkotaan","Pasif",21,248.2,113,3.8
10357,"Perdesaan","Pasif",69,488.61,83,2.4
10379,"Perkotaan","Aktif",34,199.33,43,2.3
10416,"Perkotaan","Baru",71,218.24,71,1.3
10203,"Perdesaan","Aktif",62,325.88,62,5
10427,"Perdesaan","Aktif",47,578.08,47,1.8
10330,"Perdesaan","Pasif",36,177.8,33,2.8
10016,"Perkotaan","Aktif",31,553.64,91,2.2
10346,"Perkotaan","Baru",30,689.02,21,3.7
10218,"Perdesaan","Aktif",17,75.69,51,2.5
10322,"Perkotaan","Baru",39,645.37,86,2.5
10093,"Perkotaan","Aktif",9,534.38,56,3.1
10143,"Perdesaan","Pasif",11,412.64,57,2.2
10263,"Perkotaan","Baru",9,327.28,9,3.2
10385,"Perdesaan","Aktif",7,808.87,69,3.1
10195,"Perdesaan","Aktif",10,58.11,111,3.8
10007,"Perdesaan","Aktif",48,604.35,30,4.6
10175,"Perdesaan","Aktif",64,609.63,83,1.3
10365,"Perdesaan","Baru",14,655.36,101,4.8
10444,"Perkotaan","Aktif",13,181,41,3.4
10329,"Perkotaan","Aktif",45,327.39,84,2.7
10018,"Perdesaan","Aktif",6,564.15,40,3
10490,"Perkotaan","Pasif",8,787.74,79,3
10398,"Perkotaan","Aktif",72,469.25,62,2.8
10302,"Perdesaan","Pasif",17,488.57,81,4.5
10259,"Perkotaan","Aktif",54,740.51,55,4.1
10272,"Perdesaan","Pasif",38,305.47,107,4.8
10219,"Perkotaan","Pasif",9,54.96,79,2.1
10442,"Perkotaan","Aktif",10,700.12,94,2.4
10436,"Perkotaan","Pasif",56,756.97,18,4.8
10384,"Perdesaan","Aktif",32,218.36,37,2.7
10289,"Perdesaan","Baru",37,89.68,100,1.1
10250,"Perkotaan","Pasif",43,163.01,78,4.5
10363,"Perkotaan","Aktif",45,598.61,73,3.1
10246,"Perkotaan","Aktif",68,776.21,62,3.6
10302,"Perdesaan","Aktif",9,750.69,111,2
10278,"Perdesaan","Aktif",19,722.7,115,1.7
10364,"Perkotaan","Aktif",2,535.81,85,2.7
10072,"Perkotaan","Aktif",49,731.52,12,4.1
10168,"Perkotaan","Baru",5,659.84,69,1.8
10446,"Perkotaan","Aktif",55,650.66,72,1
10448,"Perdesaan","Pasif",33,752.38,25,4.8
10148,"Perkotaan","Pasif",71,514.48,25,4.3
10458,"Perkotaan","Baru",71,288.9,26,3.4
