"dari","ke","bobot"
21,14,9.7
17,5,5.9
5,17,9.9
9,23,8.4
17,13,6.3
2,3,5.7
15,12,8.3
26,14,3.9
8,2,1.4
18,13,1.7
1,12,7.1
21,20,4.3
8,2,3.6
26,4,7.3
5,26,4.9
11,1,2.5
17,6,7.4
1,16,9.2
10,17,8.6
2,11,6.8
11,21,5.3
11,9,6.3
8,16,10
3,20,3.3
13,27,7.5
6,3,2.8
13,7,4.8
5,19,6.3
1,20,7
18,3,7.7
27,6,5.1
6,2,5.3
22,30,2.2
1,17,3
18,23,7.2
13,22,6.3
7,12,8.5
15,21,7.4
23,24,6.8
14,2,1.2
12,5,6.8
26,16,7.9
14,28,6.1
14,4,6.9
3,5,8.2
2,12,5.8
28,3,1.9
10,14,1.6
16,15,8.9
8,4,7.9
29,24,2.6
19,22,9
29,15,6.7
27,24,8.8
16,7,8
22,18,6.8
22,27,6.3
2,28,5.6
29,30,1.5
7,16,4.9
10,2,5.6
27,9,5.5
17,28,6.7
14,19,4.1
13,10,8.5
3,9,2
19,25,7.2
14,5,3.5
18,2,7.5
20,13,8.4
26,13,8.9
12,4,7.7
22,6,3.2
26,28,8
6,10,3.4
19,10,8.5
22,5,5.5
17,17,5
7,20,6.7
27,7,6.5
5,27,9.3
29,19,5
24,10,2.7
29,29,9.5
4,13,2.7
29,23,7.1
19,5,8
28,29,6.8
7,25,4.1
7,18,7.7
28,22,4.7
22,5,7.3
23,3,7.5
9,3,8.7
11,28,3.4
11,17,8.6
24,5,3.1
12,5,5.9
20,5,4.6
12,11,6.5
5,3,4.1
25,19,5.9
13,4,3.2
3,23,1.9
6,12,8.3
6,26,1.5
21,21,3.8
19,5,3.8
9,8,5.7
18,6,3.6
13,13,6
26,7,9.9
4,12,1.3
10,15,1.4
6,26,6.7
2,22,9.1
17,30,9.4
5,3,1.4
6,5,5.5
24,27,7.7
