"unit","kelompok","x1","x2","x3","x4","x5","x6","x7","x8"
105,"A",50.97,87.52,44.09,42.67,69.81,66.8,83.2,68.3
84,"A",50.49,52.47,61.62,15.98,60.81,81.15,31.61,52.38
22,"C",63.1,28.47,42.74,68.87,87.19,25.28,42.93,7.89
44,"B",34.3,71.04,69.96,56.88,26.04,6.76,14.58,87.31
84,"C",83.88,21.02,19.54,8.67,62.26,67.36,50.13,94.86
5,"B",10.75,46.2,17.36,51.92,12.23,15.85,79.33,17.98
70,"A",69.16,68.89,83.1,35.75,52.21,29.18,69.55,12.97
129,"B",28.02,71.42,62.25,7.34,91.16,0.17,73.74,30.91
39,"C",71.8,75.83,20.07,77.52,94.13,96.83,32.42,66.95
88,"A",82.42,83.08,86.17,24.33,35.75,99.12,22.87,11.49
2,"A",87.34,40.4,22.37,55.82,76.39,65.62,41.65,97.13
104,"B",74.39,85.32,52.14,30.31,18.35,44.99,60.11,53.7
35,"C",23.96,66,19.31,60.33,73.71,3.11,28.35,24.17
127,"A",78.03,2.95,64.23,92.42,8.65,45.72,39.84,75.5
24,"A",26.81,69.08,95.14,9.57,85.68,91.54,36.19,35.5
54,"A",83.81,43.53,60.96,28.21,92.79,26.13,3.52,14.55
82,"A",49.67,64.34,71.12,68.87,63.38,47.03,14.69,24.87
1,"B",44.49,18.44,59.94,85.95,6.26,26.51,92.01,25.03
48,"B",63.27,28.41,72.62,30.46,99.92,59.01,78.48,54.04
4,"A",61.03,52.47,0.92,19.12,31.57,14.15,27.28,82.66
52,"C",92,77,2.44,4.84,63.68,91.75,73.21,71
52,"B",44.27,38.84,51.04,93.19,83.38,75.03,31.16,95.67
36,"B",19.34,1.17,35.19,73.32,85.84,65.76,21.6,6.4
10,"C",94.75,34.89,67.72,15.05,87.95,91.33,20.7,52.45
62,"A",19.11,73.04,87.65,50.63,82.03,99.48,96.26,15.35
29,"B",68.19,88.69,35.1,24.93,52.55,45.16,31.28,27.01
62,"C",78.06,65.68,91.77,23.15,76.35,29.93,40.13,8.22
22,"C",63.92,3.51,89.67,71.95,95.31,51.08,96.72,77.98
2,"C",34.39,97.99,2.21,60.84,85.44,63.77,38.17,66.76
91,"B",74.87,79.51,95.36,68.28,39.23,69.43,42.51,32.98
137,"A",41.48,60.38,0.97,3.15,63.71,68.27,6.69,64.42
27,"A",70.4,51.65,45.54,85.96,50.8,89.05,89.08,18.63
110,"C",72.75,54.4,8.56,98.12,2.64,78.58,51.36,23.9
3,"B",86,43.72,87.79,2.92,9.09,37.97,58.73,92.9
88,"A",26.94,88.41,8.49,0.91,21.16,79.71,18.11,15.41
64,"A",84.18,87.14,75.52,83.27,86.29,80.03,24.75,2.59
32,"C",23.44,76.83,76.96,62.82,99.04,70.84,63.74,5.04
72,"A",54.1,57.68,63.57,31.23,93.17,72.97,77.15,59.46
113,"A",39.86,49.82,67.53,41,97.26,10.71,57.75,75.26
68,"B",60.9,72.53,53.35,43.39,28.37,85.04,0.16,55.26
56,"A",34.75,49.15,96.22,11.89,45.64,33.97,80.5,22.61
131,"A",54.57,60.26,66.27,13.2,85.26,78.11,91.21,76.69
66,"A",24.61,55.51,57.73,62.95,0.6,52.83,25.01,76.31
67,"C",9.6,72.73,50.33,11.73,94.24,52.41,21.35,32.95
13,"A",80.94,14.23,36.52,34.2,22.37,31.06,4.82,97.7
6,"A",6.1,33.48,92.84,72.17,84.29,7.72,14.07,94.58
139,"A",31.52,89.18,94.66,93.64,6.61,62.63,65.17,91.09
45,"B",30.78,89.59,50.41,59.54,26.92,34.93,40.98,98.73
78,"B",52.72,29.47,78.1,13.5,4.66,21.29,67.05,20.41
36,"A",29.38,91.57,34.6,34.24,42.95,94.54,34.19,49.11
146,"C",55.45,38.35,75.94,90.94,82.9,81.78,90.04,87.25
95,"B",98.78,69.69,68.04,32.77,29.14,20.37,44.48,88.91
144,"A",3.15,75.43,85.82,70.98,54.97,58.22,43.52,25.12
133,"C",4.67,17.51,0.56,79.43,1,47.61,90.55,38.9
79,"B",63.54,34.49,41.52,14.54,92.48,70.81,69.13,61.34
108,"B",89.69,6.44,3.42,92.2,1.81,22.91,17.46,36.07
111,"A",93.34,45.88,64.19,42.46,9.25,41.23,67.73,56.51
8,"C",4.8,66.17,53.78,90.65,97.91,72.22,14.84,25.22
144,"C",49.45,93.69,86.07,18.16,15.77,24.77,31.69,70.67
31,"B",74.81,59.08,97.82,81.46,26.24,47.82,73.8,24.26
45,"B",21.91,26.28,2.55,2.27,73.96,92.78,5.98,50.36
134,"A",26.39,51.53,35.21,83.51,67.67,60.89,98.27,82.19
85,"A",90.51,41.03,50.62,97.19,87.63,19.42,24.54,61.46
69,"A",16.34,46.45,17.88,71.26,11.64,99.22,5.99,65.69
61,"C",60.28,93.33,19.19,94.17,43.11,21.17,55.9,73.63
13,"B",22.26,30.19,40.94,79.06,87.32,59.69,61.36,58.76
95,"A",84.47,36.6,18.38,55.58,16.74,24.66,55.39,1.69
70,"A",93.11,79.91,91.52,7.95,16.6,47.58,99.46,76.44
86,"A",58.53,28.99,21.88,7.77,96.81,96.57,8.5,39.24
100,"A",91.07,58.52,77.58,62.59,37.74,5.79,30.24,5.92
132,"A",73.02,60.17,64.11,69.6,95.39,45.83,46.29,64.78
57,"B",55.09,99.49,82.84,23.62,76.1,15.35,73.14,15.79
109,"A",92.59,73.01,49.31,16.17,85.48,86.68,13.17,58.22
129,"B",49.54,78.51,48.16,31.94,91.86,56.69,44.6,29.54
29,"A",74.48,25.71,13.17,72.48,79.23,15.21,77.18,55.17
95,"C",13.19,74.17,77.44,97.52,27,71.47,76.49,30.38
108,"B",64.63,44.5,72.13,80.73,11.61,33.57,53.1,95.81
82,"A",8.38,26.43,90.39,22.51,76.55,57.9,17.49,75.63
32,"A",24.99,45.08,68.66,57.51,2.12,43.68,30.86,44.76
135,"A",19.6,43.54,99.33,12.17,5.36,60.89,30.87,91.29
19,"B",71.92,16.73,68.22,47.24,98.32,74.48,72.96,53.59
143,"A",90.04,24.08,15.34,44.23,49.64,69.28,56.03,71.61
117,"A",33.94,50.76,64.11,85.91,61.76,38.08,19.24,45.12
144,"B",52.91,7.07,38.9,60.63,11.4,9.27,30.36,58.06
18,"C",98.54,95.46,88.83,85.79,20.48,75.7,87.82,99.06
147,"B",69,16.76,45.14,92.78,13.18,16.71,65.04,61.29
93,"C",63.41,81.21,25.04,66.34,93.63,54.49,22.07,26.69
139,"A",22.64,38.56,30.89,80.27,67.74,39.77,57.91,24.29
31,"A",21.24,23.27,27.46,45.04,26.93,57.15,3.54,86.35
33,"C",51.65,15.38,13.25,59.13,35.8,41.75,78.41,84.09
138,"C",94.96,63.75,76.91,82.57,32.28,98.3,17.94,87.24
109,"B",77.3,76.97,38.25,87.44,59.17,63.66,84.49,90.16
114,"C",32.28,40.23,72.63,57.95,67.13,24.91,36.07,22.94
44,"C",2.63,83.3,30.91,87.23,25.98,71.5,43.4,24.53
52,"B",5.63,43.5,86.63,92.62,8.14,83.53,42.99,89.21
52,"B",67.2,24.54,71.02,58.26,30.93,76.06,96.29,66.59
118,"C",14.8,80.85,49.55,9.99,30.77,86.38,21.21,72.23
55,"A",79.46,29.12,15.74,61.6,66.47,81.9,41.43,39.19
100,"A",51.66,72.77,72.74,46.63,14.44,95.23,34.72,84.31
57,"A",2.25,4.64,32.88,10.98,29.86,37.33,36.14,8.17
19,"B",33.29,82.31,86.94,86.47,87.99,62.71,60.79,3.98
125,"A",40.78,10.95,48.78,3.1,56.95,20.18,6.06,31.79
63,"A",67.67,67.65,24.03,24.49,62.94,59.9,60.19,21.96
13,"B",14.99,3.71,20.65,49.05,42.63,12.59,64.95,89.31
27,"B",40.93,21.15,96.1,4.22,38.65,56.09,54.4,34.95
28,"A",8.71,36.52,48.52,72.6,99.33,73.92,76.69,0.64
101,"B",3.17,30.96,23.27,71.43,90.68,76.28,18.01,57.47
91,"C",45.08,90.6,66.98,60.67,44.51,25.01,11.1,59.58
40,"C",38.6,11.26,5.11,27.55,48.19,72.92,58.43,47.53
89,"B",74.85,31.72,44.12,54.26,38.1,28.69,89.2,98.25
62,"B",96.14,73.23,45.07,31.23,41.5,38.9,91.97,44.1
130,"B",48.91,81.21,71.96,34.17,80.12,85.77,59.04,23.36
17,"C",32.9,91.3,58.09,77.9,55.36,81.22,20.94,72.54
49,"A",66.62,39.4,12.12,35.72,52.76,98.08,9.79,29.11
26,"B",27.8,5.25,24.72,98.28,25.95,72.38,97.25,81.96
9,"A",21.94,38.73,91.62,57.5,65.1,67.9,5.3,5.41
83,"B",45.2,53.17,15.47,51.79,52.28,75.81,80.67,95.22
22,"B",27.81,59.77,34.21,26.84,78.51,31.8,89.44,14.36
25,"B",95.08,69.59,25.1,82.82,82.41,99.76,10.31,72.7
117,"B",39.08,3.47,68.58,69.75,15.91,68.81,69.28,87.13
67,"B",19.18,41.33,86.9,1.68,58.07,60.91,16.94,12.26
21,"B",5.27,73.51,46.89,95.74,5.78,56.9,57.05,44.89
85,"A",78.25,20.44,1.78,53.6,94.8,30.37,38.08,8.5
116,"A",42.61,5.99,56.79,20.24,67.12,66.24,22.8,37.02
64,"B",26.96,15.54,1.83,4.1,27.65,66.36,49.91,90.89
10,"B",29.35,8.82,84.43,58.23,65.92,10.69,79.24,47.99
58,"C",37.16,90.01,9.83,4.44,37.88,39.53,18.06,34.7
70,"B",36.28,49.44,21.24,58,70.5,48.22,20.2,21.51
7,"B",36.12,41.6,85.81,92.05,90.93,22.05,25.8,63.82
62,"A",77.57,62.07,32.6,29.25,58.35,43.21,76.7,7.82
59,"B",78.26,88.2,81.46,75.75,11.38,35.33,64.67,65.54
97,"C",35.52,66.13,30.76,71.67,54.21,57.18,17.02,38.01
6,"B",72.86,25.76,19.97,71.77,7.94,54.39,60.95,74.75
15,"B",32.62,16.45,12.4,1.54,25.91,5.8,48.44,58.7
131,"C",85.91,90.1,51.85,29.66,74.03,83.46,22.52,33.72
2,"B",45.94,4.69,75.7,41.27,78.2,37.66,58.07,67.04
25,"A",85.67,70.5,73.35,9.99,34.13,63.95,31.81,37.14
77,"A",38.91,75.36,5.44,29.23,43.03,49.43,66.59,95.65
84,"C",98.47,51.02,68.62,66.63,16.37,20.49,18.04,66.93
51,"C",26.38,51.59,65.23,26.6,49.12,49.14,85.62,10.48
105,"A",52.81,87.78,70.26,12.94,17.69,43.82,0.46,21.65
43,"C",29.39,28.22,16.01,1.11,18.02,61.48,18.96,41.37
76,"B",0.56,35.66,57.83,99.22,78.6,6.3,27.64,41.03
97,"C",20.5,39.12,15.9,31.26,20.3,12.01,44.51,23.82
137,"C",29.41,35.82,62.8,53.12,24.54,41.99,26.14,28.02
12,"B",63.67,6.55,51.59,72.2,62.48,41.31,78.11,86.59
31,"B",21.89,49.73,7.49,62.41,48.34,9.48,45.78,13.61
96,"B",55.71,97.92,94.61,37.99,33.72,82.78,24.69,62.78
101,"A",38.36,46,98.28,5.71,21.6,8.23,16.35,56.45
9,"B",2.21,93.8,86.7,48.99,79.68,49.93,38.33,99.19
