"wilayah","penduduk","pengeluaran","akses_internet"
"Barat",990884,724,58.8
"Barat",2199468,1552,38.5
"Selatan",1143034,1382,66.8
"Timur",1156328,1562,80.3
"Barat",296696,714,57.4
"Selatan",183086,1578,34
"Timur",2328765,1220,55.1
"Utara",806959,1527,60.1
"Timur",1346138,802,32.7
"Barat",667351,816,56.7
"Selatan",2432344,1522,55.5
"Barat",1618028,1322,71.8
"Selatan",2399846,1362,32.3
"Utara",2227250,885,36
"Selatan",1355641,944,86.9
"Timur",1818198,941,30.3
"Barat",1877543,1388,40.3
"Selatan",210151,964,63
"Timur",2398703,1265,66.3
"Selatan",582728,973,51.9
"Timur",816194,721,75.4
"Timur",2249374,1431,48.5
"Selatan",1458582,1018,62.6
"Selatan",1193219,682,71.7
"Timur",1058724,776,89.2
"Selatan",299212,781,34.9
"Timur",1612842,1273,42.9
"Selatan",1216228,1207,71.5
"Selatan",1473708,860,73.6
"Barat",1689356,1190,33.6
"Utara",2206980,1008,40.7
"Selatan",1009449,1466,33.2
"Barat",1836578,708,93.9
"Selatan",2158859,922,64.8
"Barat",547013,768,79
"Timur",1618475,652,78
"Selatan",1823478,1153,53.8
"Timur",1400336,742,75.3
"Utara",591310,759,80.9
"Timur",2259974,1379,31.7
