"gen","s1","s2","s3","s4","s5","s6","s7","s8"
42,-1.21,-0.338,-2.849,2.83,0.058,-1.685,-1.849,0.623
34,2.373,-2.211,-1.375,0.244,0.029,-1.417,-2.684,0.099
9,0.396,0.399,2.578,2.901,0.786,2.431,1.695,0.264
18,-0.267,1.643,0.778,1.916,-0.942,-2.02,-0.444,-0.377
34,-0.603,-0.473,-1.095,0.549,2.033,0.617,-1.382,2.305
2,-2.502,-2.635,-1.427,0.128,-2.355,-1.665,-1.239,2.228
29,0.782,-0.687,2.02,1.891,1.15,2.068,-0.77,1.61
52,-0.209,-0.226,-2.142,-1.099,-1.319,2.586,-0.823,0.461
16,0.434,-2.751,-2.796,-2.754,1.308,0.512,-0.833,-0.011
35,0.973,-0.536,-0.533,-2.544,1.945,2.464,1.654,1.352
1,2.267,-0.645,-0.617,1.082,2.24,1.381,1.695,-0.051
42,-0.726,0.854,-2.4,-0.791,1.463,0.305,-0.869,0.615
15,1.341,-2.784,-1.987,-1.241,-1.562,2.555,1.372,0.33
51,2.147,-2.442,2.486,1.217,1.682,-0.027,-1.043,1.364
10,-1.882,2.253,-1.128,-0.394,-1.391,1.469,2.154,-2.146
22,0.796,-2.975,-1.174,-1.981,2.029,-2.209,-0.244,-0.991
33,1.309,-2.053,-2.156,1.257,-0.02,0.878,2.14,2.351
1,0.251,0.049,0.31,2.436,-0.331,-2.497,-0.665,2.375
20,-1.772,0.353,0.865,2.096,0.796,-1.5,2.908,-1.232
2,2.4,-0.981,-1.84,0.878,0.662,-1.824,-1.417,2.494
21,-2.258,1.19,2.328,-0.11,2.52,1.315,0.169,-0.699
21,2.709,-1.292,0.782,0.539,-0.344,2.402,-1.237,1.181
15,1.69,0.013,-1.136,2.975,-1.839,-0.964,-2.966,1.526
5,2.773,0.849,2.779,-1.466,2.685,0.174,-1.77,-1.949
25,-2.314,2.466,-0.541,1.332,-1.854,2.912,-1.235,-0.93
12,2.865,-2.552,1.489,-1.769,1.092,1.14,0.82,-2.614
25,0.723,-1.809,-2.201,-0.481,1.684,0.805,-1.687,-0.247
9,2.565,0.827,2.816,0.565,0.835,-1.641,0.342,0.97
1,-1.787,1.028,2.042,1.024,-0.937,-1.725,-0.698,2.622
37,-1.707,-2.664,0.448,1.492,1.492,0.099,-2.868,0.545
55,2.532,-2.015,1.277,-0.24,-0.511,2.698,2.251,-1.423
11,1.333,-2.709,-2.115,-0.137,1.224,1.638,0.148,0.092
44,1.57,2.899,-2.647,-2.177,1.365,-1.063,-1.292,-0.538
2,-1.288,0.213,-2.556,-1.635,2.16,-2.842,1.262,-0.213
36,-0.938,1.525,2.584,1.156,-1.383,-2.662,-1.739,2.6
26,-0.952,1.434,0.334,0.535,2.051,1.032,-0.228,-1.188
13,1.728,-0.806,-2.273,1.973,-1.594,-2.112,1.133,-0.804
29,-0.813,1.183,-2.15,1.237,0.246,1.767,1.285,1.795
46,0.991,1.703,-2.122,0.894,-0.608,0.1,1.55,-1.261
27,-0.763,-2.839,-0.918,-2.833,0.654,-2.865,1.985,0.511
23,-2.274,-2.256,-2.577,0.869,-0.915,-1.003,-0.576,0.61
53,1.985,0.032,0.773,1.571,0.274,-0.553,2.119,2.969
27,-0.49,2.606,-2.302,0.375,-1.523,1.06,0.96,1.381
27,-2.508,-2.323,1.46,0.904,-2.424,-2.101,-2.823,1.71
6,-1.944,-2.256,-0.816,1.811,1.857,-0.544,1.145,-1.457
3,-1.914,-0.729,2.208,0.204,-2.634,-2.477,-0.388,1.45
56,1.041,-2.641,1.218,-2.402,-1.109,-2.81,0.861,-0.33
18,0.642,-0.31,-2.212,-2.574,-1.153,-0.295,-1.893,-1.414
32,-1.443,-0.132,-1.569,2.26,0.163,-0.684,-1.295,-0.295
15,0.542,-2.409,-1.896,1.602,-1.237,1.491,0.148,-0.388
58,-0.549,1.813,-0.473,-1.91,0.327,2.768,1.62,-1.996
38,2.199,1.361,-1.78,2.301,2.927,-0.066,-0.67,-1.555
58,-2.351,-0.027,-0.665,0.787,-2.811,-1.026,-2.93,0.046
53,-1.069,1.704,-0.021,2.221,-2.72,0.997,-0.907,-2.576
32,-1.99,-1.659,2.275,1.686,0.813,-1.332,1.382,2.728
43,-2.691,0.425,1.331,0.873,2.382,-1.684,2.321,-1.995
45,0.32,2.281,2.934,0.562,2.6,-0.288,0.941,1.873
4,-2.148,2.641,-2.57,0.041,-2.712,-1.332,-2.79,-0.686
58,-2.047,2.953,-2.145,-2.644,-0.033,2.705,2.879,-1.604
13,1.673,0.149,2.355,-0.395,1.488,-0.655,1.771,-2.077
