"id","kepadatan","pengeluaran","akses_air","akses_listrik","lama_sekolah","status","pulau"
140,7998.1,1764.73,58.1,95,13.6,"Perkotaan","Papua"
112,5692.2,2072.05,71.2,63,9.8,"Perdesaan","Papua"
29,2830.8,3174.62,57.1,84,10.6,"Perdesaan","Jawa"
58,8670.8,1014.43,77.5,88.7,8.1,"Perdesaan","Jawa"
112,3718.7,2078.12,39.7,53,7.6,"Perkotaan","Sumatera"
6,6745.8,757.17,38,95.7,14.9,"Perkotaan","Jawa"
94,1241.6,529.8,87.3,68.4,13.9,"Perkotaan","Sumatera"
172,8725.4,2248.22,71.7,94.9,8.3,"Perkotaan","Jawa"
51,7571,1982.73,40.1,55,8.8,"Perdesaan","Sulawesi"
117,5193.2,3468.94,89.6,89.8,7.6,"Perdesaan","Jawa"
2,6430.3,4341.73,41.8,46.2,8,"Perdesaan","Sumatera"
139,1370.3,2405.21,64.1,90.9,12.6,"Perkotaan","Sulawesi"
47,576.9,1748.89,39.5,98.5,9.6,"Perdesaan","Sumatera"
170,711.6,3131.36,73.2,84.2,9.3,"Perdesaan","Sulawesi"
32,8379.8,1539.7,96.4,96.8,6.1,"Perdesaan","Sulawesi"
72,5023,1299.42,70.7,88.5,10.8,"Perdesaan","Sumatera"
109,1134.4,2253.24,78.3,75.6,9.3,"Perdesaan","Jawa"
1,1318.1,1540.1,70,49.4,12.4,"Perkotaan","Sulawesi"
64,1360.3,4298.45,79.5,49.3,12.9,"Perkotaan","Jawa"
4,3155.3,2002.1,25.7,79.4,4.9,"Perdesaan","Jawa"
69,681.3,1186.3,26.8,83.3,10,"Perkotaan","Sumatera"
69,5678.2,616.02,63.3,58,3.7,"Perdesaan","Jawa"
47,1091.3,3608.25,51.4,53.9,14.4,"Perdesaan","Sumatera"
13,6702.1,2146.82,75.8,62.6,11.1,"Perdesaan","Jawa"
83,3307.2,1505.56,90.7,84.9,6.3,"Perkotaan","Sumatera"
38,7818.8,1603.39,51.3,98.6,10.9,"Perdesaan","Jawa"
83,6341.1,1923.6,93.8,89.4,7.5,"Perdesaan","Papua"
29,1226,1887.37,92.3,57.4,11.5,"Perkotaan","Sulawesi"
2,2185,1880.98,26.7,76.6,13.9,"Perdesaan","Sumatera"
121,1697.4,3580.2,96.5,51.7,10,"Perdesaan","Papua"
182,3819.2,3608.58,25.7,71,4.4,"Perdesaan","Sumatera"
36,1870.4,1856.35,59.2,69.3,9.5,"Perkotaan","Sulawesi"
147,3533.4,3387.38,31.4,92.3,4,"Perkotaan","Sumatera"
4,4494.1,1737.35,90.8,78.3,6.1,"Perkotaan","Sumatera"
118,7918.7,3922.21,31.4,92.2,11.9,"Perdesaan","Papua"
86,6509.7,2283.42,81.6,96,12.4,"Perdesaan","Sumatera"
43,8901.1,3912.42,82.7,81.5,7.1,"Perkotaan","Jawa"
96,691.9,1995.42,72.7,89.2,8.2,"Perkotaan","Jawa"
151,1326,4437.18,75.7,69.8,5,"Perkotaan","Papua"
90,8037.2,1481.47,65,77.5,8.9,"Perdesaan","Sulawesi"
75,8746.6,2565.15,97.2,90.4,5.1,"Perkotaan","Papua"
175,4888.4,1604.97,74.7,93.1,5.2,"Perkotaan","Papua"
87,8852.2,423.04,68.3,76.9,12.4,"Perdesaan","Jawa"
89,7383.6,1240.41,62.7,93,5.4,"Perdesaan","Jawa"
17,5344.1,1605.97,52.4,95.9,5.9,"Perdesaan","Papua"
8,4715.9,3010.57,94.6,77,10.5,"Perdesaan","Sulawesi"
186,7345.4,1297.46,96,50.5,8.8,"Perkotaan","Sulawesi"
60,2885.9,2683.92,62.8,78.9,7,"Perdesaan","Jawa"
104,417.3,1972.89,83.6,70.6,5.6,"Perkotaan","Sulawesi"
48,729.7,490.52,50.9,51,12.6,"Perdesaan","Jawa"
194,6139.7,3988.36,82,92.6,11,"Perkotaan","Jawa"
127,3344.7,2551.22,76,46.7,12.7,"Perdesaan","Jawa"
192,2673.9,1567.34,89.4,58.5,6,"Perdesaan","Jawa"
177,6341,3312.45,25.4,72,3.8,"Perkotaan","Papua"
105,3937.1,1261.75,56.1,47.3,11.1,"Perkotaan","Jawa"
143,1569.8,2294.13,27.6,84.9,4.9,"Perdesaan","Jawa"
148,6400.8,3224.29,73.1,84.3,6.5,"Perkotaan","Sumatera"
10,8158.8,3328.42,65.3,78.4,3,"Perdesaan","Sumatera"
192,7651,3508.92,89.6,60.2,14.6,"Perdesaan","Sumatera"
41,5834.7,3806.34,98.4,74.8,14.9,"Perkotaan","Papua"
60,4360.2,2056.21,26.9,62.2,10.9,"Perdesaan","Sumatera"
179,5328.6,3898.18,51.4,63.8,8.4,"Perkotaan","Jawa"
114,8962.8,3106.03,63,87.8,3.4,"Perdesaan","Sulawesi"
92,2338.9,520.85,38.4,64.6,8.5,"Perdesaan","Jawa"
80,6512.5,3232.35,39.4,99.1,14,"Perkotaan","Sulawesi"
18,1886.3,2184.65,55.7,76.6,6.1,"Perkotaan","Jawa"
126,3807.3,3038.12,38.8,73.5,8.6,"Perkotaan","Papua"
94,5367.2,1156.17,93.6,59.8,6.2,"Perkotaan","Jawa"
115,6051.8,1564.95,41.4,90.6,10.1,"Perdesaan","Sulawesi"
133,6751.1,2551.12,83.2,83.4,4.7,"Perdesaan","Papua"
176,4167.6,3556.96,73.1,45.9,14,"Perdesaan","Jawa"
76,4321.1,1992.4,87.1,97.7,12,"Perkotaan","Sumatera"
145,1277.1,447.79,62,74.5,10.9,"Perdesaan","Jawa"
172,2086.1,1830.48,61.1,56.1,14,"Perdesaan","Jawa"
38,6248.8,3394.66,34.9,47.3,14.9,"Perkotaan","Papua"
127,5322.4,4036.23,83.1,77,8.4,"Perkotaan","Sumatera"
144,7467.3,3092.71,79.1,47.4,6.6,"Perkotaan","Jawa"
109,6370.2,543.78,92.8,76.9,9.1,"Perdesaan","Jawa"
42,5859.1,4417.57,76.5,95.6,10.7,"Perdesaan","Sumatera"
180,298.5,3659.97,99.5,61.1,11.3,"Perdesaan","Jawa"
26,5821.8,2875.66,76.2,86.7,11.2,"Perkotaan","Sulawesi"
190,6868.4,2517.6,36.5,84.4,13.7,"Perkotaan","Jawa"
157,5084,2630.25,73.1,84.5,12.4,"Perdesaan","Sulawesi"
192,5873.1,2192.33,54.2,45.8,7.6,"Perdesaan","Sumatera"
24,7225.8,4024.83,91.6,61.3,12.6,"Perkotaan","Jawa"
196,4829.2,3972.62,58.9,67.7,12.6,"Perkotaan","Sulawesi"
124,942.1,3550.09,43.8,50.5,11.5,"Perdesaan","Jawa"
186,685,2764.86,48.2,61.1,11.8,"Perkotaan","Papua"
41,7895.8,2442.62,45.6,81.6,4.3,"Perdesaan","Sulawesi"
44,6913.9,3373.89,34.9,59.6,13.2,"Perkotaan","Jawa"
184,1675.7,2415.3,82.7,52.1,7.1,"Perdesaan","Jawa"
145,7957.9,2870.51,53.7,45.6,12.4,"Perkotaan","Sumatera"
153,5699.1,2675.82,79.5,99.6,9.3,"Perdesaan","Sumatera"
58,7837.4,3381.76,48.2,62.2,9.3,"Perdesaan","Jawa"
69,7040.7,983.35,90,74.2,6.7,"Perdesaan","Jawa"
69,5827.6,1772.55,78.3,84.7,3.9,"Perkotaan","Papua"
158,5363.8,4056.31,62.2,79.3,10.5,"Perdesaan","Jawa"
74,4585.5,4073.05,36.8,65.9,7.2,"Perdesaan","Sumatera"
133,581.6,1608.12,79.6,48.1,5.6,"Perdesaan","Sumatera"
75,3935.4,4154.33,49.7,71.9,14.3,"Perdesaan","Papua"
25,4611.9,1972.46,90.2,83.4,12.8,"Perkotaan","Sulawesi"
166,4569,3257.24,61.6,78.4,5.4,"Perdesaan","Sumatera"
84,5697.9,3492.8,43,93,10,"Perkotaan","Sumatera"
17,3119.4,1118.02,40.5,59.3,8.7,"Perkotaan","Jawa"
36,7557,1814.27,97.1,79.2,11.5,"Perkotaan","Sumatera"
37,1012.3,663.88,61.4,51.7,5.7,"Perkotaan","Jawa"
135,6239.8,2281.04,42.5,73.7,7.9,"Perdesaan","Sumatera"
122,2558.2,3112.99,75.2,95.1,11.7,"Perdesaan","Jawa"
53,6476.1,4241.43,28.8,96.8,6,"Perkotaan","Sumatera"
118,7426.8,2822.35,58.1,64.7,8.7,"Perkotaan","Sumatera"
82,7867.1,1477.61,58.8,87,14.1,"Perkotaan","Jawa"
173,6707.6,2512.54,79,55.1,10.3,"Perkotaan","Papua"
23,2194.8,2082.1,68.6,85.5,5.3,"Perdesaan","Papua"
65,7033.9,2304.58,34.1,49.8,14.9,"Perdesaan","Jawa"
34,2449.5,4226.67,43.5,92.1,5.5,"Perkotaan","Papua"
11,7551.2,1637.93,93.7,96,10.2,"Perdesaan","Jawa"
111,4495.3,1900.6,36.6,79.9,6,"Perkotaan","Sulawesi"
29,4031.8,3676.39,50.7,48.4,8.7,"Perkotaan","Sumatera"
33,5712.4,1588.52,43.8,100,14.6,"Perdesaan","Sulawesi"
156,5512.3,2799.15,76.4,62.4,3.7,"Perkotaan","Sumatera"
89,8284.4,2866.78,90.2,80,8.5,"Perdesaan","Sumatera"
27,4012.2,4479.15,60.2,90.9,4.8,"Perkotaan","Jawa"
114,1781.3,3393.42,26.3,92.2,13.4,"Perdesaan","Jawa"
155,8530.4,3618.75,67.6,93.4,9.8,"Perdesaan","Sumatera"
85,1760.1,1454.14,26.4,90.1,4.8,"Perdesaan","Sumatera"
13,6153.2,3440.84,88.3,73.9,11.6,"Perkotaan","Sulawesi"
78,7036.6,2224.54,32.4,87,7,"Perdesaan","Jawa"
93,5771,1483.45,40.9,97.4,9.9,"Perdesaan","Papua"
9,3127.7,2248.28,89.4,92,8.2,"Perdesaan","Sulawesi"
83,6751.2,2185.1,49.4,66.6,10.3,"Perkotaan","Sulawesi"
79,3762.7,1086.12,86.1,80,11.9,"Perkotaan","Sulawesi"
129,6350.4,1387.21,48.1,72.9,11.3,"Perdesaan","Sumatera"
8,6561.1,2481.15,40,46.5,7.6,"Perkotaan","Sumatera"
20,7746.8,689.81,34.3,50,4.1,"Perdesaan","Sumatera"
175,2461.3,4314.06,63.9,56.6,12.1,"Perdesaan","Jawa"
2,7584.3,1086.98,81.8,92.5,5,"Perkotaan","Jawa"
32,2147.9,3729.77,80,99.5,9.5,"Perdesaan","Sumatera"
102,4892,1980.92,29.1,96.2,7.8,"Perkotaan","Jawa"
112,3617.6,1354.14,76.5,98.5,9.9,"Perdesaan","Sulawesi"
68,5500.1,1030.64,73.9,60.6,8,"Perkotaan","Papua"
140,3160.1,3013.9,77.7,70.1,14.8,"Perdesaan","Papua"
58,4934.4,3555.87,37,91.9,10.6,"Perdesaan","Jawa"
101,2252.9,2049.54,68.4,45.3,6,"Perdesaan","Jawa"
129,909.3,3815.29,36.9,96.8,11.6,"Perdesaan","Sulawesi"
182,7294.5,2183.61,72.1,57.3,13,"Perdesaan","Jawa"
16,595.7,1406.29,63.7,91.4,12.1,"Perkotaan","Sumatera"
40,2871.4,3714.83,30.6,48.6,13.4,"Perdesaan","Papua"
128,2804.7,1593.93,96,59.8,12.8,"Perdesaan","Jawa"
135,4768.9,3383.66,98.7,47.6,14.4,"Perdesaan","Sumatera"
12,2679.9,590.08,90,68.6,7.5,"Perdesaan","Jawa"
34,5012.7,3774.71,57,90.6,10.5,"Perkotaan","Papua"
11,8890.7,848.93,37,61,5.4,"Perkotaan","Papua"
197,332.2,3173.81,76.7,75.2,10.2,"Perdesaan","Jawa"
108,468.3,552.27,67.7,45.5,4.5,"Perkotaan","Sumatera"
151,5737.1,1267.28,31.5,95.9,9.7,"Perkotaan","Papua"
148,8077.6,1897.12,63.9,46,11.9,"Perdesaan","Sulawesi"
74,8404,1669.16,51.8,50.1,12.2,"Perdesaan","Jawa"
140,479.6,4114.41,30.5,98.9,6,"Perdesaan","Sulawesi"
157,4475.9,861.54,83.1,53.7,11.8,"Perkotaan","Jawa"
6,6745.1,1700.69,43.2,59.4,6.4,"Perdesaan","Jawa"
26,2010.9,3402.33,66.9,85.7,7.7,"Perkotaan","Sumatera"
102,2411.7,3729.5,47.7,82.2,13.3,"Perkotaan","Sumatera"
187,8150.6,4143.43,70.2,93.2,12.7,"Perdesaan","Jawa"
23,1512.4,2015.39,94.3,51.4,14.8,"Perkotaan","Sulawesi"
26,5444.8,615.26,32.2,68.7,11.7,"Perdesaan","Jawa"
76,2041.9,1987.94,46.2,93,11.1,"Perdesaan","Jawa"
13,7610.2,2580,76.7,54.2,12.1,"Perdesaan","Jawa"
90,8383,2850.53,89.5,54.1,6.8,"Perdesaan","Jawa"
96,5288.9,3253.12,47.8,98.2,15,"Perkotaan","Sumatera"
21,8201,542.11,39.3,65.8,11.3,"Perkotaan","Sulawesi"
161,6585.3,2094.47,28.6,97.5,10.3,"Perkotaan","Jawa"
146,4980.6,3413.72,94.9,86.9,9.8,"Perkotaan","Jawa"
100,8336.9,1238.12,80,92,6.6,"Perdesaan","Sulawesi"
157,4484.3,645.52,36.3,95.5,10.9,"Perkotaan","Papua"
45,6715.6,1037.11,63,88.6,11,"Perdesaan","Papua"
115,1230.3,761.68,43.7,59.8,4.3,"Perdesaan","Jawa"
176,5834,4090.37,42.4,51.4,7.7,"Perdesaan","Jawa"
188,800.2,2427.22,79,87.1,8.8,"Perkotaan","Sumatera"
198,2286.9,2105.59,70.6,46.2,5.6,"Perkotaan","Jawa"
105,1803.8,2945.04,76.2,47.9,8.2,"Perdesaan","Papua"
6,6486.9,4016.06,27.4,99.1,7.2,"Perkotaan","Jawa"
55,8108.2,3111.22,89.5,72.3,9.9,"Perdesaan","Papua"
186,3087.2,1456.36,98.6,79,9.5,"Perdesaan","Sulawesi"
126,4785.1,1074.52,27.2,51.3,3.7,"Perkotaan","Sulawesi"
64,8869.2,4094.17,25.7,56.3,13,"Perdesaan","Jawa"
53,6225.6,592.36,87.5,52.2,7.5,"Perdesaan","Papua"
168,5725.6,3290.64,72.1,96.5,10.7,"Perdesaan","Sulawesi"
29,2076.6,3489.79,48.4,82.3,8.9,"Perkotaan","Jawa"
8,1951.2,2491.77,55.8,59.8,5.5,"Perkotaan","Sumatera"
83,4673,2515.14,57.5,64.7,8.9,"Perkotaan","Jawa"
80,8549,3998.89,33.9,62.8,8.3,"Perdesaan","Jawa"
21,6968.1,1557.18,34.9,77.5,10.4,"Perkotaan","Sumatera"
35,2938.7,1861.96,72.2,81.9,3.8,"Perkotaan","Jawa"
183,285.3,2004.1,33.8,59.3,4.4,"Perdesaan","Jawa"
63,554,1868.47,50.7,49.5,8,"Perkotaan","Sumatera"
62,6064,668.57,79.1,62,8,"Perkotaan","Sulawesi"
29,1374.9,2438.95,95.2,61.9,4.1,"Perkotaan","Papua"
111,7161.3,4414.89,69.7,81.6,12.9,"Perkotaan","Jawa"
129,4673.7,2285.94,35.1,52.9,4,"Perdesaan","Sumatera"
39,251.3,4245.99,50.7,61.4,9,"Perdesaan","Sulawesi"
