"x","y","kelompok"
5.833,7.249,"halo_renggang"
3.272,3.616,"halo_renggang"
5.223,3.602,"halo_renggang"
4.864,6.239,"halo_renggang"
3.933,4.357,"halo_renggang"
0.974,4.656,"halo_renggang"
3.824,5.968,"halo_renggang"
3.368,4.017,"halo_renggang"
5.182,3.841,"halo_renggang"
4.242,4.589,"halo_renggang"
4.347,4.373,"halo_renggang"
3.831,3.901,"halo_renggang"
4.646,6.401,"halo_renggang"
4.639,4.23,"halo_renggang"
0.925,5.109,"halo_renggang"
7.155,5.219,"halo_renggang"
5.986,2.026,"halo_renggang"
5.348,5.554,"halo_renggang"
3.712,7.403,"halo_renggang"
6.104,4.978,"halo_renggang"
4.474,3.76,"halo_renggang"
4.737,7.098,"halo_renggang"
2.773,5.417,"halo_renggang"
7.345,6.622,"halo_renggang"
5.077,5.345,"halo_renggang"
8.053,5.981,"halo_renggang"
7.77,7.314,"halo_renggang"
5.093,6.053,"halo_renggang"
6.033,5.6,"halo_renggang"
7.761,3.92,"halo_renggang"
4.154,5.929,"halo_renggang"
5.266,4.337,"halo_renggang"
4.592,8.489,"halo_renggang"
5.532,5.549,"halo_renggang"
5.292,3.723,"halo_renggang"
6.863,7.626,"halo_renggang"
5.95,4.264,"halo_renggang"
3.573,2.462,"halo_renggang"
5.924,3.328,"halo_renggang"
3.68,5.067,"halo_renggang"
3.148,4.309,"halo_renggang"
6.245,5.734,"halo_renggang"
3.073,4.633,"halo_renggang"
5.491,2.029,"halo_renggang"
3.666,4.537,"halo_renggang"
7.269,7.827,"halo_renggang"
6.139,4.292,"halo_renggang"
4.356,4.058,"halo_renggang"
6.279,4.807,"halo_renggang"
5.682,7.645,"halo_renggang"
3.128,3.606,"halo_renggang"
4.67,6.249,"halo_renggang"
3.511,4.018,"halo_renggang"
5.719,4.476,"halo_renggang"
3.968,4.432,"halo_renggang"
4.63,6.249,"halo_renggang"
3.022,5.974,"halo_renggang"
3.462,6.722,"halo_renggang"
5.214,6.705,"halo_renggang"
3.402,8.459,"halo_renggang"
4.774,5.113,"halo_renggang"
5.268,0.944,"halo_renggang"
4.682,4.134,"halo_renggang"
4.534,3.758,"halo_renggang"
2.225,4.526,"halo_renggang"
4.564,6.842,"halo_renggang"
2.12,4.09,"halo_renggang"
6.844,3.711,"halo_renggang"
3.395,5.788,"halo_renggang"
5.237,6.121,"halo_renggang"
5.831,4.611,"halo_renggang"
5.009,5.66,"halo_renggang"
7.155,5.797,"halo_renggang"
3.645,5.588,"halo_renggang"
5.709,4.087,"halo_renggang"
3.437,6.182,"halo_renggang"
8.399,1.371,"halo_renggang"
6.1,5.982,"halo_renggang"
4.451,5.646,"halo_renggang"
6.256,8.283,"halo_renggang"
3.151,5.421,"halo_renggang"
7.414,5.177,"halo_renggang"
3.151,6.913,"halo_renggang"
2.509,6.173,"halo_renggang"
4.912,4.993,"halo_renggang"
6.359,4.966,"halo_renggang"
4.982,5.222,"halo_renggang"
3.783,3.288,"halo_renggang"
6.881,6.978,"halo_renggang"
8.863,4.136,"halo_renggang"
1.866,4.526,"halo_renggang"
7.358,6.101,"halo_renggang"
4.24,4.362,"halo_renggang"
6.57,4.834,"halo_renggang"
2.081,7.447,"halo_renggang"
4.583,3.985,"halo_renggang"
3.466,4.637,"halo_renggang"
4.216,7.402,"halo_renggang"
3.276,4.452,"halo_renggang"
5.591,4.114,"halo_renggang"
6.946,5.412,"halo_renggang"
4.21,5.981,"halo_renggang"
4.636,3.956,"halo_renggang"
3.221,4.779,"halo_renggang"
6.593,4.802,"halo_renggang"
5.899,3.456,"halo_renggang"
2.497,5.03,"halo_renggang"
7.37,7.707,"halo_renggang"
3.129,6.417,"halo_renggang"
3.317,3.832,"halo_renggang"
2.645,5.563,"halo_renggang"
3.091,4.604,"halo_renggang"
4.443,4.738,"halo_renggang"
5.853,6.396,"halo_renggang"
3.862,5.97,"halo_renggang"
4.682,6.484,"halo_renggang"
4.55,5.733,"halo_renggang"
6.873,3.718,"halo_renggang"
8.662,4.205,"halo_renggang"
3.29,3.059,"halo_renggang"
8.05,5.992,"halo_renggang"
8.411,7.175,"halo_renggang"
5.37,2.406,"halo_renggang"
6.435,5.127,"halo_renggang"
2.218,5.82,"halo_renggang"
5.75,4.649,"halo_renggang"
4.129,3.678,"halo_renggang"
4.735,3.378,"halo_renggang"
5.883,7.051,"halo_renggang"
6.653,4.661,"halo_renggang"
4.926,6.896,"halo_renggang"
9.222,3.959,"halo_renggang"
5.942,7.06,"halo_renggang"
4.676,5.862,"halo_renggang"
5.706,5.041,"halo_renggang"
4.84,6.862,"halo_renggang"
3.251,4.412,"halo_renggang"
5.805,4.419,"halo_renggang"
6.519,4.989,"halo_renggang"
5.612,4.839,"halo_renggang"
5.595,4.762,"halo_renggang"
5.252,4.707,"halo_renggang"
6.357,3.627,"halo_renggang"
2.947,6.533,"halo_renggang"
6.853,3.657,"halo_renggang"
3.545,3.784,"halo_renggang"
5.536,3.614,"halo_renggang"
6.241,7.654,"halo_renggang"
5.379,5.891,"halo_renggang"
2.504,5.962,"halo_renggang"
5.039,1.848,"halo_renggang"
5.535,4.392,"halo_renggang"
6.583,6.852,"halo_renggang"
5.801,7.223,"halo_renggang"
5.923,1.782,"halo_renggang"
6.828,1.262,"halo_renggang"
3.868,2.81,"halo_renggang"
4.01,2.803,"halo_renggang"
4.987,6.18,"halo_renggang"
5.542,5.728,"halo_renggang"
3.555,4.067,"inti_padat_1"
3.239,3.911,"inti_padat_1"
3.131,3.589,"inti_padat_1"
3.523,3.762,"inti_padat_1"
3.355,3.618,"inti_padat_1"
3.341,3.4,"inti_padat_1"
3.414,4.182,"inti_padat_1"
3.157,4.114,"inti_padat_1"
3.273,3.828,"inti_padat_1"
3.417,3.516,"inti_padat_1"
2.81,3.903,"inti_padat_1"
3.203,3.603,"inti_padat_1"
3.026,3.919,"inti_padat_1"
3.02,3.974,"inti_padat_1"
3.045,3.838,"inti_padat_1"
3.272,3.786,"inti_padat_1"
3.197,4.015,"inti_padat_1"
2.976,4.014,"inti_padat_1"
3.317,3.884,"inti_padat_1"
3.297,3.775,"inti_padat_1"
3.295,3.987,"inti_padat_1"
3.272,3.84,"inti_padat_1"
3.444,4.09,"inti_padat_1"
3.065,3.544,"inti_padat_1"
3.08,3.783,"inti_padat_1"
3.347,4.02,"inti_padat_1"
3.32,3.662,"inti_padat_1"
3.422,3.455,"inti_padat_1"
3.198,3.913,"inti_padat_1"
3.321,3.681,"inti_padat_1"
3.425,3.702,"inti_padat_1"
3.059,3.954,"inti_padat_1"
3.552,4.223,"inti_padat_1"
3.054,3.809,"inti_padat_1"
2.873,3.989,"inti_padat_1"
3.175,3.375,"inti_padat_1"
3.241,3.818,"inti_padat_1"
3.063,3.452,"inti_padat_1"
2.997,3.46,"inti_padat_1"
3.066,4.082,"inti_padat_1"
3.424,3.94,"inti_padat_1"
2.78,3.915,"inti_padat_1"
2.782,3.693,"inti_padat_1"
2.942,3.544,"inti_padat_1"
3.414,3.886,"inti_padat_1"
3.379,3.574,"inti_padat_1"
3.031,4.284,"inti_padat_1"
3.209,3.816,"inti_padat_1"
3.325,3.863,"inti_padat_1"
3.297,3.484,"inti_padat_1"
3.306,3.904,"inti_padat_1"
3.239,4.027,"inti_padat_1"
3.265,3.862,"inti_padat_1"
2.912,3.811,"inti_padat_1"
3.623,4.113,"inti_padat_1"
3.163,3.944,"inti_padat_1"
3.298,3.927,"inti_padat_1"
2.928,4.013,"inti_padat_1"
3.127,3.868,"inti_padat_1"
3.351,4.429,"inti_padat_1"
3.229,3.87,"inti_padat_1"
3.252,4.015,"inti_padat_1"
2.939,3.983,"inti_padat_1"
3.298,3.944,"inti_padat_1"
3.098,4.011,"inti_padat_1"
2.868,3.87,"inti_padat_1"
3.324,3.413,"inti_padat_1"
3.203,3.64,"inti_padat_1"
3.053,4.269,"inti_padat_1"
3.255,4.184,"inti_padat_1"
2.828,3.778,"inti_padat_1"
3.616,3.297,"inti_padat_1"
2.728,3.648,"inti_padat_1"
3.265,3.499,"inti_padat_1"
3.154,3.464,"inti_padat_1"
2.964,3.99,"inti_padat_1"
3.266,3.825,"inti_padat_1"
3.119,4.088,"inti_padat_1"
3.505,3.535,"inti_padat_1"
2.979,3.599,"inti_padat_1"
6.928,6.179,"inti_padat_2"
7.031,6.422,"inti_padat_2"
6.765,5.994,"inti_padat_2"
6.607,6.115,"inti_padat_2"
7.171,6.168,"inti_padat_2"
7.137,6.332,"inti_padat_2"
7.011,6.139,"inti_padat_2"
6.963,6.339,"inti_padat_2"
6.561,6.223,"inti_padat_2"
6.394,6.236,"inti_padat_2"
7.225,6.624,"inti_padat_2"
6.86,6.065,"inti_padat_2"
6.635,6.395,"inti_padat_2"
7.105,6.419,"inti_padat_2"
6.677,6.533,"inti_padat_2"
6.708,6.265,"inti_padat_2"
6.889,6.25,"inti_padat_2"
6.521,6.231,"inti_padat_2"
6.7,6.343,"inti_padat_2"
6.588,6.322,"inti_padat_2"
7.035,6.144,"inti_padat_2"
6.866,6.377,"inti_padat_2"
6.742,6.319,"inti_padat_2"
7.064,6.34,"inti_padat_2"
6.791,6.763,"inti_padat_2"
6.757,6.255,"inti_padat_2"
6.827,6.097,"inti_padat_2"
6.671,6.284,"inti_padat_2"
6.811,6.147,"inti_padat_2"
6.986,6.046,"inti_padat_2"
6.841,6.125,"inti_padat_2"
7.125,6.222,"inti_padat_2"
6.681,6.395,"inti_padat_2"
6.738,6.271,"inti_padat_2"
7.067,6.035,"inti_padat_2"
6.559,6.169,"inti_padat_2"
6.518,5.894,"inti_padat_2"
6.929,6.16,"inti_padat_2"
6.718,5.938,"inti_padat_2"
6.604,5.922,"inti_padat_2"
6.615,6.392,"inti_padat_2"
6.959,6.164,"inti_padat_2"
6.662,6.201,"inti_padat_2"
6.792,6.302,"inti_padat_2"
6.643,6.109,"inti_padat_2"
6.887,6.158,"inti_padat_2"
6.667,6.085,"inti_padat_2"
6.89,6.129,"inti_padat_2"
6.69,5.99,"inti_padat_2"
7.171,6.358,"inti_padat_2"
6.88,6.324,"inti_padat_2"
6.427,6.043,"inti_padat_2"
7.075,6.556,"inti_padat_2"
6.785,6.15,"inti_padat_2"
6.846,6.14,"inti_padat_2"
7.078,5.9,"inti_padat_2"
6.881,6.207,"inti_padat_2"
7.312,6.018,"inti_padat_2"
6.695,6.27,"inti_padat_2"
6.87,6.239,"inti_padat_2"
6.895,6.372,"inti_padat_2"
6.958,6.065,"inti_padat_2"
6.966,5.867,"inti_padat_2"
6.91,6.278,"inti_padat_2"
6.552,6.288,"inti_padat_2"
6.717,6.457,"inti_padat_2"
6.814,6.167,"inti_padat_2"
6.701,6.3,"inti_padat_2"
6.864,6.292,"inti_padat_2"
6.641,6.105,"inti_padat_2"
6.981,5.889,"inti_padat_2"
6.842,6.062,"inti_padat_2"
6.91,6.23,"inti_padat_2"
6.756,6.227,"inti_padat_2"
6.664,5.926,"inti_padat_2"
7.092,6.181,"inti_padat_2"
6.627,5.976,"inti_padat_2"
6.64,6.349,"inti_padat_2"
6.663,6.216,"inti_padat_2"
7.164,6.1,"inti_padat_2"
11.775,12.012,"gugus_terpisah"
11.109,11.198,"gugus_terpisah"
12.025,11.63,"gugus_terpisah"
11.154,11.574,"gugus_terpisah"
10.687,11.745,"gugus_terpisah"
11.087,11.504,"gugus_terpisah"
11.34,11.631,"gugus_terpisah"
11.421,11.784,"gugus_terpisah"
11.14,10.545,"gugus_terpisah"
11.323,11.377,"gugus_terpisah"
11.623,11.671,"gugus_terpisah"
11.616,11.593,"gugus_terpisah"
11.55,11.559,"gugus_terpisah"
11.088,12.278,"gugus_terpisah"
11.596,11.441,"gugus_terpisah"
12.132,11.541,"gugus_terpisah"
11.136,11.445,"gugus_terpisah"
12.364,12.557,"gugus_terpisah"
11.89,11.22,"gugus_terpisah"
10.931,11.993,"gugus_terpisah"
11.07,12.012,"gugus_terpisah"
11.363,11.167,"gugus_terpisah"
11.499,12.057,"gugus_terpisah"
11.089,11.765,"gugus_terpisah"
11.208,11.953,"gugus_terpisah"
11.669,10.711,"gugus_terpisah"
11.625,11.152,"gugus_terpisah"
11.16,11.326,"gugus_terpisah"
11.287,11.585,"gugus_terpisah"
11.089,11.472,"gugus_terpisah"
10.329,11.433,"gugus_terpisah"
11.233,11.77,"gugus_terpisah"
11.212,11.911,"gugus_terpisah"
11.452,12.25,"gugus_terpisah"
11.059,11.772,"gugus_terpisah"
11.714,10.977,"gugus_terpisah"
10.864,10.882,"gugus_terpisah"
12.234,12.1,"gugus_terpisah"
10.992,11.323,"gugus_terpisah"
11.697,11.659,"gugus_terpisah"
12.355,11.68,"gugus_terpisah"
11.185,11.8,"gugus_terpisah"
11.333,11.311,"gugus_terpisah"
11.195,11.352,"gugus_terpisah"
11.546,11.697,"gugus_terpisah"
11.749,11.147,"gugus_terpisah"
10.815,11.398,"gugus_terpisah"
11.04,11.238,"gugus_terpisah"
10.874,11.006,"gugus_terpisah"
11.695,11.573,"gugus_terpisah"
11.666,11.703,"gugus_terpisah"
11.181,11.544,"gugus_terpisah"
11.041,11.65,"gugus_terpisah"
10.762,11.459,"gugus_terpisah"
11.807,11.421,"gugus_terpisah"
11.162,10.793,"gugus_terpisah"
11.822,12.045,"gugus_terpisah"
12.398,12.156,"gugus_terpisah"
12.106,11.889,"gugus_terpisah"
11.128,11.765,"gugus_terpisah"
