"pengeluaran","anggota_rt","pendidikan","air_bersih","pekerjaan","lahan","ketahanan","sejahtera","rentan"
653.1,6,7,"Ya","formal","Ya",3,1,"Tidak"
459.7,5,10,"Ya","informal","Ya",2,1,"Ya"
715.6,4,10,"Tidak","formal","Tidak",1,2,"Tidak"
965.6,5,4,"Tidak","formal","Ya",2,3,"Tidak"
562.2,5,9,"Ya","informal","Tidak",5,3,"Tidak"
408.1,2,11,"Ya","informal","Tidak",3,2,"Tidak"
571.1,4,7,"Tidak","formal","Ya",3,3,"Tidak"
428.9,2,8,"Ya","informal","Tidak",2,2,"Tidak"
365.9,4,10,"Tidak","informal","Ya",2,2,"Tidak"
685.8,2,11,"Ya","tidak_bekerja","Ya",4,2,"Tidak"
354.9,4,12,"Tidak","formal","Ya",5,1,"Tidak"
157,2,12,"Tidak","formal","Ya",5,2,"Tidak"
349.6,4,9,"Ya","formal","Ya",3,1,"Tidak"
712.1,3,14,"Ya","informal","Tidak",2,2,"Tidak"
853.2,2,6,"Ya","informal","Ya",4,3,"Tidak"
400.6,7,11,"Ya","tidak_bekerja","Tidak",4,1,"Ya"
436.1,3,7,"Ya","informal","Tidak",4,2,"Tidak"
578.2,5,8,"Ya","formal","Ya",5,2,"Tidak"
204.7,5,3,"Ya","tidak_bekerja","Ya",1,3,"Ya"
1932.7,8,9,"Tidak","informal","Tidak",1,2,"Tidak"
388.6,5,1,"Ya","informal","Tidak",3,1,"Ya"
698.9,4,8,"Ya","formal","Tidak",3,1,"Tidak"
2492.2,4,5,"Ya","informal","Tidak",2,2,"Tidak"
673.3,8,9,"Ya","tidak_bekerja","Ya",2,1,"Tidak"
419.8,4,14,"Ya","formal","Ya",3,2,"Tidak"
206.1,6,11,"Tidak","informal","Ya",4,2,"Tidak"
259.5,3,8,"Tidak","formal","Tidak",2,3,"Ya"
463.9,4,11,"Tidak","formal","Tidak",4,1,"Tidak"
358.2,4,7,"Tidak","formal","Ya",2,2,"Tidak"
694.2,6,6,"Ya","informal","Tidak",3,1,"Tidak"
243.2,5,7,"Tidak","formal","Ya",3,2,"Tidak"
1341,3,9,"Ya","tidak_bekerja","Ya",3,2,"Tidak"
210,6,11,"Tidak","formal","Tidak",1,2,"Ya"
640.7,2,6,"Ya","informal","Tidak",4,2,"Tidak"
307.6,6,9,"Ya","tidak_bekerja","Ya",2,2,"Tidak"
210.6,3,12,"Ya","informal","Ya",3,1,"Tidak"
533.5,3,9,"Ya","informal","Ya",3,2,"Tidak"
185,5,10,"Ya","informal","Tidak",2,1,"Ya"
777.7,4,14,"Ya","formal","Ya",5,1,"Tidak"
806,2,7,"Tidak","informal","Ya",3,3,"Tidak"
966,3,7,"Ya","formal","Tidak",5,2,"Tidak"
1082,5,13,"Tidak","informal","Tidak",3,1,"Tidak"
311.9,8,10,"Ya","informal","Tidak",2,2,"Ya"
362.5,2,12,"Ya","formal","Tidak",4,2,"Tidak"
179.8,9,10,"Ya","informal","Ya",3,3,"Tidak"
888.2,2,6,"Ya","formal","Tidak",5,1,"Tidak"
345.4,5,8,"Tidak","informal","Tidak",3,3,"Tidak"
486.4,3,14,"Ya","formal","Tidak",3,2,"Tidak"
759,5,5,"Ya","informal","Tidak",1,3,"Tidak"
609.4,2,10,"Ya","tidak_bekerja","Ya",4,2,"Tidak"
562.2,4,6,"Tidak","formal","Tidak",3,2,"Tidak"
215.4,4,9,"Ya","formal","Ya",4,3,"Tidak"
408.3,2,8,"Ya","formal","Tidak",3,2,"Tidak"
864.4,5,4,"Tidak","formal","Ya",4,2,"Tidak"
558.2,4,8,"Ya","informal","Tidak",1,3,"Tidak"
853.7,4,8,"Ya","formal","Tidak",3,2,"Tidak"
656.1,4,8,"Ya","tidak_bekerja","Tidak",1,1,"Tidak"
273.2,3,15,"Ya","informal","Ya",2,2,"Tidak"
297,7,13,"Tidak","formal","Tidak",2,3,"Tidak"
438.1,4,10,"Tidak","informal","Tidak",4,2,"Ya"
642.9,6,7,"Tidak","informal","Ya",5,2,"Tidak"
660.3,5,11,"Ya","formal","Ya",2,2,"Tidak"
600,6,12,"Ya","formal","Tidak",1,2,"Tidak"
1025.7,5,6,"Tidak","formal","Ya",3,2,"Tidak"
226,1,11,"Ya","informal","Ya",3,3,"Tidak"
103.4,5,12,"Ya","informal","Ya",4,2,"Tidak"
261.8,5,6,"Ya","formal","Ya",1,3,"Tidak"
354.5,2,12,"Tidak","informal","Ya",3,2,"Tidak"
1260.6,4,5,"Ya","formal","Ya",4,3,"Tidak"
351.7,4,4,"Ya","tidak_bekerja","Ya",2,3,"Tidak"
425.9,2,8,"Ya","informal","Ya",3,1,"Tidak"
287.5,5,10,"Ya","formal","Tidak",4,3,"Tidak"
274.9,3,4,"Ya","informal","Tidak",5,2,"Tidak"
112.1,8,16,"Tidak","informal","Ya",1,1,"Ya"
326.4,4,6,"Ya","tidak_bekerja","Tidak",2,3,"Tidak"
818.7,1,9,"Ya","informal","Ya",2,2,"Tidak"
324.4,3,4,"Ya","tidak_bekerja","Tidak",1,2,"Ya"
1113.2,4,8,"Ya","tidak_bekerja","Tidak",1,2,"Tidak"
288,3,10,"Ya","informal","Ya",4,3,"Tidak"
301.5,3,9,"Ya","informal","Ya",3,3,"Tidak"
229.7,9,9,"Tidak","formal","Ya",3,2,"Ya"
1087.1,5,5,"Tidak","informal","Ya",3,2,"Tidak"
509,3,7,"Ya","formal","Tidak",3,1,"Tidak"
238.1,4,12,"Ya","formal","Tidak",1,3,"Tidak"
449.7,3,7,"Ya","informal","Ya",3,2,"Tidak"
443.4,7,3,"Ya","tidak_bekerja","Ya",3,3,"Tidak"
984.1,3,5,"Ya","tidak_bekerja","Tidak",1,2,"Tidak"
248.1,7,6,"Ya","formal","Ya",3,2,"Tidak"
239.9,6,11,"Tidak","informal","Tidak",4,2,"Ya"
824.2,5,12,"Ya","informal","Ya",4,2,"Tidak"
655.3,4,12,"Tidak","informal","Tidak",2,2,"Tidak"
261.5,2,6,"Ya","informal","Tidak",3,2,"Tidak"
1260,3,5,"Ya","informal","Ya",1,2,"Tidak"
475,2,11,"Ya","formal","Tidak",4,3,"Tidak"
348.6,1,14,"Ya","formal","Tidak",5,3,"Tidak"
239.3,6,6,"Ya","informal","Tidak",2,1,"Ya"
149.5,2,7,"Ya","informal","Ya",5,2,"Tidak"
183.4,3,12,"Ya","informal","Ya",1,2,"Tidak"
274.8,5,9,"Ya","tidak_bekerja","Ya",2,2,"Ya"
512.5,4,9,"Tidak","formal","Ya",3,2,"Tidak"
681,5,11,"Ya","informal","Ya",3,2,"Tidak"
386.2,2,9,"Ya","informal","Tidak",2,2,"Tidak"
841.1,1,10,"Ya","informal","Ya",3,1,"Tidak"
518.8,4,6,"Ya","formal","Tidak",4,2,"Tidak"
202.9,3,9,"Ya","formal","Ya",2,2,"Tidak"
429.8,2,5,"Tidak","informal","Ya",3,2,"Tidak"
211.1,3,7,"Ya","informal","Ya",4,1,"Tidak"
1107.3,5,10,"Ya","tidak_bekerja","Ya",4,2,"Tidak"
550.6,3,14,"Ya","tidak_bekerja","Tidak",3,2,"Tidak"
938,4,13,"Tidak","formal","Ya",5,2,"Tidak"
219.3,7,9,"Ya","informal","Tidak",4,1,"Ya"
347.1,9,7,"Tidak","tidak_bekerja","Tidak",4,1,"Ya"
373.2,2,6,"Ya","formal","Ya",3,3,"Tidak"
143.5,4,7,"Ya","informal","Ya",4,2,"Tidak"
413.9,4,12,"Tidak","informal","Ya",5,2,"Tidak"
903.5,9,9,"Ya","tidak_bekerja","Tidak",3,2,"Tidak"
183.4,6,11,"Tidak","informal","Tidak",3,3,"Ya"
437.6,5,13,"Ya","informal","Ya",3,3,"Tidak"
394.2,4,15,"Ya","tidak_bekerja","Ya",2,1,"Tidak"
366.2,4,6,"Ya","informal","Tidak",4,2,"Tidak"
306.4,1,11,"Ya","formal","Tidak",4,2,"Tidak"
268,5,9,"Tidak","informal","Tidak",2,3,"Ya"
347.9,6,14,"Tidak","formal","Tidak",4,3,"Tidak"
195.5,3,4,"Ya","formal","Ya",1,3,"Ya"
523.1,2,7,"Ya","informal","Tidak",1,2,"Ya"
438,2,14,"Ya","formal","Ya",4,2,"Tidak"
196.7,2,11,"Ya","tidak_bekerja","Tidak",3,2,"Tidak"
434.9,6,12,"Ya","formal","Tidak",2,2,"Tidak"
159.2,6,8,"Ya","formal","Tidak",2,3,"Ya"
415.6,5,10,"Tidak","formal","Tidak",5,2,"Tidak"
710.5,6,8,"Ya","informal","Tidak",2,3,"Tidak"
435.8,5,10,"Ya","informal","Tidak",3,3,"Tidak"
292.6,3,8,"Ya","informal","Ya",2,1,"Tidak"
200.2,4,9,"Ya","informal","Tidak",1,3,"Tidak"
244.6,2,11,"Ya","formal","Tidak",1,3,"Tidak"
1148.9,3,8,"Tidak","tidak_bekerja","Tidak",5,3,"Tidak"
245.5,5,10,"Ya","informal","Tidak",3,1,"Ya"
424.2,4,7,"Tidak","formal","Ya",4,1,"Tidak"
241.2,5,6,"Ya","informal","Tidak",1,1,"Ya"
790,3,5,"Ya","informal","Tidak",1,2,"Tidak"
298.5,4,9,"Ya","formal","Tidak",2,2,"Tidak"
142.6,2,12,"Tidak","informal","Ya",4,1,"Tidak"
788.7,2,7,"Tidak","informal","Ya",4,3,"Tidak"
658.6,3,7,"Ya","formal","Ya",4,2,"Tidak"
371.3,3,4,"Ya","formal","Tidak",1,2,"Tidak"
312.9,4,5,"Tidak","informal","Tidak",1,3,"Ya"
210.8,6,11,"Ya","formal","Ya",1,2,"Ya"
830.2,2,8,"Ya","informal","Tidak",3,1,"Tidak"
597.1,3,10,"Ya","informal","Ya",3,1,"Tidak"
472.1,7,9,"Tidak","informal","Tidak",1,3,"Ya"
336.5,1,9,"Ya","informal","Ya",4,3,"Tidak"
411.4,4,10,"Ya","informal","Ya",4,2,"Tidak"
366.6,5,9,"Tidak","formal","Ya",5,1,"Tidak"
219.8,6,1,"Ya","informal","Ya",2,3,"Ya"
393.4,4,8,"Ya","informal","Tidak",5,1,"Tidak"
858.6,4,7,"Tidak","informal","Ya",4,1,"Tidak"
671.7,5,4,"Ya","tidak_bekerja","Ya",4,1,"Tidak"
884,5,11,"Ya","formal","Tidak",2,3,"Tidak"
648,9,9,"Ya","informal","Ya",4,2,"Tidak"
1137.3,2,11,"Ya","informal","Ya",3,1,"Tidak"
532.3,7,12,"Ya","informal","Tidak",4,2,"Tidak"
1413.2,1,8,"Tidak","informal","Tidak",4,1,"Tidak"
424.3,4,7,"Tidak","formal","Ya",2,1,"Ya"
424.8,3,9,"Ya","informal","Ya",3,3,"Tidak"
266.7,4,17,"Ya","informal","Ya",2,1,"Tidak"
161.5,5,6,"Tidak","tidak_bekerja","Tidak",2,3,"Ya"
494.6,4,14,"Ya","informal","Tidak",1,2,"Tidak"
391,5,11,"Tidak","informal","Tidak",2,2,"Ya"
159.8,4,7,"Ya","informal","Ya",3,1,"Ya"
751.7,4,9,"Ya","informal","Tidak",3,3,"Tidak"
848.4,4,7,"Ya","informal","Tidak",4,3,"Tidak"
823.1,2,14,"Ya","tidak_bekerja","Tidak",4,1,"Tidak"
504.3,6,2,"Ya","informal","Tidak",1,2,"Ya"
813.4,6,5,"Tidak","formal","Ya",2,3,"Tidak"
1735.9,6,11,"Tidak","informal","Ya",3,2,"Tidak"
921.1,4,4,"Ya","informal","Tidak",3,2,"Tidak"
302.5,4,5,"Ya","formal","Ya",3,2,"Tidak"
770.1,4,3,"Ya","tidak_bekerja","Ya",1,2,"Tidak"
152.2,3,7,"Ya","formal","Tidak",5,2,"Tidak"
243.9,3,10,"Ya","formal","Ya",2,1,"Tidak"
622.3,3,4,"Tidak","tidak_bekerja","Ya",3,2,"Tidak"
765.5,1,11,"Ya","formal","Tidak",4,2,"Tidak"
1069.3,1,8,"Ya","tidak_bekerja","Tidak",3,3,"Tidak"
652.2,4,8,"Ya","informal","Ya",2,2,"Tidak"
181,4,11,"Tidak","tidak_bekerja","Tidak",5,1,"Ya"
236.7,4,10,"Ya","informal","Tidak",3,1,"Ya"
658.9,4,8,"Tidak","formal","Ya",3,2,"Tidak"
582.2,3,12,"Ya","tidak_bekerja","Tidak",5,2,"Tidak"
746.1,2,9,"Tidak","informal","Ya",5,2,"Tidak"
380,5,8,"Tidak","tidak_bekerja","Ya",3,2,"Ya"
579.1,3,7,"Ya","informal","Ya",2,2,"Tidak"
674.3,2,8,"Ya","informal","Ya",3,2,"Tidak"
826.7,4,9,"Ya","tidak_bekerja","Tidak",2,2,"Tidak"
532.1,5,12,"Ya","informal","Ya",4,2,"Tidak"
543.8,8,8,"Tidak","informal","Tidak",3,1,"Tidak"
589.9,5,11,"Tidak","informal","Ya",4,1,"Tidak"
947,4,8,"Ya","formal","Ya",4,2,"Tidak"
1025.8,9,4,"Ya","formal","Tidak",4,3,"Tidak"
530.9,1,4,"Ya","tidak_bekerja","Tidak",2,1,"Tidak"
466.8,2,7,"Ya","formal","Ya",2,1,"Tidak"
400.1,4,12,"Ya","formal","Tidak",3,2,"Tidak"
81.4,5,10,"Ya","informal","Ya",2,2,"Tidak"
294.8,4,7,"Ya","informal","Ya",3,2,"Tidak"
426.4,5,9,"Ya","formal","Tidak",4,3,"Tidak"
405.4,4,12,"Ya","formal","Ya",5,2,"Tidak"
244.7,5,10,"Ya","formal","Tidak",3,2,"Ya"
150.9,3,10,"Ya","informal","Tidak",1,3,"Ya"
940.6,2,10,"Ya","formal","Tidak",1,3,"Tidak"
220.1,3,12,"Ya","informal","Tidak",3,1,"Tidak"
748.5,6,12,"Tidak","formal","Tidak",2,2,"Tidak"
901.3,5,10,"Ya","informal","Ya",2,2,"Tidak"
423.5,4,9,"Ya","informal","Tidak",1,1,"Ya"
905.7,2,8,"Ya","informal","Ya",3,1,"Tidak"
294.6,9,9,"Tidak","informal","Tidak",3,2,"Tidak"
549.6,2,7,"Tidak","informal","Ya",2,1,"Tidak"
930.6,4,14,"Tidak","formal","Ya",3,1,"Tidak"
660.3,5,8,"Tidak","formal","Tidak",2,3,"Tidak"
636,3,6,"Tidak","tidak_bekerja","Ya",4,1,"Tidak"
428.4,2,10,"Ya","informal","Ya",2,1,"Tidak"
780.3,7,7,"Ya","tidak_bekerja","Tidak",4,2,"Tidak"
481.4,3,13,"Tidak","informal","Tidak",2,1,"Tidak"
357.6,3,8,"Ya","tidak_bekerja","Ya",2,3,"Tidak"
518,4,7,"Ya","informal","Ya",5,2,"Tidak"
484.9,5,7,"Ya","formal","Ya",2,2,"Tidak"
349,6,5,"Ya","informal","Tidak",2,2,"Ya"
499.6,5,6,"Ya","formal","Ya",4,2,"Tidak"
268.3,8,8,"Ya","formal","Ya",4,2,"Ya"
540.1,2,4,"Ya","informal","Ya",4,2,"Tidak"
407.2,1,10,"Ya","informal","Tidak",4,2,"Tidak"
375.3,5,12,"Ya","tidak_bekerja","Ya",3,2,"Tidak"
639.9,3,5,"Tidak","formal","Tidak",1,3,"Tidak"
117.7,4,10,"Ya","formal","Ya",5,2,"Tidak"
658.1,5,8,"Ya","formal","Tidak",4,2,"Tidak"
302.6,5,6,"Ya","tidak_bekerja","Ya",2,2,"Tidak"
234.9,2,18,"Ya","tidak_bekerja","Ya",3,2,"Tidak"
284.3,4,12,"Ya","formal","Tidak",2,3,"Tidak"
206.3,4,8,"Tidak","informal","Tidak",1,1,"Ya"
678.5,5,8,"Ya","informal","Tidak",2,2,"Tidak"
535.2,4,8,"Tidak","informal","Tidak",3,3,"Tidak"
636.8,3,9,"Tidak","informal","Ya",3,1,"Tidak"
480.1,8,6,"Ya","tidak_bekerja","Tidak",2,1,"Ya"
352.7,3,6,"Ya","informal","Tidak",4,2,"Ya"
1107.6,2,10,"Ya","formal","Tidak",4,3,"Tidak"
384.2,3,12,"Tidak","tidak_bekerja","Ya",2,2,"Tidak"
272,2,9,"Ya","tidak_bekerja","Ya",4,2,"Tidak"
348.6,9,10,"Tidak","informal","Ya",3,2,"Tidak"
742.7,2,6,"Tidak","formal","Ya",3,1,"Tidak"
593.8,7,7,"Ya","informal","Ya",2,1,"Tidak"
151.5,4,10,"Ya","informal","Ya",3,2,"Tidak"
1395.5,6,7,"Ya","formal","Ya",3,2,"Tidak"
681,4,10,"Ya","informal","Ya",3,2,"Tidak"
645.3,5,6,"Ya","informal","Tidak",3,1,"Tidak"
620.7,1,4,"Ya","informal","Ya",1,2,"Tidak"
768,6,12,"Ya","informal","Tidak",1,3,"Tidak"
337.1,4,13,"Ya","formal","Ya",2,2,"Tidak"
1590.3,3,7,"Ya","informal","Ya",5,2,"Tidak"
310,4,9,"Tidak","informal","Ya",2,3,"Tidak"
593.5,3,16,"Tidak","formal","Tidak",3,3,"Tidak"
630.4,3,10,"Ya","informal","Ya",3,1,"Tidak"
1177.8,4,5,"Ya","informal","Tidak",1,2,"Tidak"
391.4,2,11,"Ya","formal","Tidak",1,2,"Tidak"
491.4,5,9,"Tidak","tidak_bekerja","Ya",1,3,"Ya"
326.4,7,6,"Ya","informal","Tidak",4,1,"Tidak"
93.2,3,11,"Ya","informal","Tidak",3,2,"Tidak"
207,2,11,"Ya","informal","Tidak",3,2,"Tidak"
2004.2,8,9,"Ya","informal","Tidak",2,3,"Tidak"
973.9,4,8,"Tidak","informal","Ya",4,1,"Tidak"
421.4,1,8,"Ya","informal","Ya",5,2,"Tidak"
826.6,3,9,"Tidak","tidak_bekerja","Ya",3,1,"Tidak"
504.5,4,8,"Ya","formal","Tidak",1,1,"Ya"
360.3,5,9,"Ya","informal","Tidak",1,3,"Ya"
482.3,3,8,"Tidak","tidak_bekerja","Tidak",4,1,"Tidak"
322.8,4,8,"Ya","informal","Ya",1,2,"Tidak"
741.6,6,6,"Ya","informal","Tidak",3,2,"Tidak"
196.2,4,6,"Ya","tidak_bekerja","Tidak",3,2,"Ya"
362.2,3,5,"Ya","formal","Tidak",2,2,"Ya"
541.7,3,10,"Ya","tidak_bekerja","Tidak",3,3,"Tidak"
768.4,4,5,"Ya","informal","Ya",3,1,"Tidak"
864.9,4,15,"Tidak","informal","Ya",1,1,"Tidak"
259.1,6,15,"Ya","informal","Ya",3,2,"Tidak"
454.7,4,9,"Ya","formal","Ya",5,1,"Tidak"
310.3,6,7,"Ya","formal","Tidak",4,1,"Tidak"
798.6,5,10,"Ya","tidak_bekerja","Ya",2,1,"Tidak"
243.7,5,9,"Ya","formal","Tidak",4,2,"Tidak"
321.6,2,14,"Tidak","informal","Ya",4,1,"Tidak"
1027.4,1,8,"Ya","formal","Tidak",5,1,"Tidak"
180.3,3,7,"Ya","informal","Tidak",4,2,"Tidak"
547.5,3,10,"Ya","informal","Tidak",3,1,"Tidak"
433.2,6,10,"Ya","informal","Ya",3,2,"Tidak"
212.8,4,8,"Tidak","informal","Ya",2,2,"Ya"
245.5,2,1,"Ya","formal","Ya",3,1,"Tidak"
350.1,7,9,"Ya","informal","Tidak",3,2,"Ya"
922,5,13,"Ya","informal","Ya",3,3,"Tidak"
515.7,5,8,"Tidak","informal","Ya",5,2,"Tidak"
227.6,8,9,"Ya","formal","Tidak",3,1,"Ya"
697.9,3,10,"Tidak","informal","Tidak",3,2,"Tidak"
680.5,3,9,"Ya","formal","Ya",2,2,"Tidak"
412.9,4,15,"Ya","informal","Tidak",3,2,"Tidak"
355.8,4,9,"Tidak","formal","Tidak",4,3,"Tidak"
1097.3,6,10,"Ya","informal","Ya",2,1,"Tidak"
263,7,8,"Ya","formal","Ya",1,2,"Tidak"
367.4,5,11,"Ya","informal","Ya",3,2,"Tidak"
476.4,3,15,"Tidak","formal","Tidak",2,1,"Ya"
242.5,3,11,"Ya","formal","Tidak",4,3,"Tidak"
251,4,11,"Ya","informal","Ya",1,3,"Tidak"
412.5,4,9,"Ya","formal","Tidak",3,1,"Tidak"
1097.2,4,12,"Ya","formal","Ya",3,2,"Tidak"
102.7,4,7,"Ya","formal","Tidak",2,3,"Tidak"
272.9,4,7,"Ya","informal","Tidak",5,1,"Tidak"
794.9,3,11,"Ya","informal","Tidak",3,2,"Tidak"
801.5,3,11,"Tidak","formal","Ya",1,1,"Tidak"
246.8,7,5,"Ya","informal","Ya",1,2,"Ya"
602.4,6,7,"Ya","informal","Ya",2,2,"Tidak"
530.8,3,10,"Tidak","formal","Tidak",2,1,"Ya"
183.9,9,9,"Ya","formal","Ya",3,2,"Ya"
593.3,4,11,"Tidak","informal","Tidak",3,1,"Tidak"
898.7,7,9,"Ya","informal","Ya",4,1,"Tidak"
226.4,2,11,"Tidak","tidak_bekerja","Ya",1,2,"Ya"
297.6,5,12,"Ya","formal","Tidak",2,2,"Tidak"
1327.7,5,7,"Ya","informal","Ya",4,2,"Tidak"
853,2,9,"Ya","formal","Tidak",4,2,"Tidak"
642.6,6,7,"Ya","informal","Tidak",1,3,"Tidak"
432.7,4,11,"Tidak","formal","Ya",3,2,"Tidak"
330.7,7,8,"Ya","informal","Ya",2,1,"Ya"
659.4,4,11,"Ya","informal","Ya",3,1,"Tidak"
438.1,5,4,"Tidak","informal","Ya",2,3,"Ya"
358.3,4,14,"Ya","informal","Ya",3,2,"Tidak"
592.2,7,5,"Ya","formal","Ya",1,3,"Tidak"
865.2,6,7,"Tidak","informal","Ya",2,1,"Tidak"
111.2,2,10,"Tidak","informal","Tidak",3,2,"Ya"
112.3,6,7,"Ya","informal","Ya",3,2,"Ya"
335.1,3,10,"Ya","formal","Ya",2,3,"Tidak"
614.3,5,5,"Tidak","formal","Ya",1,2,"Ya"
288.1,3,7,"Ya","informal","Tidak",3,3,"Tidak"
1201.4,3,2,"Tidak","formal","Ya",3,3,"Tidak"
528.6,4,9,"Ya","formal","Ya",1,2,"Tidak"
245,3,5,"Ya","informal","Ya",5,2,"Tidak"
517.7,3,9,"Ya","informal","Tidak",5,3,"Tidak"
490.8,2,8,"Ya","formal","Tidak",2,2,"Tidak"
247.1,5,12,"Ya","formal","Ya",3,3,"Tidak"
568.1,2,7,"Ya","tidak_bekerja","Tidak",3,3,"Tidak"
1465.3,2,9,"Tidak","informal","Tidak",4,1,"Tidak"
418.9,4,11,"Ya","informal","Tidak",3,2,"Tidak"
339,5,6,"Ya","informal","Tidak",3,1,"Ya"
454.5,3,9,"Ya","formal","Ya",3,1,"Tidak"
532.5,3,8,"Tidak","tidak_bekerja","Tidak",3,3,"Tidak"
579,4,8,"Tidak","formal","Ya",5,3,"Tidak"
277,8,13,"Ya","formal","Tidak",5,2,"Tidak"
300.9,5,11,"Ya","tidak_bekerja","Ya",2,2,"Tidak"
682.7,4,15,"Ya","tidak_bekerja","Ya",5,1,"Tidak"
635.1,3,10,"Ya","informal","Tidak",3,1,"Tidak"
456.7,3,9,"Ya","tidak_bekerja","Ya",4,2,"Tidak"
97.2,5,3,"Tidak","formal","Tidak",1,1,"Ya"
775.2,6,16,"Tidak","formal","Ya",2,3,"Tidak"
423.6,2,9,"Tidak","formal","Tidak",5,2,"Tidak"
218.3,2,4,"Ya","informal","Ya",3,1,"Ya"
485.1,3,12,"Ya","formal","Tidak",3,2,"Tidak"
498.2,5,7,"Tidak","informal","Tidak",5,3,"Tidak"
2466.7,4,10,"Tidak","formal","Tidak",3,1,"Tidak"
293,4,10,"Ya","informal","Ya",4,2,"Tidak"
1037.9,3,10,"Tidak","formal","Tidak",2,2,"Tidak"
298.6,4,6,"Ya","tidak_bekerja","Ya",2,1,"Ya"
391.2,2,10,"Ya","informal","Tidak",2,2,"Tidak"
315.5,5,6,"Tidak","formal","Tidak",3,3,"Ya"
342.1,5,11,"Ya","tidak_bekerja","Ya",4,2,"Tidak"
606,1,10,"Ya","formal","Ya",5,1,"Tidak"
274,3,10,"Ya","informal","Ya",2,1,"Tidak"
557.2,3,9,"Ya","informal","Tidak",3,1,"Tidak"
272.2,2,2,"Ya","informal","Tidak",4,1,"Ya"
590.3,6,4,"Tidak","formal","Tidak",3,1,"Tidak"
511.4,5,10,"Tidak","formal","Tidak",3,3,"Tidak"
375,3,4,"Ya","formal","Tidak",2,1,"Ya"
438.5,1,6,"Ya","informal","Tidak",4,2,"Tidak"
1365.6,3,12,"Tidak","tidak_bekerja","Tidak",5,2,"Tidak"
860.7,4,5,"Ya","formal","Tidak",4,2,"Tidak"
370,4,12,"Ya","formal","Ya",3,3,"Tidak"
927.7,3,8,"Tidak","informal","Ya",3,2,"Tidak"
631.2,4,13,"Tidak","informal","Tidak",3,2,"Tidak"
417.4,3,9,"Tidak","formal","Ya",2,1,"Ya"
374.8,4,6,"Ya","informal","Tidak",5,1,"Tidak"
160.7,3,9,"Tidak","tidak_bekerja","Tidak",1,1,"Ya"
474.5,8,11,"Ya","formal","Tidak",3,2,"Tidak"
403.9,6,9,"Tidak","formal","Ya",3,2,"Tidak"
524.9,5,6,"Ya","formal","Ya",5,2,"Tidak"
920.7,5,10,"Ya","formal","Ya",5,2,"Tidak"
216.2,4,3,"Ya","tidak_bekerja","Ya",2,1,"Ya"
1234.3,6,10,"Tidak","informal","Ya",2,1,"Tidak"
149.5,3,11,"Ya","informal","Ya",3,3,"Tidak"
339,3,11,"Ya","informal","Tidak",1,1,"Tidak"
278.1,4,12,"Ya","informal","Tidak",3,1,"Tidak"
191.8,5,5,"Tidak","informal","Tidak",3,2,"Ya"
670.2,3,2,"Ya","formal","Tidak",3,1,"Tidak"
472,3,6,"Ya","formal","Ya",5,2,"Tidak"
502.8,5,12,"Ya","formal","Tidak",3,1,"Tidak"
201.3,9,8,"Tidak","tidak_bekerja","Tidak",4,1,"Ya"
423.9,2,7,"Ya","informal","Tidak",2,3,"Tidak"
412.1,2,10,"Ya","tidak_bekerja","Tidak",1,2,"Ya"
572.2,5,9,"Ya","informal","Tidak",3,2,"Tidak"
504.6,3,11,"Ya","informal","Ya",2,1,"Tidak"
351.3,5,12,"Ya","informal","Tidak",2,1,"Tidak"
461.4,2,7,"Ya","informal","Tidak",3,1,"Ya"
276.2,4,9,"Ya","informal","Tidak",1,3,"Ya"
279.8,3,7,"Tidak","tidak_bekerja","Ya",4,1,"Ya"
637.1,4,7,"Ya","informal","Ya",3,2,"Tidak"
1312.5,7,8,"Ya","informal","Ya",3,2,"Tidak"
758.2,9,9,"Ya","informal","Ya",3,2,"Tidak"
475.8,5,11,"Tidak","tidak_bekerja","Tidak",2,2,"Ya"
554.2,4,10,"Ya","formal","Tidak",1,2,"Tidak"
1005,7,10,"Ya","formal","Tidak",3,2,"Tidak"
313.7,4,11,"Ya","informal","Ya",3,1,"Ya"
553.4,4,10,"Ya","formal","Tidak",1,2,"Ya"
393.5,5,8,"Ya","tidak_bekerja","Tidak",3,2,"Ya"
452.1,3,9,"Tidak","formal","Ya",2,1,"Tidak"
186,2,7,"Ya","informal","Ya",1,3,"Tidak"
235.1,4,3,"Ya","tidak_bekerja","Tidak",2,1,"Ya"
330.4,4,14,"Ya","formal","Ya",1,3,"Tidak"
2236.7,5,12,"Ya","formal","Ya",4,2,"Tidak"
258.3,5,4,"Tidak","informal","Tidak",2,2,"Ya"
533.8,8,6,"Ya","informal","Tidak",4,1,"Ya"
527.7,4,8,"Tidak","tidak_bekerja","Ya",2,2,"Tidak"
680.4,7,12,"Ya","formal","Tidak",3,2,"Tidak"
270.3,7,11,"Tidak","formal","Ya",3,3,"Tidak"
408.7,6,6,"Ya","informal","Tidak",2,3,"Tidak"
574.3,5,8,"Ya","formal","Ya",4,2,"Tidak"
601,6,7,"Ya","informal","Tidak",4,1,"Tidak"
566,7,7,"Ya","formal","Ya",2,2,"Tidak"
278.2,5,11,"Ya","informal","Tidak",5,1,"Tidak"
322.5,7,7,"Tidak","informal","Tidak",5,3,"Tidak"
542.6,3,8,"Ya","informal","Ya",3,1,"Tidak"
522.6,7,7,"Tidak","informal","Tidak",3,2,"Ya"
225.5,4,16,"Ya","informal","Ya",5,1,"Tidak"
894.4,1,6,"Ya","informal","Tidak",1,3,"Tidak"
376.5,7,11,"Tidak","tidak_bekerja","Ya",3,3,"Tidak"
274,2,10,"Ya","formal","Tidak",2,3,"Tidak"
992.3,2,13,"Tidak","informal","Tidak",1,2,"Tidak"
297.4,1,7,"Ya","tidak_bekerja","Tidak",3,3,"Tidak"
210.1,1,11,"Ya","tidak_bekerja","Ya",3,2,"Tidak"
274.1,5,9,"Tidak","formal","Ya",2,2,"Ya"
169.4,3,7,"Ya","informal","Ya",3,2,"Tidak"
838.2,6,8,"Tidak","tidak_bekerja","Tidak",4,2,"Tidak"
639.8,4,9,"Ya","informal","Tidak",4,1,"Tidak"
605,5,11,"Tidak","formal","Tidak",3,2,"Tidak"
454.7,4,7,"Ya","informal","Ya",3,2,"Tidak"
1033.4,3,10,"Tidak","informal","Tidak",4,2,"Tidak"
266.7,6,1,"Ya","informal","Tidak",4,2,"Ya"
330.3,3,9,"Ya","informal","Ya",2,1,"Ya"
512.8,4,5,"Ya","informal","Tidak",3,1,"Tidak"
596.4,2,9,"Tidak","formal","Tidak",3,2,"Tidak"
720.1,2,11,"Ya","formal","Tidak",1,2,"Tidak"
1587.1,7,13,"Ya","informal","Ya",3,3,"Tidak"
278.4,3,10,"Ya","formal","Ya",3,2,"Tidak"
535.4,3,12,"Ya","formal","Tidak",1,3,"Tidak"
238.2,2,9,"Tidak","informal","Tidak",2,1,"Ya"
701.3,2,5,"Tidak","formal","Ya",4,1,"Tidak"
527.5,4,11,"Ya","informal","Tidak",2,1,"Tidak"
488,3,15,"Tidak","informal","Tidak",2,2,"Tidak"
220.1,4,9,"Ya","informal","Ya",1,1,"Ya"
447.4,5,8,"Ya","informal","Tidak",3,2,"Ya"
363.2,2,9,"Ya","informal","Ya",3,3,"Tidak"
737.4,3,5,"Ya","formal","Ya",2,2,"Tidak"
379.8,9,4,"Ya","informal","Ya",1,3,"Ya"
347.4,4,12,"Ya","informal","Ya",5,2,"Tidak"
205.9,9,9,"Tidak","informal","Ya",1,3,"Ya"
223.3,3,4,"Ya","tidak_bekerja","Ya",4,2,"Tidak"
702.3,5,10,"Tidak","tidak_bekerja","Ya",2,1,"Tidak"
1975.6,4,11,"Ya","formal","Tidak",4,1,"Tidak"
438.2,2,5,"Tidak","informal","Ya",4,3,"Tidak"
1020.1,3,15,"Ya","informal","Tidak",2,2,"Tidak"
560.2,4,13,"Tidak","informal","Ya",4,2,"Tidak"
567.7,5,12,"Ya","tidak_bekerja","Ya",3,2,"Tidak"
987.1,3,9,"Ya","informal","Tidak",3,1,"Tidak"
92.1,5,7,"Ya","formal","Tidak",4,2,"Ya"
191.6,3,7,"Ya","tidak_bekerja","Tidak",1,3,"Ya"
1218.3,4,5,"Ya","tidak_bekerja","Ya",3,2,"Tidak"
107.1,4,12,"Ya","informal","Ya",1,2,"Ya"
1894.4,5,9,"Ya","informal","Ya",2,1,"Tidak"
432.8,3,8,"Tidak","informal","Ya",4,3,"Tidak"
949.3,3,7,"Ya","formal","Ya",3,1,"Tidak"
161.6,2,15,"Ya","informal","Ya",4,2,"Tidak"
393.4,3,10,"Tidak","informal","Tidak",1,2,"Ya"
213.7,2,8,"Tidak","informal","Tidak",3,2,"Ya"
549.1,6,14,"Ya","informal","Ya",4,2,"Tidak"
433,6,6,"Ya","informal","Tidak",5,3,"Tidak"
738.1,5,3,"Tidak","formal","Ya",2,3,"Tidak"
584.1,1,11,"Tidak","informal","Ya",3,3,"Tidak"
594.2,5,4,"Ya","tidak_bekerja","Tidak",5,3,"Tidak"
246.8,5,4,"Tidak","informal","Ya",1,3,"Ya"
435,4,8,"Tidak","informal","Ya",3,1,"Ya"
320.2,4,12,"Ya","formal","Ya",3,3,"Tidak"
396.1,5,5,"Tidak","informal","Ya",4,2,"Tidak"
581.9,5,15,"Ya","formal","Ya",4,2,"Tidak"
349.8,3,9,"Ya","formal","Ya",2,2,"Tidak"
525.5,2,9,"Ya","formal","Tidak",3,2,"Tidak"
448.8,4,13,"Ya","informal","Tidak",2,2,"Tidak"
720.3,3,4,"Tidak","informal","Ya",5,1,"Tidak"
308.7,4,10,"Ya","formal","Tidak",2,2,"Tidak"
1519.6,8,10,"Ya","formal","Tidak",2,1,"Tidak"
339.9,5,4,"Ya","informal","Tidak",1,2,"Ya"
281.4,4,6,"Ya","informal","Ya",1,3,"Tidak"
350.4,4,18,"Ya","informal","Tidak",2,2,"Tidak"
207.1,2,13,"Ya","formal","Tidak",3,2,"Tidak"
1465.5,3,11,"Ya","informal","Ya",3,2,"Tidak"
615.9,4,7,"Tidak","tidak_bekerja","Tidak",2,2,"Ya"
799.4,2,14,"Ya","formal","Ya",3,1,"Tidak"
1026.4,5,10,"Ya","formal","Tidak",2,3,"Tidak"
285.7,3,4,"Tidak","informal","Ya",3,3,"Tidak"
202.2,4,11,"Ya","formal","Ya",3,2,"Tidak"
238.5,4,9,"Ya","informal","Ya",2,2,"Tidak"
308.2,6,9,"Ya","informal","Tidak",3,1,"Tidak"
406.2,4,10,"Ya","formal","Ya",3,2,"Tidak"
419.3,2,11,"Ya","informal","Tidak",2,3,"Tidak"
146.1,4,10,"Tidak","tidak_bekerja","Ya",1,3,"Ya"
534.1,3,8,"Tidak","informal","Tidak",4,1,"Ya"
1140.6,5,11,"Tidak","tidak_bekerja","Tidak",5,1,"Tidak"
320.6,4,12,"Ya","formal","Ya",3,3,"Tidak"
277.5,5,9,"Ya","informal","Ya",3,1,"Ya"
442.6,5,10,"Ya","tidak_bekerja","Ya",5,1,"Tidak"
652.7,8,10,"Ya","informal","Tidak",5,2,"Tidak"
250.7,5,7,"Ya","informal","Ya",3,2,"Tidak"
651.2,7,8,"Ya","formal","Tidak",2,3,"Tidak"
294.5,6,9,"Ya","tidak_bekerja","Tidak",2,1,"Ya"
458.3,5,12,"Ya","formal","Ya",3,2,"Tidak"
660.8,4,2,"Ya","informal","Ya",2,1,"Tidak"
160.8,5,5,"Tidak","formal","Tidak",5,1,"Ya"
379.2,3,4,"Ya","informal","Tidak",1,3,"Tidak"
147.1,5,14,"Ya","informal","Ya",2,3,"Tidak"
731.6,2,8,"Tidak","informal","Ya",4,2,"Tidak"
500.4,6,14,"Ya","informal","Ya",3,1,"Tidak"
613.4,4,6,"Tidak","informal","Ya",4,2,"Tidak"
113.1,1,10,"Ya","informal","Ya",1,2,"Tidak"
560.2,3,3,"Tidak","informal","Ya",3,3,"Tidak"
752.1,3,12,"Tidak","formal","Ya",4,3,"Tidak"
464.2,6,11,"Tidak","informal","Ya",3,2,"Tidak"
1290.5,4,12,"Ya","tidak_bekerja","Tidak",2,2,"Tidak"
677.7,5,9,"Tidak","informal","Tidak",5,2,"Tidak"
1513.7,3,12,"Ya","formal","Ya",2,1,"Tidak"
673.9,3,10,"Ya","informal","Tidak",3,1,"Tidak"
468.3,5,6,"Ya","formal","Tidak",5,2,"Tidak"
414.9,2,10,"Ya","formal","Ya",5,1,"Tidak"
579.9,3,12,"Ya","informal","Tidak",4,2,"Tidak"
552.8,4,10,"Tidak","informal","Ya",3,2,"Tidak"
500.3,5,4,"Ya","informal","Tidak",3,3,"Tidak"
241.1,3,6,"Ya","informal","Ya",1,2,"Ya"
575.9,6,6,"Ya","informal","Ya",4,1,"Tidak"
454,4,5,"Ya","formal","Ya",1,1,"Tidak"
369.5,3,10,"Ya","informal","Ya",3,3,"Tidak"
387,4,7,"Ya","formal","Tidak",1,2,"Tidak"
326.8,2,11,"Ya","formal","Ya",5,2,"Tidak"
355.6,8,3,"Tidak","formal","Ya",3,2,"Ya"
681.7,6,13,"Ya","informal","Ya",4,2,"Tidak"
1449.9,5,8,"Ya","informal","Ya",1,2,"Tidak"
536.8,8,11,"Ya","tidak_bekerja","Ya",3,1,"Tidak"
601.3,2,8,"Ya","tidak_bekerja","Ya",4,1,"Tidak"
1575.3,3,9,"Ya","formal","Tidak",2,1,"Tidak"
384.3,5,10,"Tidak","informal","Tidak",1,2,"Ya"
654.5,5,9,"Tidak","tidak_bekerja","Tidak",2,3,"Tidak"
636.6,1,7,"Ya","tidak_bekerja","Tidak",4,2,"Tidak"
199.9,3,9,"Ya","tidak_bekerja","Tidak",3,2,"Tidak"
823.7,1,9,"Ya","formal","Ya",2,3,"Tidak"
863.9,4,11,"Ya","informal","Tidak",3,2,"Tidak"
333.1,4,12,"Ya","informal","Tidak",3,3,"Tidak"
243.3,4,12,"Ya","formal","Tidak",2,2,"Tidak"
411,5,11,"Tidak","informal","Tidak",3,1,"Ya"
460.7,5,13,"Ya","tidak_bekerja","Tidak",2,2,"Tidak"
1512,7,8,"Tidak","formal","Ya",3,2,"Tidak"
411.3,3,7,"Ya","tidak_bekerja","Tidak",3,1,"Ya"
223,1,11,"Tidak","informal","Ya",2,2,"Ya"
1452.3,4,8,"Ya","informal","Ya",4,2,"Tidak"
357.5,4,17,"Ya","informal","Tidak",3,2,"Tidak"
140.3,2,6,"Ya","formal","Ya",2,1,"Ya"
565.7,7,6,"Ya","informal","Tidak",3,2,"Tidak"
362.9,4,14,"Tidak","informal","Tidak",3,2,"Tidak"
205.5,4,5,"Ya","informal","Ya",5,2,"Tidak"
151.8,5,9,"Ya","tidak_bekerja","Tidak",2,2,"Ya"
263.8,6,16,"Tidak","formal","Ya",2,1,"Tidak"
1410.9,7,13,"Tidak","informal","Tidak",2,1,"Tidak"
478,4,7,"Ya","informal","Tidak",3,1,"Tidak"
226,4,8,"Ya","informal","Ya",5,2,"Tidak"
241.8,5,8,"Ya","formal","Tidak",2,2,"Ya"
505.8,2,6,"Tidak","informal","Tidak",3,1,"Tidak"
489.9,4,5,"Ya","informal","Tidak",1,1,"Ya"
387.9,4,9,"Ya","informal","Tidak",4,2,"Tidak"
387.9,4,7,"Ya","tidak_bekerja","Tidak",3,2,"Ya"
731.4,7,9,"Ya","tidak_bekerja","Ya",4,3,"Tidak"
397.3,5,8,"Ya","formal","Tidak",1,3,"Tidak"
220.1,3,1,"Ya","formal","Tidak",4,2,"Tidak"
207.4,3,6,"Tidak","formal","Ya",2,1,"Ya"
342.2,1,8,"Ya","informal","Ya",1,1,"Tidak"
239.8,2,11,"Ya","tidak_bekerja","Tidak",3,1,"Ya"
367.3,4,12,"Tidak","formal","Tidak",2,3,"Tidak"
1501.3,7,3,"Ya","informal","Ya",5,1,"Tidak"
1044.2,5,12,"Ya","formal","Ya",3,2,"Tidak"
503.6,4,13,"Tidak","formal","Ya",3,3,"Tidak"
464.9,2,6,"Tidak","informal","Tidak",2,2,"Ya"
267.6,4,10,"Tidak","informal","Tidak",2,2,"Ya"
853.7,5,10,"Tidak","informal","Tidak",1,2,"Tidak"
730.7,2,11,"Ya","formal","Ya",3,2,"Tidak"
3202.6,5,12,"Tidak","informal","Tidak",1,2,"Tidak"
2983.3,5,13,"Tidak","formal","Ya",5,2,"Tidak"
207.8,1,10,"Ya","informal","Tidak",4,3,"Tidak"
270,4,11,"Ya","formal","Ya",4,1,"Tidak"
181.2,2,14,"Tidak","informal","Tidak",1,3,"Ya"
834.3,4,12,"Tidak","informal","Tidak",2,2,"Tidak"
1789.7,2,11,"Ya","informal","Ya",2,3,"Tidak"
688.5,2,15,"Ya","informal","Ya",5,1,"Tidak"
471.2,4,7,"Ya","informal","Tidak",5,2,"Tidak"
1417.3,3,11,"Ya","tidak_bekerja","Ya",5,2,"Tidak"
540.1,7,18,"Ya","informal","Ya",2,1,"Tidak"
239.3,5,7,"Ya","informal","Ya",4,1,"Tidak"
452.3,6,10,"Ya","informal","Ya",1,1,"Ya"
376,2,4,"Ya","formal","Ya",3,3,"Tidak"
503.8,7,12,"Tidak","informal","Ya",1,3,"Ya"
785.6,4,7,"Ya","informal","Tidak",3,2,"Tidak"
502.5,6,10,"Ya","formal","Ya",2,2,"Tidak"
1990.7,7,13,"Ya","informal","Tidak",4,3,"Tidak"
234,2,6,"Ya","formal","Ya",3,1,"Tidak"
654.1,9,6,"Ya","formal","Ya",5,2,"Tidak"
1289.7,5,12,"Ya","informal","Tidak",3,1,"Tidak"
264.8,4,8,"Tidak","formal","Ya",1,3,"Ya"
363.8,3,8,"Ya","informal","Ya",3,1,"Tidak"
378.1,4,8,"Ya","formal","Ya",2,2,"Tidak"
637.1,9,7,"Ya","informal","Ya",3,3,"Tidak"
774.1,3,11,"Tidak","informal","Ya",3,1,"Tidak"
2396.1,8,12,"Ya","informal","Ya",1,1,"Tidak"
323.5,4,8,"Ya","formal","Tidak",2,3,"Tidak"
802.5,4,10,"Ya","informal","Tidak",3,1,"Tidak"
271.4,8,5,"Ya","tidak_bekerja","Ya",2,2,"Ya"
508.6,9,13,"Tidak","informal","Ya",4,1,"Tidak"
626.8,1,9,"Ya","formal","Ya",4,2,"Tidak"
375.4,3,7,"Ya","informal","Tidak",4,1,"Tidak"
374.1,4,11,"Ya","formal","Tidak",4,1,"Tidak"
288.6,5,13,"Ya","formal","Tidak",1,2,"Tidak"
523.2,4,11,"Ya","formal","Tidak",4,3,"Tidak"
881.8,5,9,"Ya","informal","Tidak",5,1,"Tidak"
648.4,3,12,"Ya","tidak_bekerja","Tidak",2,3,"Tidak"
789.5,2,8,"Ya","informal","Ya",2,2,"Tidak"
707,3,6,"Ya","informal","Ya",1,2,"Tidak"
255.2,6,6,"Tidak","informal","Tidak",3,2,"Ya"
611.9,9,8,"Ya","informal","Ya",3,2,"Tidak"
587.3,5,6,"Tidak","tidak_bekerja","Tidak",1,3,"Tidak"
886.3,4,8,"Ya","informal","Ya",1,3,"Tidak"
303.7,7,11,"Ya","informal","Tidak",3,2,"Ya"
151.9,7,13,"Tidak","formal","Tidak",3,2,"Ya"
369.4,6,6,"Tidak","informal","Tidak",2,1,"Ya"
448.5,4,10,"Tidak","formal","Ya",2,2,"Tidak"
260.1,4,7,"Ya","informal","Ya",2,2,"Ya"
517.7,6,7,"Ya","formal","Tidak",5,1,"Tidak"
569.1,4,3,"Ya","informal","Tidak",2,2,"Tidak"
878.4,5,11,"Ya","formal","Ya",2,3,"Tidak"
242.5,5,13,"Tidak","formal","Ya",5,1,"Tidak"
378.6,2,4,"Ya","formal","Ya",2,2,"Tidak"
405,4,6,"Ya","informal","Ya",4,2,"Tidak"
85.4,4,9,"Ya","formal","Ya",2,2,"Ya"
624.8,4,4,"Ya","formal","Ya",1,3,"Tidak"
272.7,1,16,"Ya","formal","Ya",2,2,"Tidak"
736.1,4,5,"Tidak","informal","Ya",4,3,"Tidak"
373.4,4,16,"Ya","informal","Tidak",5,2,"Tidak"
539.6,9,10,"Ya","informal","Ya",5,2,"Tidak"
277.4,4,6,"Tidak","informal","Ya",2,2,"Ya"
932.1,4,4,"Ya","formal","Tidak",3,2,"Tidak"
531.5,3,9,"Ya","tidak_bekerja","Ya",2,2,"Tidak"
506.7,4,10,"Ya","informal","Tidak",2,2,"Tidak"
114.7,3,10,"Ya","formal","Tidak",3,2,"Tidak"
653.2,4,13,"Ya","formal","Tidak",2,2,"Tidak"
169.4,3,10,"Ya","formal","Ya",2,3,"Tidak"
406.1,5,16,"Ya","informal","Ya",3,2,"Tidak"
1581.3,4,7,"Ya","formal","Tidak",2,2,"Tidak"
391.3,4,5,"Ya","formal","Tidak",4,2,"Tidak"
717.4,3,7,"Ya","informal","Ya",5,2,"Tidak"
733.7,7,12,"Ya","tidak_bekerja","Ya",2,1,"Tidak"
167.6,5,10,"Tidak","tidak_bekerja","Tidak",3,2,"Ya"
389.8,9,11,"Ya","formal","Ya",4,2,"Tidak"
292,3,11,"Ya","tidak_bekerja","Ya",5,2,"Tidak"
683.9,5,6,"Ya","informal","Ya",4,2,"Tidak"
384.2,4,6,"Ya","informal","Ya",4,2,"Tidak"
1550.3,3,5,"Ya","informal","Ya",4,1,"Tidak"
629.6,6,11,"Tidak","tidak_bekerja","Ya",4,3,"Tidak"
413.8,7,3,"Tidak","tidak_bekerja","Tidak",1,2,"Ya"
345.1,2,16,"Tidak","informal","Tidak",2,1,"Tidak"
268.3,4,10,"Ya","formal","Ya",1,2,"Ya"
149.2,2,11,"Ya","tidak_bekerja","Tidak",3,2,"Tidak"
234.1,3,12,"Ya","informal","Ya",3,3,"Tidak"
497.5,5,9,"Tidak","formal","Ya",4,2,"Tidak"
776.4,5,6,"Tidak","informal","Ya",4,3,"Tidak"
616.9,1,9,"Ya","tidak_bekerja","Ya",1,3,"Tidak"
395,5,8,"Tidak","tidak_bekerja","Tidak",4,2,"Ya"
935.1,5,10,"Ya","informal","Tidak",3,1,"Tidak"
123.4,3,4,"Ya","formal","Tidak",2,2,"Ya"
174.2,5,6,"Ya","formal","Tidak",2,1,"Ya"
479.7,4,6,"Ya","formal","Ya",2,3,"Tidak"
771.3,7,5,"Ya","formal","Ya",3,2,"Tidak"
567.4,7,3,"Ya","informal","Tidak",3,2,"Tidak"
195,4,10,"Ya","informal","Ya",3,1,"Tidak"
623.3,6,3,"Tidak","tidak_bekerja","Tidak",4,2,"Ya"
311.1,5,10,"Ya","informal","Tidak",3,3,"Tidak"
453.5,2,3,"Tidak","tidak_bekerja","Tidak",4,2,"Tidak"
103.9,4,7,"Ya","informal","Tidak",5,1,"Tidak"
412.2,3,10,"Tidak","informal","Ya",3,1,"Ya"
357.1,2,5,"Ya","formal","Ya",2,1,"Tidak"
417.2,2,3,"Tidak","formal","Tidak",2,2,"Tidak"
361.6,6,7,"Ya","informal","Ya",3,1,"Ya"
277.6,3,11,"Ya","tidak_bekerja","Ya",1,3,"Tidak"
918.4,1,7,"Ya","tidak_bekerja","Tidak",5,2,"Tidak"
671.2,6,4,"Ya","informal","Ya",2,2,"Tidak"
526.5,2,6,"Ya","informal","Ya",2,1,"Tidak"
143.7,4,8,"Tidak","formal","Ya",4,2,"Tidak"
275.8,4,10,"Tidak","formal","Ya",4,2,"Tidak"
461.3,5,3,"Ya","informal","Ya",3,2,"Tidak"
818.8,4,9,"Ya","formal","Tidak",3,2,"Tidak"
928.1,5,15,"Ya","informal","Ya",2,2,"Tidak"
292.6,3,8,"Ya","tidak_bekerja","Ya",3,2,"Tidak"
279.6,3,10,"Ya","formal","Tidak",3,3,"Tidak"
907.7,6,18,"Ya","formal","Ya",3,1,"Tidak"
78.2,1,12,"Ya","formal","Ya",1,1,"Ya"
973.6,8,6,"Ya","informal","Tidak",3,2,"Tidak"
253.7,3,8,"Ya","formal","Ya",3,2,"Tidak"
112.3,7,10,"Ya","informal","Tidak",4,1,"Ya"
203.8,4,7,"Tidak","informal","Tidak",4,2,"Ya"
650.5,3,8,"Ya","tidak_bekerja","Tidak",2,1,"Tidak"
490.7,4,9,"Ya","formal","Tidak",5,3,"Tidak"
329.1,4,11,"Ya","informal","Tidak",5,2,"Tidak"
499.6,5,12,"Ya","formal","Ya",1,2,"Tidak"
289.8,4,7,"Ya","informal","Ya",3,3,"Tidak"
367.8,3,9,"Ya","formal","Tidak",3,2,"Tidak"
403.4,4,7,"Tidak","informal","Ya",1,2,"Ya"
372.4,3,9,"Ya","formal","Tidak",3,2,"Tidak"
1537.3,5,5,"Tidak","formal","Tidak",4,1,"Tidak"
855.2,2,11,"Tidak","formal","Ya",2,1,"Tidak"
546.8,5,7,"Tidak","informal","Tidak",2,2,"Ya"
665.9,3,5,"Tidak","informal","Tidak",4,2,"Tidak"
363.9,4,4,"Tidak","formal","Ya",2,3,"Tidak"
450.9,7,13,"Ya","formal","Ya",3,2,"Tidak"
459.3,4,10,"Tidak","informal","Tidak",3,1,"Ya"
323.5,5,10,"Ya","informal","Tidak",3,1,"Ya"
398.8,5,13,"Ya","informal","Tidak",2,2,"Ya"
634.3,3,7,"Ya","formal","Tidak",1,2,"Tidak"
554.5,5,8,"Ya","informal","Tidak",3,3,"Tidak"
200.7,3,12,"Ya","informal","Ya",3,2,"Tidak"
1007.4,4,11,"Ya","informal","Tidak",3,2,"Tidak"
335.9,2,11,"Ya","informal","Tidak",2,1,"Ya"
499.8,6,12,"Ya","informal","Tidak",3,3,"Tidak"
830,2,12,"Tidak","informal","Tidak",2,1,"Tidak"
644.1,4,9,"Ya","informal","Ya",3,2,"Tidak"
270.2,3,9,"Ya","informal","Ya",4,2,"Tidak"
245.8,4,8,"Ya","informal","Ya",1,2,"Ya"
547.3,7,12,"Ya","informal","Tidak",2,1,"Tidak"
353.5,6,9,"Tidak","informal","Ya",4,2,"Ya"
854.8,3,10,"Ya","formal","Tidak",3,1,"Tidak"
1410.3,1,8,"Ya","tidak_bekerja","Ya",1,1,"Tidak"
330.8,5,9,"Tidak","tidak_bekerja","Tidak",2,3,"Tidak"
451.7,8,16,"Tidak","formal","Ya",3,2,"Tidak"
587.7,5,6,"Ya","informal","Ya",3,3,"Tidak"
342.7,3,9,"Ya","formal","Ya",1,2,"Tidak"
919.1,4,5,"Ya","formal","Tidak",3,2,"Tidak"
427.2,5,9,"Ya","formal","Ya",3,1,"Tidak"
1882.7,4,5,"Tidak","informal","Ya",5,3,"Tidak"
314.5,4,10,"Ya","informal","Tidak",2,2,"Ya"
251.4,9,10,"Ya","formal","Ya",2,3,"Tidak"
557.1,3,8,"Tidak","formal","Tidak",3,1,"Ya"
610.7,3,14,"Tidak","formal","Ya",1,2,"Tidak"
447.5,4,5,"Tidak","formal","Ya",3,1,"Tidak"
452,4,8,"Ya","formal","Tidak",4,3,"Tidak"
231.7,5,3,"Ya","informal","Ya",1,2,"Ya"
77.1,3,5,"Ya","formal","Tidak",3,1,"Ya"
433.9,5,8,"Tidak","formal","Tidak",3,1,"Tidak"
235.7,3,11,"Ya","informal","Tidak",2,3,"Tidak"
394,3,5,"Ya","informal","Tidak",3,2,"Tidak"
1463.5,4,6,"Ya","formal","Ya",5,3,"Tidak"
458,4,7,"Ya","formal","Tidak",1,2,"Tidak"
414.7,6,8,"Ya","formal","Tidak",4,3,"Tidak"
553,6,10,"Ya","informal","Tidak",5,1,"Tidak"
320.5,5,6,"Tidak","informal","Ya",1,2,"Ya"
346.1,3,9,"Ya","informal","Ya",5,1,"Tidak"
1421.3,9,15,"Ya","tidak_bekerja","Ya",3,2,"Tidak"
267.5,8,11,"Ya","informal","Tidak",2,2,"Tidak"
465.5,1,7,"Ya","informal","Tidak",1,1,"Tidak"
443.5,7,4,"Ya","informal","Ya",4,2,"Tidak"
746.2,6,12,"Tidak","formal","Ya",4,1,"Tidak"
1660.6,7,17,"Ya","informal","Ya",3,1,"Tidak"
311.7,6,7,"Tidak","tidak_bekerja","Ya",4,1,"Ya"
363.1,1,12,"Ya","informal","Ya",3,1,"Tidak"
175.7,4,10,"Tidak","informal","Tidak",5,2,"Tidak"
433.3,6,13,"Ya","formal","Ya",5,2,"Tidak"
291.8,2,9,"Tidak","formal","Tidak",1,1,"Ya"
310.1,6,8,"Tidak","tidak_bekerja","Ya",3,3,"Tidak"
309.5,9,9,"Tidak","informal","Ya",1,1,"Ya"
539.7,3,5,"Ya","informal","Tidak",3,2,"Tidak"
337.5,6,9,"Ya","formal","Ya",3,1,"Tidak"
370.7,4,11,"Ya","formal","Ya",5,1,"Tidak"
187.9,3,6,"Ya","informal","Ya",4,3,"Tidak"
162.7,4,14,"Ya","informal","Ya",2,2,"Tidak"
342.6,3,6,"Ya","informal","Ya",3,2,"Tidak"
269.1,4,3,"Tidak","informal","Tidak",3,2,"Ya"
543.4,7,11,"Ya","formal","Tidak",1,2,"Tidak"
283.2,4,12,"Tidak","informal","Ya",3,2,"Tidak"
765.7,4,9,"Ya","informal","Ya",5,3,"Tidak"
298.5,4,8,"Ya","tidak_bekerja","Ya",2,1,"Ya"
859.1,1,10,"Ya","informal","Ya",2,2,"Tidak"
199.1,4,11,"Ya","informal","Tidak",1,2,"Ya"
1097,5,5,"Tidak","formal","Tidak",3,1,"Tidak"
414.8,6,9,"Ya","informal","Tidak",3,3,"Tidak"
384.5,4,9,"Ya","formal","Ya",5,2,"Tidak"
928,7,7,"Ya","informal","Tidak",3,2,"Tidak"
469,6,9,"Ya","informal","Tidak",2,2,"Tidak"
587.2,2,9,"Tidak","informal","Ya",2,1,"Ya"
542.3,8,7,"Ya","tidak_bekerja","Ya",3,3,"Tidak"
525.6,6,3,"Ya","informal","Ya",4,3,"Tidak"
697.5,6,7,"Tidak","tidak_bekerja","Ya",4,2,"Tidak"
686.7,3,9,"Ya","informal","Ya",2,2,"Tidak"
241.4,3,3,"Ya","formal","Ya",4,2,"Tidak"
375.1,4,9,"Ya","informal","Ya",4,2,"Tidak"
543,5,5,"Ya","informal","Ya",4,1,"Tidak"
200,7,7,"Ya","informal","Tidak",3,2,"Tidak"
315.7,2,12,"Ya","formal","Ya",5,2,"Tidak"
1109.3,3,13,"Ya","informal","Ya",3,1,"Tidak"
687.4,2,12,"Ya","tidak_bekerja","Ya",3,1,"Tidak"
523.5,6,9,"Tidak","informal","Ya",1,1,"Ya"
499.2,5,13,"Ya","informal","Ya",3,3,"Tidak"
686.9,6,10,"Ya","informal","Ya",2,1,"Ya"
654.1,6,14,"Ya","formal","Tidak",4,2,"Tidak"
416.5,6,12,"Ya","informal","Tidak",3,2,"Tidak"
475.2,5,11,"Ya","informal","Ya",3,2,"Tidak"
742.2,4,9,"Tidak","informal","Ya",4,2,"Tidak"
268.8,3,10,"Ya","informal","Ya",4,1,"Tidak"
713.8,4,10,"Tidak","formal","Tidak",4,3,"Tidak"
211.4,5,7,"Tidak","informal","Tidak",3,2,"Ya"
281.2,4,5,"Ya","formal","Tidak",4,2,"Tidak"
551,3,11,"Ya","informal","Ya",3,3,"Tidak"
960.1,1,7,"Ya","tidak_bekerja","Tidak",4,2,"Tidak"
393.3,5,10,"Ya","informal","Ya",3,3,"Tidak"
396.8,4,8,"Ya","informal","Tidak",3,2,"Tidak"
660.9,6,11,"Ya","formal","Ya",4,3,"Tidak"
778.8,6,9,"Tidak","tidak_bekerja","Tidak",2,3,"Tidak"
270.7,5,6,"Ya","formal","Tidak",4,1,"Tidak"
352.5,1,11,"Tidak","informal","Ya",4,2,"Tidak"
201.3,3,14,"Tidak","formal","Tidak",3,3,"Tidak"
366.7,4,9,"Ya","formal","Tidak",3,1,"Tidak"
880.5,5,4,"Ya","formal","Tidak",5,2,"Tidak"
433.7,5,10,"Ya","informal","Ya",4,1,"Tidak"
282.8,5,8,"Tidak","informal","Tidak",1,2,"Ya"
688.4,5,5,"Ya","formal","Ya",4,1,"Tidak"
465.1,5,9,"Ya","informal","Ya",4,1,"Tidak"
596.9,3,12,"Tidak","informal","Tidak",3,1,"Ya"
522.9,3,11,"Tidak","formal","Tidak",2,2,"Tidak"
634.7,4,9,"Ya","informal","Tidak",5,2,"Tidak"
440.6,4,12,"Tidak","formal","Tidak",3,2,"Tidak"
427.3,3,7,"Ya","informal","Ya",1,2,"Ya"
338.3,2,11,"Ya","formal","Tidak",3,2,"Tidak"
788.7,2,9,"Ya","formal","Ya",2,2,"Tidak"
520.1,6,7,"Ya","informal","Ya",2,2,"Tidak"
592.9,6,11,"Tidak","informal","Ya",2,1,"Ya"
222,4,9,"Ya","formal","Ya",5,2,"Tidak"
395.9,1,9,"Ya","formal","Ya",1,2,"Ya"
546.2,2,12,"Ya","formal","Ya",5,2,"Tidak"
824.5,4,11,"Ya","formal","Tidak",1,1,"Tidak"
278.4,5,7,"Tidak","formal","Tidak",1,1,"Ya"
145.4,5,13,"Ya","informal","Ya",3,2,"Tidak"
346.1,5,7,"Ya","tidak_bekerja","Ya",4,3,"Tidak"
573.1,4,11,"Ya","formal","Ya",3,3,"Tidak"
381.2,4,16,"Tidak","informal","Tidak",2,1,"Tidak"
222.3,4,9,"Tidak","informal","Ya",5,2,"Tidak"
308.7,5,15,"Tidak","tidak_bekerja","Tidak",2,3,"Tidak"
792.4,5,6,"Tidak","informal","Tidak",4,2,"Tidak"
1071.4,3,11,"Ya","informal","Tidak",3,2,"Tidak"
382.2,3,10,"Ya","informal","Tidak",2,2,"Tidak"
1167.6,6,9,"Tidak","tidak_bekerja","Ya",3,1,"Tidak"
604.5,1,10,"Ya","informal","Tidak",3,3,"Tidak"
663.9,7,12,"Ya","formal","Ya",5,1,"Tidak"
586.4,2,6,"Ya","formal","Ya",2,2,"Tidak"
912.1,1,5,"Tidak","informal","Tidak",2,2,"Tidak"
168.6,4,7,"Ya","formal","Ya",3,2,"Ya"
121.6,6,7,"Tidak","informal","Ya",4,2,"Ya"
443.2,6,6,"Ya","informal","Tidak",2,2,"Tidak"
1044.9,5,4,"Ya","informal","Tidak",4,2,"Tidak"
463.1,3,10,"Tidak","informal","Ya",3,2,"Tidak"
552.7,5,9,"Tidak","informal","Ya",3,2,"Tidak"
813.1,5,7,"Tidak","tidak_bekerja","Tidak",3,1,"Ya"
515.2,4,13,"Ya","informal","Tidak",2,2,"Tidak"
420.9,4,6,"Ya","informal","Ya",3,3,"Tidak"
241.2,9,10,"Ya","informal","Tidak",1,1,"Ya"
276.6,7,7,"Ya","tidak_bekerja","Ya",2,2,"Ya"
504.3,4,6,"Tidak","formal","Tidak",4,2,"Tidak"
811.9,6,9,"Ya","formal","Ya",3,1,"Tidak"
210.7,5,11,"Ya","informal","Ya",3,3,"Tidak"
806.9,4,13,"Tidak","formal","Tidak",1,2,"Tidak"
1152.4,2,12,"Tidak","informal","Ya",3,2,"Tidak"
735.5,2,8,"Ya","informal","Ya",2,2,"Tidak"
261.3,2,8,"Tidak","formal","Tidak",1,2,"Ya"
336.2,5,10,"Tidak","formal","Ya",3,3,"Tidak"
288.1,5,8,"Tidak","formal","Ya",2,2,"Tidak"
480.9,3,12,"Ya","informal","Tidak",3,2,"Tidak"
308.2,6,12,"Ya","informal","Ya",3,2,"Tidak"
169,5,10,"Tidak","informal","Ya",5,2,"Tidak"
453.1,5,11,"Tidak","informal","Tidak",2,1,"Ya"
520.9,2,9,"Ya","formal","Tidak",2,2,"Tidak"
471,4,12,"Ya","informal","Tidak",4,2,"Tidak"
1061.2,4,8,"Ya","informal","Tidak",1,2,"Tidak"
813.8,4,15,"Ya","informal","Ya",5,3,"Tidak"
683.4,3,7,"Ya","informal","Ya",2,2,"Tidak"
448.2,1,7,"Ya","informal","Ya",2,3,"Tidak"
224.8,4,10,"Ya","informal","Ya",5,2,"Tidak"
200.5,3,12,"Ya","formal","Tidak",2,3,"Tidak"
457.2,3,9,"Ya","tidak_bekerja","Ya",3,1,"Tidak"
911.6,6,6,"Ya","tidak_bekerja","Tidak",4,2,"Tidak"
590,3,7,"Tidak","tidak_bekerja","Ya",4,1,"Tidak"
368.8,3,9,"Tidak","tidak_bekerja","Ya",3,3,"Tidak"
458.9,4,2,"Tidak","informal","Tidak",2,1,"Ya"
487.4,7,6,"Ya","formal","Ya",4,2,"Tidak"
283.4,4,10,"Tidak","informal","Ya",5,2,"Tidak"
622.7,4,12,"Tidak","informal","Ya",2,1,"Tidak"
937.3,7,8,"Ya","informal","Ya",2,3,"Tidak"
530.1,9,10,"Ya","informal","Ya",3,3,"Tidak"
399.1,1,4,"Ya","informal","Ya",3,2,"Tidak"
1054.7,5,4,"Tidak","informal","Ya",4,2,"Tidak"
1311.2,6,8,"Ya","informal","Tidak",3,1,"Tidak"
552.4,9,11,"Ya","formal","Tidak",2,3,"Tidak"
547.8,3,6,"Ya","formal","Tidak",4,2,"Tidak"
626,4,11,"Ya","informal","Tidak",2,2,"Tidak"
89,8,8,"Ya","formal","Ya",5,2,"Tidak"
607.5,4,8,"Ya","informal","Tidak",5,1,"Tidak"
179.9,3,2,"Ya","informal","Ya",2,1,"Ya"
734.5,5,6,"Ya","informal","Ya",3,1,"Tidak"
310.9,6,10,"Ya","formal","Ya",3,3,"Tidak"
211.7,4,6,"Tidak","tidak_bekerja","Ya",1,2,"Ya"
386.1,4,9,"Tidak","informal","Ya",3,2,"Ya"
1073.1,6,9,"Ya","tidak_bekerja","Tidak",1,2,"Tidak"
245.5,7,8,"Ya","tidak_bekerja","Ya",4,2,"Ya"
321.6,4,8,"Ya","informal","Ya",1,3,"Tidak"
140.1,3,7,"Ya","formal","Tidak",2,2,"Ya"
692.6,4,13,"Tidak","tidak_bekerja","Ya",1,2,"Tidak"
345.7,3,7,"Ya","formal","Tidak",3,1,"Tidak"
304.1,4,10,"Ya","formal","Tidak",3,2,"Tidak"
230.2,8,8,"Ya","formal","Tidak",5,3,"Tidak"
596.9,5,15,"Ya","tidak_bekerja","Ya",4,3,"Tidak"
151.1,5,8,"Tidak","informal","Ya",3,2,"Tidak"
285.4,4,5,"Ya","informal","Tidak",2,2,"Ya"
508.3,5,10,"Ya","informal","Tidak",1,3,"Tidak"
340.8,5,5,"Tidak","informal","Ya",4,1,"Ya"
731.7,8,12,"Tidak","formal","Tidak",3,1,"Tidak"
702.5,6,10,"Ya","formal","Tidak",1,2,"Tidak"
441,4,8,"Ya","formal","Tidak",4,2,"Tidak"
423.1,9,10,"Tidak","informal","Tidak",1,1,"Ya"
380.3,9,7,"Ya","informal","Ya",4,2,"Tidak"
218.4,1,7,"Tidak","informal","Ya",2,3,"Tidak"
1029.6,5,7,"Ya","formal","Ya",4,1,"Tidak"
887.3,4,10,"Ya","tidak_bekerja","Ya",3,3,"Tidak"
227.1,4,3,"Ya","informal","Tidak",1,3,"Ya"
1568.5,5,12,"Tidak","tidak_bekerja","Ya",3,2,"Tidak"
539.7,3,4,"Ya","formal","Ya",2,2,"Tidak"
411.2,7,7,"Ya","informal","Tidak",4,3,"Tidak"
211,6,14,"Ya","informal","Tidak",4,3,"Tidak"
282.5,5,8,"Ya","formal","Ya",5,1,"Ya"
587.7,4,10,"Ya","formal","Ya",3,1,"Tidak"
369.5,4,11,"Ya","tidak_bekerja","Tidak",4,2,"Tidak"
253.7,4,7,"Tidak","formal","Tidak",4,3,"Tidak"
699.4,5,12,"Ya","informal","Ya",3,2,"Tidak"
1464.9,9,8,"Ya","informal","Ya",3,2,"Tidak"
1156.8,5,9,"Ya","tidak_bekerja","Tidak",4,1,"Tidak"
597.9,3,5,"Ya","informal","Ya",2,1,"Ya"
357.1,3,10,"Ya","tidak_bekerja","Tidak",3,3,"Tidak"
432.2,4,12,"Tidak","formal","Tidak",2,2,"Tidak"
553.8,6,6,"Ya","informal","Tidak",4,1,"Tidak"
403.1,3,12,"Ya","formal","Tidak",3,2,"Tidak"
274.4,4,10,"Ya","informal","Ya",4,2,"Tidak"
186.1,6,9,"Ya","tidak_bekerja","Ya",4,2,"Tidak"
630.5,5,5,"Tidak","informal","Tidak",5,2,"Tidak"
338.3,4,4,"Ya","informal","Ya",2,2,"Ya"
350.7,2,5,"Ya","informal","Ya",5,2,"Tidak"
205.5,4,11,"Tidak","tidak_bekerja","Tidak",3,2,"Ya"
639.3,5,10,"Ya","informal","Ya",5,3,"Tidak"
883.1,4,12,"Tidak","formal","Ya",2,2,"Tidak"
271.1,7,8,"Tidak","formal","Tidak",3,3,"Tidak"
1284,5,11,"Ya","informal","Ya",3,1,"Tidak"
315.2,3,9,"Ya","formal","Ya",3,2,"Tidak"
345.6,5,11,"Tidak","informal","Ya",3,2,"Tidak"
375.9,5,7,"Ya","informal","Ya",2,2,"Tidak"
573.7,1,7,"Ya","tidak_bekerja","Ya",5,2,"Tidak"
1175.5,5,7,"Ya","informal","Ya",3,3,"Tidak"
420.3,5,6,"Tidak","informal","Ya",2,1,"Ya"
404.5,4,8,"Tidak","informal","Ya",4,2,"Tidak"
192.6,2,9,"Ya","tidak_bekerja","Ya",1,2,"Tidak"
391.2,2,9,"Ya","formal","Tidak",1,2,"Tidak"
300.1,7,13,"Ya","informal","Tidak",3,3,"Tidak"
629.5,5,1,"Tidak","informal","Tidak",2,2,"Ya"
788.6,4,6,"Ya","formal","Ya",3,1,"Tidak"
263.1,4,11,"Ya","informal","Ya",4,2,"Tidak"
424.5,5,9,"Tidak","informal","Tidak",3,2,"Tidak"
306.8,2,10,"Ya","informal","Ya",3,2,"Tidak"
245.7,5,9,"Tidak","informal","Ya",3,3,"Tidak"
738.4,6,10,"Tidak","formal","Ya",4,1,"Tidak"
1190.5,1,12,"Ya","informal","Tidak",5,1,"Tidak"
382.3,9,5,"Ya","formal","Ya",5,2,"Tidak"
781.8,3,5,"Ya","formal","Ya",2,2,"Tidak"
194.5,6,7,"Ya","informal","Ya",5,1,"Tidak"
1053,6,6,"Ya","tidak_bekerja","Ya",2,2,"Tidak"
514.5,3,10,"Tidak","informal","Ya",2,3,"Tidak"
490.2,2,2,"Ya","formal","Ya",1,2,"Tidak"
308.1,2,9,"Ya","informal","Tidak",3,3,"Tidak"
570.9,5,6,"Ya","informal","Ya",3,2,"Tidak"
266.4,4,5,"Ya","formal","Ya",2,1,"Ya"
