"id","wilayah","umur_krt","anggota_rt","lama_sekolah","pengeluaran","akses_listrik","akses_air","penerima_bantuan"
1108,"Perkotaan",62,2,4.5,7448.98,86.9,68.7,"tidak"
977,"Perkotaan",37,5,7.7,12159.68,80.1,70.8,"tidak"
1094,"Perdesaan",43,6,6.5,16802.52,69.5,66.5,"tidak"
512,"Perdesaan",29,3,4.4,6992.82,66.8,59.4,"ya"
13,"Perkotaan",46,5,13.8,11256.89,82.8,64.5,"tidak"
619,"Perdesaan",60,2,7.3,11880.78,73.9,44.4,"ya"
465,"Perdesaan",55,3,4.1,17301.74,74.3,47.1,"tidak"
1184,"Perkotaan",57,4,7.9,3885.96,100,77.8,"ya"
714,"Perdesaan",38,7,3.3,11342.25,75.4,63,"ya"
967,"Perkotaan",33,5,8,7941.73,100,91.9,"tidak"
680,"Perdesaan",42,4,10.3,7919.46,67.9,66.7,"tidak"
742,"Perkotaan",51,1,6.4,4717.53,70.1,98.9,"tidak"
885,"Perdesaan",36,6,8.8,5999.54,84.1,65.9,"ya"
395,"Perkotaan",41,3,8.7,18563.33,70,76.5,"ya"
360,"Perdesaan",39,5,1.5,10855.29,86,55.2,"ya"
164,"Perdesaan",24,3,4.3,5193.06,69.7,38.4,"ya"
119,"Perdesaan",29,4,1.5,8604.85,88.5,74.5,"ya"
562,"Perdesaan",66,5,12.8,6811.71,81.2,69.9,"tidak"
496,"Perdesaan",60,3,7.6,3995.64,61.9,83,"tidak"
1121,"Perdesaan",35,4,7.3,5940.15,73.5,35.1,"ya"
1186,"Perdesaan",57,1,6.8,14137.85,63.5,80.2,"tidak"
770,"Perdesaan",37,3,7.6,6503.53,44.2,59.1,"ya"
761,"Perdesaan",32,4,5.9,4884.78,87.9,78.4,"tidak"
608,"Perdesaan",32,6,5.5,10614.71,72.6,67.2,"ya"
671,"Perdesaan",68,1,4,7789.17,76.6,40.1,"tidak"
887,"Perdesaan",37,2,6.2,5740.08,54.9,51.9,"ya"
1029,"Perdesaan",41,1,6.5,8449.33,78.5,42.7,"tidak"
280,"Perdesaan",68,3,3.7,2385.59,64.9,59.5,"ya"
672,"Perdesaan",40,7,7.3,10563.14,72.4,40.5,"ya"
295,"Perkotaan",42,5,5.2,7497,77.8,73.5,"tidak"
424,"Perkotaan",25,5,10.3,15017.25,95.2,81.4,"ya"
777,"Perdesaan",65,3,6.6,16282.53,73.3,51.1,"tidak"
611,"Perkotaan",47,3,12.4,14267.46,93.3,91.1,"tidak"
194,"Perdesaan",50,2,6.8,7874.77,100,98.6,"ya"
102,"Perkotaan",31,4,11.2,5972.7,93.5,98.9,"tidak"
747,"Perdesaan",34,5,11.4,4186.12,67.2,41.1,"ya"
544,"Perdesaan",53,5,7.8,7591.86,73.9,89.9,"tidak"
519,"Perdesaan",59,3,9.6,4913.32,55.6,40.5,"tidak"
548,"Perkotaan",50,3,8.4,9128.34,92.5,67,"ya"
60,"Perdesaan",22,2,5.1,4755.6,64.1,73.9,"ya"
12,"Perdesaan",61,9,5.9,15734.43,72.1,81,"ya"
211,"Perkotaan",66,4,6.5,8688.9,100,90.8,"tidak"
367,"Perdesaan",34,5,7.4,8707.23,71.6,67,"tidak"
546,"Perdesaan",32,5,7.6,8603.46,78.3,78.4,"tidak"
330,"Perdesaan",24,3,3.6,8435.57,75.9,71,"ya"
1135,"Perdesaan",29,3,6.6,5059.77,100,74.1,"ya"
208,"Perkotaan",53,7,10.8,11833.45,100,100,"tidak"
139,"Perdesaan",42,2,4.9,10488.27,78.4,68.2,"tidak"
1046,"Perdesaan",54,6,3.4,5457.31,59.1,75.4,"ya"
328,"Perdesaan",38,7,7.2,25147.1,97.3,73.3,"tidak"
707,"Perkotaan",65,3,5.2,9977.29,100,58.2,"tidak"
539,"Perkotaan",43,4,13.5,9436.45,91.1,97,"tidak"
993,"Perkotaan",43,2,9.1,7954.97,89.4,90.8,"tidak"
1017,"Perkotaan",65,2,6.2,19151.6,80.8,75.9,"tidak"
1043,"Perdesaan",55,3,5.4,24624.88,75.4,70,"tidak"
177,"Perkotaan",30,3,11.9,8355.95,100,81,"tidak"
292,"Perkotaan",55,3,8.6,7891.33,81.5,83.8,"tidak"
1197,"Perdesaan",29,5,6.5,6464.81,70,64.2,"ya"
127,"Perkotaan",37,4,11.4,6222.48,95.1,92,"tidak"
745,"Perdesaan",57,4,9.8,15797.02,84.1,34.5,"tidak"
531,"Perdesaan",25,3,5.5,5851.4,74.1,84.6,"ya"
476,"Perkotaan",69,2,11.2,5898.22,100,99.5,"tidak"
703,"Perkotaan",34,4,9.4,6435.76,78.3,96.9,"tidak"
1165,"Perdesaan",25,2,7.5,6825.55,76.6,66.3,"ya"
219,"Perdesaan",49,6,7.8,4352.32,82.8,74.5,"tidak"
16,"Perdesaan",51,4,8.3,9037.95,60.8,63.7,"ya"
765,"Perkotaan",49,6,10.2,7889.98,69.9,89.5,"tidak"
146,"Perdesaan",70,5,5.6,11954.02,60.3,72.8,"tidak"
369,"Perkotaan",26,5,10.6,16099.03,95.5,61.6,"tidak"
843,"Perkotaan",37,3,10.1,11901.76,84.2,100,"ya"
720,"Perkotaan",44,1,10.8,12578.66,93,62.9,"tidak"
268,"Perdesaan",57,4,5.8,8779.31,68.2,24.5,"tidak"
484,"Perkotaan",28,2,10.4,9685.05,67.9,99.6,"tidak"
945,"Perkotaan",43,2,8.5,9295.32,68,76.9,"ya"
306,"Perdesaan",59,6,7.5,9112.15,57.4,75.3,"ya"
716,"Perkotaan",59,4,6.8,8416.77,82.1,70,"tidak"
1131,"Perkotaan",47,3,15.6,9384.96,90.9,75.2,"tidak"
1100,"Perdesaan",30,2,7.3,6697.07,50.8,49.7,"ya"
1110,"Perdesaan",37,1,6.5,7290.93,89.9,66.5,"tidak"
95,"Perkotaan",37,5,5.5,6474.16,61.7,96.3,"tidak"
1179,"Perdesaan",57,5,6.5,8729.04,76,100,"ya"
990,"Perkotaan",49,7,10.2,14634.17,73,94.5,"tidak"
866,"Perkotaan",31,3,10.4,16153.54,100,100,"tidak"
17,"Perkotaan",37,4,9.2,5266.26,96.5,100,"tidak"
793,"Perdesaan",64,6,6.4,5438.03,76.2,78.8,"tidak"
441,"Perkotaan",53,7,10.8,19213.19,87,92.2,"tidak"
1081,"Perkotaan",33,4,12.3,24932.86,100,92,"tidak"
579,"Perkotaan",50,4,7.4,8357.68,82.3,81.1,"tidak"
1105,"Perdesaan",24,4,6.1,8127,78.2,86.9,"tidak"
1148,"Perdesaan",60,2,3.6,5768.61,73.9,81.3,"ya"
131,"Perkotaan",31,1,8,4415.79,100,55.4,"tidak"
120,"Perkotaan",63,7,5.8,13946.94,83,71.5,"ya"
852,"Perkotaan",39,7,7.4,7530.05,100,82.8,"tidak"
122,"Perdesaan",43,5,10.2,9687.18,75.5,33.9,"tidak"
340,"Perdesaan",43,7,9.6,14136.03,71.4,54.6,"tidak"
117,"Perdesaan",68,6,5.2,6402.81,93.2,76.9,"ya"
889,"Perkotaan",32,6,10.2,19568.66,100,82.7,"tidak"
108,"Perdesaan",42,7,7.5,6472.7,66.7,85.6,"ya"
925,"Perkotaan",39,5,16,22372.1,86,87.8,"tidak"
30,"Perdesaan",39,3,2.8,11353.7,60.6,81.2,"tidak"
110,"Perdesaan",51,4,5.8,8433.51,69.2,31.7,"tidak"
412,"Perkotaan",25,6,10.3,13463.75,85.8,86.1,"tidak"
165,"Perdesaan",51,3,4.3,7850.11,75.4,67,"tidak"
198,"Perdesaan",53,2,6.7,8544.47,86,70.3,"tidak"
91,"Perdesaan",48,3,3.7,7612.8,72.5,61.1,"ya"
708,"Perdesaan",59,4,6.2,5916.91,76.9,71,"ya"
1092,"Perkotaan",31,6,12.7,21271.29,75.7,74.1,"tidak"
502,"Perkotaan",27,4,9.5,6901.74,75.4,100,"tidak"
755,"Perdesaan",50,3,7,11268.42,66.1,54.6,"tidak"
924,"Perkotaan",65,1,9.2,25301.79,100,100,"tidak"
68,"Perdesaan",66,6,3.8,4170.64,79.8,63.6,"ya"
1147,"Perkotaan",50,3,2.1,7047.95,100,82.2,"tidak"
692,"Perdesaan",32,2,7.9,4885.71,78.6,64.1,"ya"
266,"Perdesaan",27,2,3.7,8052.57,78.6,66.5,"tidak"
797,"Perdesaan",69,3,0,6403.77,61.2,41.5,"ya"
1076,"Perdesaan",25,7,6.2,11493.19,68.4,70.5,"tidak"
386,"Perkotaan",61,4,6.1,18141.29,96.2,100,"tidak"
631,"Perdesaan",65,5,6.8,16167.27,74.6,54,"tidak"
461,"Perdesaan",27,3,5.7,6653.5,84.5,74,"tidak"
1122,"Perkotaan",55,8,9.8,10591.37,89.3,94.8,"tidak"
391,"Perdesaan",30,3,10,7921.17,81.9,39.8,"tidak"
525,"Perdesaan",49,4,3.6,4918.17,87.9,55,"tidak"
33,"Perkotaan",40,4,11.7,6240.59,100,92.3,"tidak"
888,"Perkotaan",33,6,9.1,6580.13,98.1,91,"ya"
963,"Perdesaan",46,3,4.8,7371.48,75.7,77.5,"ya"
49,"Perdesaan",60,4,4.7,6917.78,68,69.3,"ya"
14,"Perdesaan",31,7,5.1,8347.64,44.9,65.8,"ya"
372,"Perdesaan",32,3,4.8,7174.57,84.7,74.2,"ya"
281,"Perdesaan",34,3,2.6,4855.63,96.7,63.9,"ya"
1099,"Perdesaan",59,3,4.9,3551.38,72.1,53.6,"ya"
487,"Perdesaan",53,3,8.3,4984.41,90.7,35.3,"ya"
689,"Perkotaan",30,6,8.4,14597.47,73.8,76.9,"tidak"
1088,"Perdesaan",51,1,4.4,4337.97,55.9,87.8,"ya"
1154,"Perdesaan",45,5,8.2,9061.48,73.7,79.3,"tidak"
637,"Perkotaan",33,5,6.6,8652.36,94.5,62.7,"ya"
987,"Perdesaan",50,5,4.5,6637.04,77.7,74.7,"ya"
8,"Perdesaan",37,4,7.6,10287.9,66.8,54.3,"tidak"
675,"Perdesaan",54,4,5.1,6513.29,100,65.8,"ya"
401,"Perkotaan",31,4,9.8,14396.85,81.6,75.5,"tidak"
258,"Perdesaan",63,2,3.2,14160.25,65,41.3,"tidak"
10,"Perkotaan",22,8,7.5,18000.49,100,93.9,"tidak"
1008,"Perdesaan",31,5,9.9,5328.85,77.4,55.6,"tidak"
1010,"Perdesaan",35,7,6.4,8666.19,44.5,70.9,"ya"
448,"Perkotaan",43,1,12.1,12134.45,98.4,87.6,"tidak"
233,"Perkotaan",35,3,6.2,6565.33,91.1,100,"tidak"
757,"Perdesaan",59,3,3.7,6789.72,76.2,40.7,"tidak"
812,"Perdesaan",44,4,6.6,11999.55,78.2,95.4,"tidak"
564,"Perkotaan",34,3,12.3,15258.76,95.2,86.1,"tidak"
863,"Perkotaan",30,4,6.7,12056.89,92.9,62,"tidak"
225,"Perdesaan",40,3,5,9064.93,67.3,58.9,"tidak"
475,"Perdesaan",55,4,9.4,6262.21,81,64.2,"ya"
1047,"Perdesaan",47,2,8.4,9982.87,100,64.7,"tidak"
1061,"Perkotaan",26,4,8.8,12873.68,89.3,64.9,"tidak"
115,"Perdesaan",64,6,6.4,8545.77,83.2,58.3,"tidak"
178,"Perkotaan",68,3,11.8,18446.61,95.7,73,"tidak"
873,"Perkotaan",31,3,15.3,8827.26,100,66.4,"tidak"
702,"Perdesaan",28,7,7.1,5499.79,78.7,65.9,"ya"
509,"Perkotaan",37,6,11.2,11330.47,88.6,78.1,"tidak"
695,"Perkotaan",54,3,10,8544.57,88.4,100,"tidak"
84,"Perdesaan",28,7,8.4,4889.77,84.4,41.8,"ya"
200,"Perdesaan",69,4,8.7,3951.77,75.4,49.8,"ya"
916,"Perdesaan",48,4,7.2,7473.09,86.9,51.6,"tidak"
723,"Perkotaan",34,4,10.7,19019.64,76.1,74.7,"tidak"
303,"Perdesaan",58,2,8.5,10108.75,87.1,62.3,"tidak"
1042,"Perdesaan",39,4,11.1,10555.27,93.2,66.5,"tidak"
358,"Perdesaan",29,5,10.5,10192.75,78.6,43,"tidak"
216,"Perdesaan",34,3,1.5,4725.51,79.3,60.6,"ya"
1149,"Perdesaan",34,5,4.9,4616.3,100,62.5,"ya"
311,"Perdesaan",48,4,14.9,10014.27,91.8,61.4,"tidak"
769,"Perdesaan",62,4,9.5,6907.94,59.8,46.7,"ya"
289,"Perkotaan",56,1,3.6,6756.06,100,96.2,"tidak"
1134,"Perkotaan",68,1,10.5,7427.72,95.3,73.6,"tidak"
1005,"Perdesaan",25,3,6.1,6273.57,73.8,76.4,"tidak"
136,"Perkotaan",47,4,14,21710.36,100,56,"ya"
28,"Perdesaan",29,6,4.9,4735.52,65.1,41,"ya"
97,"Perkotaan",35,3,8.2,12690.7,90.9,87.3,"tidak"
490,"Perkotaan",26,3,14.5,10073.14,91.1,94.1,"tidak"
468,"Perkotaan",59,6,7.4,23534.53,99.4,92.1,"tidak"
1124,"Perkotaan",54,5,7.8,6315.77,95.6,95.3,"ya"
304,"Perdesaan",38,6,3.3,4928.72,89.4,67.3,"ya"
418,"Perdesaan",53,4,3.8,5898.34,92.7,48.5,"ya"
472,"Perdesaan",31,6,2.6,3661.83,88.3,59,"ya"
176,"Perkotaan",33,4,10.9,9187.87,100,100,"ya"
19,"Perkotaan",67,3,8,6581.42,100,59.3,"tidak"
946,"Perdesaan",29,3,10.1,5793.75,85,56.3,"tidak"
51,"Perdesaan",23,3,5.5,14153.88,69.9,48.2,"tidak"
503,"Perkotaan",24,3,9.6,11282.55,86,95.9,"tidak"
1085,"Perdesaan",51,1,4.5,12644.32,85.6,66.6,"ya"
169,"Perdesaan",58,5,8.3,7830.34,80.1,65,"ya"
417,"Perdesaan",49,7,11.9,5666.74,84.1,75.4,"ya"
1065,"Perdesaan",33,5,7.7,8504.72,81.7,61.9,"ya"
1044,"Perdesaan",59,4,9.3,7112.44,91.1,51.4,"tidak"
464,"Perdesaan",59,6,6.7,10550.77,75.6,52.5,"tidak"
318,"Perkotaan",38,1,9.5,7763.88,100,80.1,"tidak"
904,"Perdesaan",69,4,4.2,9127.98,78.9,54.2,"ya"
1145,"Perdesaan",67,8,3.7,5395.65,90.8,75.8,"ya"
621,"Perdesaan",66,6,1.7,9991.07,69.1,81.5,"ya"
26,"Perkotaan",69,1,6.6,9550.12,97.1,86.3,"ya"
1150,"Perkotaan",32,2,11.5,17500.78,85.8,81.4,"tidak"
1019,"Perdesaan",46,4,8.5,7745.8,55.4,83.9,"ya"
488,"Perkotaan",64,4,10.1,13451.54,77.3,98.6,"tidak"
78,"Perkotaan",65,4,10,18616.33,100,66.1,"tidak"
1031,"Perdesaan",34,4,7.1,10607.11,62.3,100,"tidak"
421,"Perkotaan",41,7,6.9,11733.24,69,80.8,"ya"
348,"Perdesaan",51,1,4.8,4848.34,70.5,67.4,"ya"
436,"Perkotaan",39,4,11.4,13184.81,82.9,100,"tidak"
666,"Perdesaan",49,5,5.8,4451.4,81.9,53.4,"ya"
182,"Perkotaan",34,1,10.2,16408.34,90.2,100,"tidak"
518,"Perkotaan",56,3,7.9,8473.89,94.2,92.3,"tidak"
1077,"Perkotaan",34,3,4.8,12287.45,88.6,100,"tidak"
962,"Perkotaan",46,5,12.9,7401.88,92.4,83.4,"tidak"
706,"Perdesaan",61,7,6.5,8460.19,81.2,75.4,"tidak"
103,"Perdesaan",52,4,6,8164.65,85,52.6,"ya"
632,"Perdesaan",54,6,8.1,7658.55,65.4,53.6,"ya"
1086,"Perkotaan",57,3,16,9063.78,100,81.1,"tidak"
540,"Perkotaan",50,5,9.6,5988.76,100,82.6,"ya"
573,"Perdesaan",23,6,11.3,24029.36,69,80.3,"tidak"
1080,"Perdesaan",59,7,9.5,4976.77,64.4,60.3,"tidak"
408,"Perdesaan",41,3,5.2,10432.93,82.7,70.4,"tidak"
125,"Perdesaan",25,6,8.8,5513.79,64.6,51,"tidak"
792,"Perdesaan",53,3,7.3,4657.36,60.4,60.1,"tidak"
87,"Perkotaan",30,4,12.2,20386.74,74.4,100,"tidak"
1169,"Perdesaan",50,4,8.9,6518.92,77.7,47.2,"tidak"
334,"Perkotaan",36,4,8.3,10311.75,100,65,"tidak"
1015,"Perdesaan",48,1,2,17942.44,66,72.5,"tidak"
293,"Perkotaan",37,2,10.9,14965.09,100,57.5,"tidak"
856,"Perkotaan",68,2,10.3,12615.49,71,74.4,"tidak"
787,"Perdesaan",58,2,5,6493.03,64.5,65.6,"tidak"
347,"Perdesaan",43,4,8.7,7188.18,74,44.9,"ya"
397,"Perdesaan",66,7,6.1,7192.55,76.4,28.7,"tidak"
90,"Perdesaan",48,3,11.8,6779,58.6,47,"ya"
865,"Perdesaan",56,4,7.3,14655.59,77.6,51.3,"ya"
171,"Perdesaan",44,4,5.5,7958.76,68.4,69.8,"ya"
363,"Perdesaan",50,9,10.9,5792.89,66,61,"ya"
286,"Perkotaan",70,5,2.3,16239.85,72.4,85.8,"tidak"
848,"Perkotaan",51,5,9,11591.8,88.6,61.3,"ya"
836,"Perkotaan",35,5,12.2,5062.89,89,93.7,"tidak"
699,"Perdesaan",34,3,6.9,5434.59,86.4,81.4,"tidak"
1120,"Perdesaan",63,3,6.8,6289.93,49.5,52.7,"ya"
1180,"Perkotaan",62,2,11.5,13123.7,100,80.7,"tidak"
31,"Perkotaan",64,4,5.4,7904.21,87.4,99.3,"tidak"
69,"Perdesaan",65,5,5.3,7914.02,86.5,60.7,"ya"
116,"Perkotaan",33,4,8.1,7102.74,94.5,84.8,"ya"
227,"Perkotaan",34,7,8.3,17827.4,100,100,"tidak"
831,"Perkotaan",65,3,12.5,10501.39,96,73.6,"tidak"
693,"Perdesaan",54,4,5.1,7678.15,68.1,86.7,"ya"
552,"Perkotaan",57,4,8.9,7093.15,85,79.5,"tidak"
333,"Perdesaan",41,4,4.3,6956.82,58.1,82.2,"ya"
653,"Perdesaan",62,6,1.6,11339.36,79,65.1,"ya"
701,"Perdesaan",26,4,12.7,5679.42,57.8,74,"ya"
1176,"Perkotaan",24,3,11.5,8974.38,90.5,86.7,"tidak"
1112,"Perdesaan",37,4,5.9,7114.39,66.6,48,"tidak"
713,"Perdesaan",33,4,8.3,3328.28,75.5,67.8,"ya"
766,"Perkotaan",65,4,9.6,11136.99,100,72.4,"tidak"
153,"Perdesaan",39,7,5.5,3206.75,53.7,48.4,"ya"
1141,"Perdesaan",22,1,3.8,15930.5,77.1,49.5,"tidak"
114,"Perkotaan",50,2,8.1,10646.09,86.7,87.2,"tidak"
648,"Perkotaan",51,6,4.8,8971.36,97.1,48.6,"ya"
837,"Perkotaan",45,4,4.1,9972.34,79,95.3,"ya"
59,"Perkotaan",69,1,4.2,14493.84,75.1,67.3,"tidak"
223,"Perdesaan",43,3,4.1,7385.9,77.5,61.1,"tidak"
563,"Perkotaan",33,3,9.1,11971.15,95,100,"tidak"
980,"Perkotaan",57,4,6.2,13546.4,98.6,78,"tidak"
1118,"Perdesaan",36,3,9.9,6180.55,60.8,60,"tidak"
53,"Perkotaan",61,1,7.6,8528.99,69.3,70.6,"tidak"
1156,"Perdesaan",25,3,4.4,9950.69,92.2,71.7,"tidak"
688,"Perdesaan",68,9,7.2,8714.46,71.1,71.7,"ya"
262,"Perkotaan",29,1,9.3,12443.4,91.7,97.3,"tidak"
893,"Perkotaan",57,5,6,23606.68,91.7,80.1,"tidak"
506,"Perkotaan",64,4,13.1,13064.16,86.4,76.1,"tidak"
811,"Perdesaan",28,6,6.9,3860.69,56.1,63.5,"ya"
603,"Perdesaan",44,5,10.2,14544.3,75.4,49.5,"ya"
1189,"Perdesaan",26,1,8.6,3059.75,64.7,51.1,"ya"
250,"Perdesaan",40,5,9.5,8505.3,67.8,33,"ya"
953,"Perkotaan",66,3,6,12620.55,100,58.4,"tidak"
77,"Perkotaan",45,3,7.2,9895.85,92.8,73.4,"tidak"
331,"Perkotaan",39,2,8.6,7082.51,76,75.8,"tidak"
529,"Perkotaan",32,3,4.7,10502.82,82,67.5,"tidak"
6,"Perkotaan",53,3,11,10815.02,87.7,70.8,"tidak"
616,"Perdesaan",26,3,7.8,7090.45,96.3,65.9,"tidak"
1200,"Perkotaan",53,3,9.5,9289.65,95.9,86,"tidak"
450,"Perkotaan",40,3,4.5,10406.62,93.1,100,"tidak"
442,"Perkotaan",58,2,7.9,5707.23,92.6,90.4,"tidak"
1003,"Perkotaan",50,2,11.4,19642.79,90.9,83.8,"tidak"
479,"Perkotaan",38,3,7.5,15240.38,83.5,89,"ya"
985,"Perdesaan",54,4,6.5,6517.91,70.1,50.2,"ya"
559,"Perdesaan",40,6,7.2,6309.47,82.9,74.5,"ya"
577,"Perdesaan",68,6,10.5,7779.19,65.9,48.2,"ya"
456,"Perkotaan",54,3,9.6,11841.42,69.6,46.7,"tidak"
805,"Perkotaan",27,6,8.3,11505.23,100,78.5,"ya"
56,"Perdesaan",32,4,8,5060.14,74.1,77.9,"tidak"
254,"Perkotaan",42,6,6.5,15212,100,66.2,"tidak"
825,"Perkotaan",42,2,1,14231.94,87.4,94.5,"tidak"
407,"Perkotaan",33,4,9.3,10551.68,100,69.6,"tidak"
872,"Perkotaan",35,6,6.9,11275.12,97.7,100,"tidak"
244,"Perkotaan",64,5,7,10742.15,100,96.4,"tidak"
861,"Perkotaan",29,4,14,12151.44,100,80,"tidak"
659,"Perdesaan",52,4,8.6,7508.11,81.4,95.9,"tidak"
892,"Perdesaan",49,4,9.6,13724.12,44.8,85.7,"tidak"
228,"Perdesaan",70,2,11.9,4198.26,66.5,66.8,"tidak"
1026,"Perdesaan",54,5,3.6,10771.64,54.5,60.2,"ya"
480,"Perdesaan",47,7,6.7,10060.77,60,38,"ya"
894,"Perkotaan",48,5,12.8,8563.35,86.5,92.5,"tidak"
1007,"Perdesaan",25,5,7.9,5475.82,73,77.2,"tidak"
35,"Perkotaan",52,3,7.9,11016.82,89.3,82.9,"tidak"
294,"Perdesaan",34,2,6.6,9331.27,91.9,72.5,"tidak"
634,"Perkotaan",44,1,5.6,16823.53,93.6,100,"tidak"
344,"Perdesaan",29,4,9.8,7356,92.5,72.5,"tidak"
964,"Perkotaan",43,4,12.1,14595.54,96.7,100,"tidak"
365,"Perkotaan",48,3,7.2,6182.2,89.4,90.1,"ya"
446,"Perkotaan",25,4,14.2,7238.19,95.6,69.1,"tidak"
7,"Perkotaan",69,6,13.7,8578.79,68.8,100,"tidak"
181,"Perdesaan",65,3,2.1,7191.39,90.4,54.2,"ya"
440,"Perkotaan",28,3,15,10555.74,91.7,80.2,"tidak"
952,"Perdesaan",67,5,6,6137.66,87.1,55.2,"ya"
1126,"Perkotaan",31,6,13.9,12855.41,98.2,80.6,"ya"
522,"Perdesaan",61,4,1.3,13593.77,75.1,89.1,"ya"
622,"Perdesaan",51,5,6.8,5938.97,73.3,55.9,"tidak"
669,"Perkotaan",57,7,9.9,8939.76,100,83.2,"ya"
471,"Perkotaan",42,3,8.3,4930.03,91.9,90.7,"tidak"
212,"Perkotaan",48,3,11,9344.47,87.2,77.4,"tidak"
931,"Perdesaan",32,4,3.9,10291,87.7,48,"tidak"
803,"Perdesaan",38,4,5.8,6093.43,73.7,50.1,"ya"
955,"Perkotaan",50,4,6.2,6038.89,91.8,88.4,"tidak"
551,"Perdesaan",50,4,7.3,4608,82.9,87.8,"tidak"
151,"Perkotaan",58,5,8.9,14316.67,100,68,"tidak"
1097,"Perkotaan",36,4,9.3,17659.64,95.1,84.1,"tidak"
1183,"Perkotaan",70,4,11.8,7857.64,96.5,98.9,"tidak"
668,"Perdesaan",58,2,5.2,11400.4,82.4,41.9,"ya"
1037,"Perkotaan",54,4,8.5,8249.25,99.6,83.5,"tidak"
910,"Perdesaan",53,4,6.7,5429.34,55.7,64.1,"ya"
932,"Perkotaan",45,1,8.7,17416.17,100,100,"tidak"
1033,"Perkotaan",46,5,12.3,19089.3,89.5,79.9,"tidak"
704,"Perkotaan",47,4,12.6,10195.87,74.5,95.2,"tidak"
557,"Perdesaan",41,4,13,4547.44,55.7,62.4,"tidak"
220,"Perkotaan",25,3,8.5,11725.18,79.3,62.8,"tidak"
21,"Perdesaan",52,5,12.3,4608.73,92.6,70.7,"ya"
1101,"Perdesaan",31,4,7.4,8756.84,83.8,88.7,"tidak"
444,"Perdesaan",59,5,0.4,13287.02,71.6,80.3,"ya"
1024,"Perkotaan",69,3,4.9,10078.76,100,53.7,"ya"
232,"Perdesaan",66,7,3,7548.63,73.3,68.4,"tidak"
532,"Perdesaan",34,2,3.1,3581.9,46.4,32.1,"ya"
514,"Perdesaan",26,5,7.5,6253.36,78.5,57.9,"tidak"
224,"Perdesaan",56,9,12,14702.59,76.6,51,"ya"
919,"Perkotaan",35,6,10.3,6046.39,99.4,90.1,"tidak"
1058,"Perdesaan",46,4,5.6,9204.65,65.8,60.7,"ya"
414,"Perdesaan",68,4,4.4,5586.87,83.9,49.1,"ya"
443,"Perdesaan",35,2,11.4,5207.02,70.6,72.4,"tidak"
37,"Perdesaan",43,2,5,14762.38,66.4,59,"tidak"
554,"Perdesaan",41,2,9.3,3258.26,59.4,62.4,"tidak"
597,"Perkotaan",67,5,5.6,22086.38,97.3,74.1,"tidak"
612,"Perkotaan",66,3,7.7,6379.7,77.6,82.2,"ya"
463,"Perdesaan",32,1,2.1,4317.99,67.4,60.3,"tidak"
739,"Perdesaan",42,2,4.9,9053.77,97.5,61.6,"ya"
1090,"Perkotaan",64,4,13.2,11599.78,76.1,71.4,"tidak"
570,"Perkotaan",60,3,8.4,7531.04,92.4,81.2,"tidak"
523,"Perkotaan",31,6,11.6,6410.11,100,52.6,"tidak"
341,"Perdesaan",62,7,1.2,5240.78,80.6,56.9,"ya"
1034,"Perdesaan",31,3,5.7,12805.04,67.6,43.8,"ya"
541,"Perkotaan",29,6,9.3,10307.07,94.8,80.2,"tidak"
556,"Perdesaan",52,5,4.6,14502.66,73.9,33.4,"ya"
1171,"Perdesaan",44,5,8.6,10711.84,72.2,66.9,"tidak"
76,"Perkotaan",41,5,6,13357.28,93.8,100,"tidak"
15,"Perdesaan",61,4,7.8,12684.81,54.9,73.4,"tidak"
791,"Perkotaan",28,5,10.3,8393.63,100,83,"tidak"
378,"Perdesaan",31,1,9,10750.19,84,58.3,"tidak"
538,"Perkotaan",28,3,12.9,15433.63,100,86.7,"tidak"
982,"Perkotaan",28,2,12.6,8230.17,99.4,83.5,"ya"
938,"Perkotaan",52,2,13.4,28246.94,100,80.2,"tidak"
911,"Perkotaan",57,5,10.4,14951.5,87.7,79.7,"tidak"
473,"Perkotaan",29,2,5.9,12070.75,88.2,75.6,"ya"
315,"Perkotaan",35,5,12.7,12960.69,89.4,100,"tidak"
498,"Perkotaan",63,3,15,11982.31,100,100,"tidak"
192,"Perdesaan",69,4,8.1,14660.27,80.9,66.8,"tidak"
1128,"Perkotaan",65,3,7.3,9211.64,92.1,90.2,"tidak"
948,"Perdesaan",22,3,7.6,10551.74,78.1,52.4,"ya"
235,"Perkotaan",27,9,7.9,7509.19,100,62.3,"ya"
1168,"Perdesaan",52,4,7.4,3124.36,58.2,75.4,"ya"
799,"Perdesaan",24,4,7.6,4731.77,59.5,63.3,"ya"
382,"Perdesaan",66,4,0.4,14008.19,59.2,47.9,"ya"
42,"Perkotaan",23,3,14.9,17283.5,100,100,"tidak"
1011,"Perkotaan",65,3,11.5,9916.63,100,91,"ya"
834,"Perdesaan",60,2,8.7,9011.74,71.3,53.4,"tidak"
62,"Perdesaan",60,7,5.2,4202.09,64.4,68.9,"ya"
595,"Perkotaan",29,5,6.8,10878.13,100,70.6,"ya"
679,"Perkotaan",66,4,13,11480.92,74,100,"tidak"
643,"Perkotaan",63,1,4.8,7743.92,84.7,100,"tidak"
319,"Perdesaan",34,2,10.6,8695.99,94.6,79.4,"tidak"
426,"Perdesaan",42,2,0.6,6477.25,62.9,61,"ya"
999,"Perdesaan",31,5,8.3,7505.55,67.6,63.1,"tidak"
134,"Perkotaan",26,6,6.1,8126.3,74.6,79.5,"ya"
1083,"Perkotaan",53,1,6.6,11574.58,97.1,80.9,"tidak"
784,"Perdesaan",31,6,4,12386.89,64.4,100,"tidak"
700,"Perdesaan",29,5,7.5,10222.71,74.9,45.1,"ya"
383,"Perdesaan",47,4,11.1,6829.92,88.8,79.2,"tidak"
432,"Perkotaan",59,3,10.3,12567.08,100,46.5,"tidak"
864,"Perdesaan",69,5,10.5,6530.73,84.5,51.8,"tidak"
46,"Perkotaan",30,4,11.1,5295.93,94.3,88.3,"ya"
915,"Perdesaan",53,2,0,3672.08,78.9,48.4,"ya"
129,"Perdesaan",56,4,7.5,4279.44,66.2,74.7,"ya"
763,"Perdesaan",25,1,4.6,9781.65,53,62.6,"tidak"
86,"Perdesaan",65,4,10.3,13717,56.1,69.4,"tidak"
83,"Perkotaan",37,4,5.4,10569,88.9,90.2,"tidak"
380,"Perdesaan",33,4,4.3,5816.09,76.9,72.3,"ya"
877,"Perdesaan",28,4,6.3,11871,65.7,55.1,"tidak"
890,"Perdesaan",58,4,9.9,9217.71,83.6,26.9,"ya"
124,"Perdesaan",29,6,6,16607.86,83.6,61.7,"tidak"
599,"Perdesaan",37,1,10.2,9957.1,74,40.3,"tidak"
478,"Perdesaan",59,6,9.3,10477.86,86,72.5,"tidak"
1155,"Perkotaan",32,4,11.6,17593.25,99.1,85.2,"tidak"
741,"Perkotaan",38,3,1.8,15911.7,100,93.4,"tidak"
27,"Perdesaan",42,6,6.1,5233.78,98.1,95.4,"ya"
72,"Perdesaan",63,4,7,13535.4,60.3,83.4,"tidak"
291,"Perkotaan",64,2,13.2,10282.8,100,100,"tidak"
43,"Perdesaan",51,4,7.4,12921.92,68.8,58.4,"tidak"
542,"Perdesaan",42,4,8,10408.42,80.2,72.2,"ya"
1196,"Perdesaan",47,1,9.4,7195.03,72.3,64,"tidak"
113,"Perdesaan",65,3,8.2,9248.78,54.6,67.8,"tidak"
567,"Perkotaan",68,4,6.6,10199.28,83.6,69.8,"tidak"
485,"Perdesaan",68,5,1.5,13200.72,57.4,71.4,"ya"
998,"Perdesaan",36,3,4.4,6242.22,59,65.9,"ya"
236,"Perdesaan",22,2,1.2,10937.26,47.6,50.7,"ya"
584,"Perkotaan",52,2,4.8,4181.77,90.4,75.9,"tidak"
913,"Perdesaan",44,4,7.2,5694.3,57,56.4,"ya"
336,"Perdesaan",70,5,7.1,7139.51,70.5,73.6,"tidak"
368,"Perdesaan",48,4,3.5,4635.58,73.6,67.8,"ya"
67,"Perdesaan",39,5,7.8,13961.28,71.8,78.4,"tidak"
150,"Perdesaan",35,3,4.6,6140.07,65.2,59.6,"ya"
428,"Perdesaan",68,1,9.5,3832.74,70,58.4,"tidak"
163,"Perkotaan",68,5,6.2,8155.56,83.9,52.5,"tidak"
684,"Perkotaan",25,3,11.1,16726.08,95.2,84.6,"tidak"
111,"Perdesaan",66,1,3.9,3732.32,55.4,90.3,"ya"
855,"Perkotaan",51,5,8.8,8678.62,100,97.9,"tidak"
135,"Perdesaan",28,6,1.9,10065.92,58.8,59.9,"ya"
392,"Perkotaan",36,3,6.8,6226.35,84.8,100,"tidak"
604,"Perdesaan",43,3,12.1,8981.65,74,67.2,"tidak"
957,"Perkotaan",25,2,7.9,12364.9,77.8,85.3,"tidak"
343,"Perdesaan",69,5,3.6,9260.69,70,63.5,"ya"
1158,"Perkotaan",35,3,8.5,19122.24,100,69.1,"tidak"
1052,"Perdesaan",64,1,10.7,6758.04,74.4,53.9,"tidak"
492,"Perdesaan",70,2,8.6,6725.9,78.2,47.9,"ya"
371,"Perdesaan",50,2,6.4,5895.04,85.9,51.4,"ya"
959,"Perdesaan",42,5,13.8,14061.94,79.9,73.3,"ya"
605,"Perdesaan",60,3,7,5943.77,75,73.2,"ya"
636,"Perdesaan",36,8,9.1,11101.11,79.6,83.4,"tidak"
144,"Perkotaan",56,6,5.9,12277.11,91.3,99.4,"ya"
528,"Perdesaan",63,1,9.9,8419.99,82.5,59.7,"ya"
535,"Perkotaan",47,4,9.6,28311.2,85.2,75.9,"tidak"
1068,"Perdesaan",34,3,6.7,9688.95,66.8,73,"tidak"
940,"Perdesaan",30,4,11.6,6492.6,88.1,68.9,"tidak"
455,"Perkotaan",50,3,10.8,5180.48,100,81.1,"tidak"
575,"Perdesaan",54,5,10.3,7533.58,76.1,51.9,"ya"
606,"Perdesaan",51,4,8.1,20369.86,83.4,57.8,"tidak"
374,"Perkotaan",39,2,7.4,5054.38,91.3,79.3,"ya"
923,"Perdesaan",38,4,2.3,14541.65,51.9,55.8,"tidak"
1175,"Perdesaan",46,5,7.7,10946.37,60.9,74.7,"tidak"
1143,"Perkotaan",39,4,7.3,6754.77,100,86,"tidak"
255,"Perkotaan",62,3,10.5,13078.16,87.4,81.7,"tidak"
840,"Perkotaan",68,6,10.5,37215.31,99.2,82.3,"tidak"
18,"Perkotaan",69,6,6,13152.21,82.9,80,"tidak"
718,"Perdesaan",43,4,5.7,19848.14,94.3,59.7,"tidak"
618,"Perkotaan",30,4,6.5,6102.26,100,100,"tidak"
302,"Perkotaan",69,5,15.7,10108.48,94.6,100,"tidak"
207,"Perdesaan",54,1,9.9,7037.73,54.2,35,"ya"
55,"Perkotaan",42,9,8.8,16882.94,77.7,65.3,"tidak"
642,"Perdesaan",55,5,11.1,6691.68,87.8,55.2,"ya"
691,"Perkotaan",41,6,11.9,19702.47,92.9,84.8,"ya"
323,"Perdesaan",30,5,6.3,6248.44,70.9,55.4,"ya"
300,"Perdesaan",35,4,5.8,7794.43,67.7,89,"ya"
615,"Perdesaan",35,5,4.1,12246.9,67.8,49.3,"ya"
25,"Perkotaan",22,4,10.9,21051.67,75.4,62.7,"tidak"
99,"Perdesaan",27,6,5.9,7686.15,75,55.4,"ya"
874,"Perdesaan",23,4,7.6,4089.06,57.2,45,"ya"
598,"Perdesaan",35,5,10.4,5622.43,77.6,86.1,"tidak"
613,"Perkotaan",44,4,13.1,13030.73,92,95.1,"ya"
1038,"Perkotaan",37,4,10.1,8861.47,100,92.8,"tidak"
173,"Perkotaan",33,1,9.5,23757.92,96.6,100,"tidak"
749,"Perdesaan",36,3,11.6,17161.41,58.6,57.5,"tidak"
240,"Perkotaan",67,2,7.4,6797.31,100,55.7,"ya"
106,"Perkotaan",33,5,3.2,5252.77,79.1,74.1,"tidak"
500,"Perkotaan",52,4,7.7,7944.43,88.7,52.1,"tidak"
449,"Perdesaan",56,4,2,6888.62,62.9,91.6,"ya"
457,"Perdesaan",37,2,5.3,3978.59,75,80.6,"tidak"
650,"Perdesaan",28,6,7.2,3961.45,76.7,67.8,"ya"
545,"Perkotaan",63,6,13.4,11697.66,93.9,100,"tidak"
900,"Perkotaan",24,4,10.1,6987.44,84,99.3,"tidak"
288,"Perkotaan",33,4,10.7,11423.7,92.9,100,"tidak"
730,"Perkotaan",46,4,13.1,8573.13,100,66.1,"tidak"
321,"Perdesaan",49,5,4.5,9553.85,79.2,38.2,"ya"
297,"Perkotaan",63,2,13,14145.09,93.4,75.5,"tidak"
320,"Perdesaan",58,5,7,10878.13,95.8,50.9,"tidak"
416,"Perkotaan",24,6,11.2,7543.96,100,49.3,"ya"
234,"Perkotaan",47,2,9.5,23456.95,98.4,100,"tidak"
353,"Perkotaan",68,6,7.2,5475.84,80.6,77,"tidak"
145,"Perdesaan",42,6,9.6,8506.8,62.2,43.6,"ya"
1075,"Perdesaan",45,1,5.7,5552.06,97.1,50.2,"tidak"
1115,"Perkotaan",41,2,10.7,8771.8,74.9,79.8,"ya"
58,"Perkotaan",59,5,9.4,8608.82,99.9,92.7,"tidak"
926,"Perdesaan",39,5,4,13538.66,100,38.7,"tidak"
833,"Perkotaan",42,4,2.1,7586.57,81.2,56.7,"tidak"
157,"Perdesaan",67,8,5.3,10442.99,89.2,89.1,"ya"
690,"Perkotaan",25,4,10.1,13210.1,83.1,100,"tidak"
776,"Perkotaan",46,5,8.5,23909.45,83.6,87.9,"tidak"
309,"Perdesaan",50,6,4.1,11533.81,69.9,77.1,"ya"
989,"Perdesaan",31,4,1.8,3222.71,75.8,67.5,"ya"
394,"Perdesaan",43,4,6.9,11262.31,67.6,60.5,"ya"
807,"Perdesaan",36,4,7,13195.12,62.6,80.5,"tidak"
381,"Perkotaan",23,3,13.7,7649.12,98.2,95.8,"tidak"
1049,"Perkotaan",29,3,9.9,15181.31,98.7,100,"tidak"
654,"Perkotaan",67,5,14.2,5110.61,95,91.9,"tidak"
96,"Perdesaan",54,6,6.9,6770.96,85.6,51.9,"tidak"
937,"Perdesaan",60,1,5.3,8258.63,64.3,55.5,"ya"
627,"Perdesaan",40,4,7.8,9560.29,76.1,78.3,"ya"
1161,"Perdesaan",47,4,6.6,9733.01,100,58.9,"tidak"
196,"Perkotaan",51,4,9.2,16246.84,62.1,76.2,"tidak"
994,"Perdesaan",70,5,2.5,6122.42,64.4,72,"ya"
279,"Perdesaan",52,3,5.7,4726.75,86.5,69.5,"ya"
398,"Perkotaan",28,4,4.5,15223.94,97.9,91.9,"tidak"
614,"Perdesaan",22,2,5.4,7865.21,74,44.4,"ya"
1162,"Perkotaan",23,3,12.4,7630,72.6,80.4,"tidak"
373,"Perkotaan",31,6,0,17209.31,89.5,81.6,"tidak"
917,"Perkotaan",41,4,7.2,10049.28,93.3,68.9,"tidak"
189,"Perkotaan",69,3,8.4,14018.07,95.3,81.5,"tidak"
118,"Perkotaan",54,3,5.6,9927.2,86.9,46.8,"tidak"
1119,"Perdesaan",50,4,2.4,11568.41,78.7,71,"ya"
558,"Perkotaan",46,2,15.3,17395.22,91.5,82.8,"tidak"
259,"Perdesaan",43,8,9.1,6097.76,90.7,45.3,"ya"
1050,"Perdesaan",36,2,3.2,7709.66,99.3,79.6,"tidak"
326,"Perdesaan",56,2,7.4,11452.99,70,58.7,"tidak"
89,"Perdesaan",30,5,5.1,10742.59,63.3,64.9,"tidak"
3,"Perdesaan",56,5,3.5,8516.23,88.4,81.5,"ya"
676,"Perdesaan",24,2,8.4,7062.63,69.4,75.1,"tidak"
209,"Perdesaan",26,2,9.1,11017.58,68.1,39.3,"tidak"
975,"Perdesaan",42,3,3.4,5122.81,60.7,57.8,"ya"
625,"Perkotaan",46,4,16,6817.29,90.1,96.2,"tidak"
332,"Perdesaan",68,1,3.3,4218.37,71.3,58.8,"ya"
845,"Perkotaan",59,5,12.2,15390.35,75.7,100,"tidak"
804,"Perdesaan",46,3,6.8,17476.09,95,34.5,"tidak"
819,"Perdesaan",50,2,5.4,9517.77,60,54.2,"ya"
593,"Perdesaan",61,4,6.4,14041.02,79.3,28.2,"tidak"
560,"Perkotaan",41,3,14,16481.68,87.6,100,"tidak"
242,"Perkotaan",55,6,13.5,7919.69,88.9,61.5,"tidak"
743,"Perdesaan",42,3,6.8,8516.01,67.2,60.8,"tidak"
451,"Perkotaan",66,3,12.5,6666.22,71.7,76.9,"tidak"
935,"Perdesaan",29,2,6.6,11962.2,90.7,65.5,"tidak"
753,"Perdesaan",33,2,9.8,11473.64,82.1,49.2,"tidak"
1130,"Perkotaan",40,4,9.1,12705.18,100,72.6,"tidak"
1082,"Perdesaan",24,5,11.9,7568.2,76.3,29.1,"tidak"
317,"Perkotaan",53,7,3.7,13195.36,74,83.2,"tidak"
821,"Perdesaan",42,2,11.1,4298.72,68.4,72.6,"tidak"
282,"Perkotaan",34,3,10.2,12482.18,95.9,100,"tidak"
202,"Perdesaan",56,5,10.3,20106.29,42.7,62.2,"tidak"
154,"Perkotaan",47,3,15.4,7938.54,78.4,100,"tidak"
248,"Perdesaan",25,3,10.3,4075.95,73.1,65.7,"tidak"
22,"Perdesaan",51,4,13.6,5902.16,62.5,86.7,"ya"
168,"Perdesaan",54,6,9,12495.32,65.2,68.3,"ya"
370,"Perdesaan",62,1,0.6,8580.2,73.2,76.1,"ya"
571,"Perkotaan",60,2,7.8,7559.67,78.2,98.1,"tidak"
526,"Perdesaan",25,3,10.2,5054.82,63.5,39.5,"ya"
891,"Perdesaan",68,5,5.1,6222.53,90.7,53,"ya"
721,"Perkotaan",48,5,10.8,19072.48,87,97.7,"tidak"
50,"Perkotaan",61,3,7.8,14018,100,95.4,"tidak"
156,"Perkotaan",62,3,11,7806.53,91.8,98.8,"tidak"
859,"Perdesaan",58,6,6.8,11883.61,100,69.1,"tidak"
1132,"Perdesaan",52,4,6.6,5798.14,69.8,55.6,"ya"
377,"Perdesaan",67,3,8.8,7007.81,57.5,86.4,"tidak"
70,"Perdesaan",23,2,11.5,11205.31,76.1,100,"ya"
1018,"Perkotaan",46,5,8.1,16101.31,93.1,97.2,"tidak"
981,"Perkotaan",44,5,5.7,4325.91,96.5,66.1,"tidak"
1040,"Perdesaan",49,4,10.5,15061.24,75.1,82.7,"tidak"
284,"Perdesaan",65,5,2.3,10314.48,63.2,90.3,"tidak"
1004,"Perkotaan",57,1,10.6,10228.99,93,96.2,"tidak"
694,"Perdesaan",30,3,9.3,5085.44,53.4,88.5,"tidak"
808,"Perdesaan",33,2,7.6,6919.65,65.3,80.2,"tidak"
229,"Perdesaan",49,6,12.8,7187.73,95.2,56.2,"ya"
356,"Perdesaan",39,3,6.5,5294.53,71.4,66.1,"ya"
1160,"Perkotaan",33,2,13.2,11956.23,89.4,96.7,"tidak"
361,"Perdesaan",68,3,11.4,12272.67,84.6,45.4,"tidak"
123,"Perdesaan",63,2,6.7,12098.87,100,34.9,"ya"
969,"Perkotaan",31,5,11.4,6400.37,98.7,80,"tidak"
499,"Perkotaan",64,2,7,9536.66,87.4,79.1,"tidak"
206,"Perkotaan",35,5,13.5,6501.66,100,79,"tidak"
205,"Perdesaan",52,7,9.1,9356.64,68.7,67.2,"ya"
271,"Perdesaan",61,2,1.4,8288.1,73.8,68.2,"tidak"
352,"Perkotaan",55,6,9.9,19405.27,59.3,79.4,"tidak"
74,"Perdesaan",55,4,8.4,5372.68,62.3,70.6,"ya"
387,"Perkotaan",44,3,12.4,5804.09,95.6,88.9,"tidak"
274,"Perkotaan",47,6,9.6,8068.45,75.9,83.8,"tidak"
452,"Perdesaan",69,2,3.3,11365.29,67,77.7,"tidak"
883,"Perdesaan",59,5,6.5,9518.05,68,89.1,"tidak"
744,"Perkotaan",63,5,15.3,18206.97,87.3,72.2,"tidak"
263,"Perdesaan",48,1,3.5,6775.43,61.5,43.6,"tidak"
430,"Perdesaan",26,9,3.6,5545.59,66.4,76.5,"ya"
1023,"Perdesaan",38,2,5.5,24645.74,84.9,54.9,"tidak"
1153,"Perdesaan",26,4,0,6401.31,67.3,63.6,"ya"
155,"Perdesaan",34,5,2.7,6729.69,100,60.3,"ya"
771,"Perdesaan",46,5,1.3,15937.23,60.4,83.2,"tidak"
160,"Perkotaan",23,4,13.1,4842.96,93.4,69.1,"tidak"
1014,"Perdesaan",40,4,9.9,7162.1,81.8,84.9,"tidak"
1190,"Perkotaan",68,4,5.9,13639.4,100,100,"tidak"
1055,"Perdesaan",51,4,8.4,15524.84,72.1,63.6,"ya"
902,"Perkotaan",31,1,8.3,11651.88,100,76.9,"tidak"
724,"Perdesaan",38,3,7,8770.69,73.8,86.1,"tidak"
1048,"Perkotaan",31,3,14.4,6097.28,80.6,100,"tidak"
339,"Perdesaan",36,4,0.5,13465.35,80.4,58.3,"ya"
406,"Perdesaan",30,6,5.9,6189.12,78.5,64.6,"ya"
862,"Perkotaan",62,5,10.6,9492.17,63.9,92.9,"tidak"
63,"Perkotaan",69,1,3.1,11821.1,86.4,74.6,"tidak"
427,"Perdesaan",61,2,7,7195.17,69.3,48.1,"tidak"
588,"Perkotaan",61,5,12.4,16557.58,93.7,89.4,"tidak"
1093,"Perdesaan",58,5,6.2,5521.82,86.8,66.9,"tidak"
197,"Perdesaan",47,2,7,6882.33,51.7,15.2,"tidak"
898,"Perdesaan",45,5,6.9,18127.71,73.3,56,"tidak"
1187,"Perkotaan",44,5,10.2,15588.2,51.9,76.1,"tidak"
507,"Perkotaan",60,6,11.5,10009.2,86.4,86.5,"tidak"
54,"Perkotaan",26,3,9,11608.27,94,71.8,"tidak"
991,"Perkotaan",25,3,3.2,8105.96,86,70.2,"ya"
626,"Perkotaan",37,2,14.3,21801.31,95.7,81.5,"tidak"
725,"Perkotaan",26,4,7,9865.77,100,74.5,"tidak"
1151,"Perdesaan",67,9,5.2,5678.61,77.4,65.1,"ya"
2,"Perdesaan",64,7,5.3,6564.03,68.8,54.1,"ya"
379,"Perdesaan",41,2,7.5,5644.49,69.2,45.9,"ya"
527,"Perdesaan",38,5,6.4,7886.67,67.9,40.4,"ya"
180,"Perkotaan",63,4,10.8,8994.03,94.5,84,"ya"
296,"Perkotaan",51,6,8,15369.51,86.9,82.5,"tidak"
460,"Perdesaan",60,2,7,8412.91,89.9,62.2,"tidak"
354,"Perkotaan",68,2,10.4,6663.66,73,100,"tidak"
64,"Perkotaan",29,6,11.9,20419.3,87.4,66.9,"tidak"
1139,"Perdesaan",38,5,5,11878.4,72.9,72.4,"ya"
1178,"Perkotaan",63,5,10.4,12172.43,91.2,85.4,"tidak"
908,"Perdesaan",29,6,8.2,9874.55,73.8,75.8,"ya"
936,"Perdesaan",64,3,6.7,12825.17,77.6,52.1,"tidak"
623,"Perdesaan",22,4,6,9538.8,82.2,70.8,"tidak"
678,"Perkotaan",56,2,12.9,17798.39,90.7,88.2,"tidak"
45,"Perdesaan",42,2,7.7,10956.36,51.6,86.2,"tidak"
737,"Perkotaan",31,3,0.8,10467.62,85.2,94.4,"tidak"
968,"Perkotaan",42,7,9,18183.66,92.2,83.4,"tidak"
882,"Perkotaan",26,3,8.1,5215.7,100,100,"tidak"
639,"Perkotaan",62,1,10.2,11346.43,63.6,100,"tidak"
71,"Perdesaan",31,1,8,6663.13,70.9,78,"ya"
942,"Perkotaan",36,3,10.8,15028.56,100,96.5,"tidak"
813,"Perkotaan",33,6,11.8,11891.9,84.6,77.8,"tidak"
823,"Perkotaan",40,3,6,18568.81,94.5,84.3,"tidak"
454,"Perdesaan",44,6,1.8,8395.44,64,45,"ya"
829,"Perdesaan",43,7,6.3,9180.14,85.6,62.1,"tidak"
674,"Perkotaan",57,4,8.6,14023.9,71.2,100,"tidak"
351,"Perkotaan",52,3,11.8,20425.22,78.7,83.4,"tidak"
816,"Perdesaan",63,7,10.8,6326.82,70.6,52.3,"ya"
734,"Perkotaan",57,2,9.1,23404.92,88.8,100,"tidak"
656,"Perdesaan",35,2,1.2,6040.52,53.9,70.5,"ya"
578,"Perkotaan",34,3,13.8,6951.17,98.6,95.3,"ya"
986,"Perkotaan",56,3,10.8,18160.55,76.5,84.9,"tidak"
1060,"Perkotaan",51,3,8.9,13407.64,97.2,100,"tidak"
794,"Perdesaan",64,1,9,6554.28,95.3,56.4,"tidak"
586,"Perdesaan",53,5,6.9,13968.86,100,81.7,"tidak"
947,"Perdesaan",30,6,14.4,10189.12,62.1,52.9,"tidak"
617,"Perkotaan",47,3,7.6,7837.9,99.5,90.8,"tidak"
1185,"Perdesaan",33,6,7.1,9088.1,59,78,"tidak"
533,"Perkotaan",66,3,5.9,10799.91,100,86.2,"tidak"
413,"Perkotaan",59,4,4.9,7024,94.4,100,"tidak"
359,"Perdesaan",24,3,9.2,10393.51,56.2,34.6,"ya"
357,"Perdesaan",36,4,11,8951.47,54.9,43.7,"ya"
41,"Perdesaan",57,6,9.1,8827.81,77.4,67.4,"ya"
342,"Perdesaan",63,5,2.3,5905.86,77.8,55.4,"ya"
997,"Perdesaan",65,9,8.1,7833.02,77.5,34.7,"tidak"
1170,"Perdesaan",35,3,3.6,6832.85,64.2,64.5,"ya"
329,"Perdesaan",27,3,8.1,5402.16,80.3,70.2,"ya"
385,"Perkotaan",31,4,2.6,10391.9,100,72.1,"tidak"
858,"Perdesaan",49,4,10.7,4565.62,77.1,77.3,"ya"
683,"Perkotaan",44,4,15.5,11366.14,84.2,96,"tidak"
388,"Perkotaan",30,4,10,5441.37,91.2,100,"ya"
241,"Perkotaan",66,9,13.7,10763,85.7,86.6,"tidak"
390,"Perdesaan",39,5,4.4,8176.67,49,60.7,"ya"
1016,"Perdesaan",65,2,6.2,2674.24,85.8,55.4,"ya"
846,"Perdesaan",47,5,9.4,18449.59,40.2,61.2,"tidak"
875,"Perkotaan",63,3,9.6,13388.78,100,100,"tidak"
960,"Perkotaan",43,4,5.4,7946.62,87.6,82.9,"tidak"
851,"Perkotaan",36,1,8.9,23646.64,77.6,76.7,"tidak"
439,"Perkotaan",69,5,8.3,20983.88,81.3,89.7,"ya"
876,"Perkotaan",28,3,8,5400.94,98.8,89.3,"tidak"
1064,"Perkotaan",44,5,11.9,10820.21,100,83.8,"tidak"
585,"Perdesaan",63,5,11.6,5590.52,76.3,48.6,"ya"
305,"Perkotaan",26,2,10.2,13997.9,100,82.6,"tidak"
238,"Perdesaan",40,2,7.9,3505.83,77.7,54.4,"ya"
1025,"Perkotaan",33,5,11.7,21223.6,75.5,68.6,"tidak"
727,"Perdesaan",45,2,6.8,4715.42,88.7,65.2,"tidak"
215,"Perdesaan",40,4,13.9,6665.6,77.2,87.5,"tidak"
751,"Perdesaan",66,2,7.7,9528.54,83.3,69.3,"tidak"
780,"Perdesaan",38,1,7.8,13872.73,57,81.6,"tidak"
73,"Perdesaan",63,5,12.2,6822.24,68.5,44.2,"ya"
191,"Perkotaan",57,1,2.3,9929.21,84.4,85.8,"ya"
246,"Perdesaan",61,5,8.3,13624.92,76.5,76.2,"tidak"
29,"Perkotaan",34,5,8.2,23524.51,100,78,"tidak"
434,"Perdesaan",65,3,5,11518.44,62,60.1,"tidak"
828,"Perkotaan",56,1,9,11477.06,78.8,91.5,"tidak"
1054,"Perkotaan",46,4,16,11627.88,77.9,61.2,"ya"
950,"Perdesaan",40,6,8.2,5919.85,88.2,29.7,"tidak"
1188,"Perdesaan",65,3,5.7,4274.76,75.9,60.2,"ya"
835,"Perkotaan",28,4,5.6,20034.29,95.8,63.1,"tidak"
170,"Perdesaan",33,2,13.3,8025.96,70.1,61.9,"tidak"
187,"Perkotaan",45,6,6.4,18392.41,86.1,100,"tidak"
992,"Perdesaan",51,6,8.1,18604.7,82.6,76.1,"tidak"
243,"Perdesaan",35,4,9.3,8077.59,72.3,72.2,"tidak"
782,"Perdesaan",56,5,9.1,9919.47,77.7,83.9,"tidak"
299,"Perkotaan",46,3,7.4,7268.74,71.7,79.3,"tidak"
438,"Perdesaan",48,4,4.1,9678.1,95.6,56.9,"ya"
655,"Perdesaan",68,2,3.3,6710.43,87.8,61.3,"tidak"
896,"Perkotaan",61,7,10.5,7391.66,100,96.4,"tidak"
731,"Perdesaan",44,1,7.7,7729.34,79.2,85.2,"tidak"
760,"Perdesaan",60,1,6.2,5040.07,75.7,58.4,"ya"
1091,"Perdesaan",43,4,2.7,9030.85,76.3,100,"tidak"
789,"Perkotaan",40,3,4.6,11704.38,93.8,100,"tidak"
1020,"Perkotaan",25,5,13.2,14974.04,90.5,77.8,"tidak"
316,"Perdesaan",55,1,6.7,9435.4,66.9,56.4,"tidak"
1106,"Perdesaan",50,7,7.2,4667.69,77,62.8,"ya"
419,"Perkotaan",49,2,12.3,4202.72,88.4,79.3,"tidak"
961,"Perdesaan",43,5,8.3,12600.07,82.7,48.4,"ya"
802,"Perdesaan",64,4,3.8,11346.04,73.8,86.1,"tidak"
1146,"Perdesaan",67,4,3,9779.11,69.9,67.6,"ya"
878,"Perkotaan",43,5,4.4,6874.34,94.1,92.8,"tidak"
133,"Perkotaan",23,6,6.1,7569.06,92.9,65.2,"tidak"
920,"Perdesaan",39,4,7.2,5896.8,66.4,41.5,"ya"
38,"Perdesaan",32,2,7.8,8273.65,75.3,67,"ya"
867,"Perkotaan",54,5,6.3,20651.67,91.3,98.1,"tidak"
267,"Perdesaan",36,6,11.6,15228.47,82.7,79.4,"ya"
183,"Perkotaan",25,3,10.7,12706.57,93.5,81.1,"ya"
553,"Perdesaan",47,5,14.3,5208.85,71.2,61.5,"ya"
346,"Perdesaan",63,4,9.3,11818.18,80.4,42.9,"ya"
705,"Perkotaan",35,7,9.2,9841.55,100,66.1,"tidak"
973,"Perdesaan",53,7,9.9,4527.02,79.6,44.7,"ya"
1059,"Perkotaan",50,5,10.7,7305.99,86.4,83.8,"tidak"
137,"Perdesaan",43,5,8.4,6138.75,62.4,79.1,"tidak"
906,"Perdesaan",70,5,11,6984.49,57.4,84,"tidak"
9,"Perdesaan",55,4,11.8,14097.2,82.4,68.3,"tidak"
1181,"Perdesaan",39,5,7,11237.01,65.9,83.6,"tidak"
489,"Perkotaan",33,3,9.7,10102.53,100,87.2,"tidak"
869,"Perkotaan",48,8,11,23004.06,100,51.7,"tidak"
1002,"Perdesaan",42,2,4.9,15427.22,66.7,83.7,"tidak"
497,"Perkotaan",33,6,14.4,10989.67,93.4,81,"tidak"
814,"Perkotaan",35,2,12.3,9836.47,100,77.7,"tidak"
44,"Perkotaan",63,4,6.2,17484.24,97.3,62,"tidak"
126,"Perdesaan",54,3,6,29277.92,87.2,73.8,"tidak"
899,"Perkotaan",27,3,9.9,3906.57,89.2,100,"tidak"
1056,"Perdesaan",41,6,10.4,6325.78,84.7,63.3,"tidak"
335,"Perkotaan",38,6,12.7,9053.19,95.5,86.5,"tidak"
1039,"Perdesaan",22,7,11.1,15537.14,100,99.2,"tidak"
199,"Perdesaan",51,3,11.7,14974.79,65.5,27.3,"tidak"
754,"Perkotaan",41,5,10.6,11141.64,86.2,46,"ya"
944,"Perkotaan",61,4,9.6,8373.31,90.3,85.9,"tidak"
868,"Perkotaan",30,5,9.1,9129.04,92.3,81,"tidak"
1098,"Perdesaan",51,4,6.2,9780.49,74.2,58.3,"ya"
966,"Perdesaan",34,2,11.6,9966.66,68.2,63,"tidak"
467,"Perkotaan",58,2,16,6169.46,100,94.3,"tidak"
322,"Perkotaan",25,7,13.6,11589.44,100,65.3,"tidak"
278,"Perdesaan",26,3,9.2,9547.93,85.6,85.2,"tidak"
474,"Perdesaan",41,5,13.7,7531.99,59.3,74.4,"tidak"
817,"Perdesaan",36,5,6.4,9828.36,68.5,44.5,"tidak"
710,"Perdesaan",68,6,2.1,5301.12,78.3,39,"ya"
788,"Perkotaan",44,5,2.6,9248.99,85.5,84.1,"ya"
664,"Perdesaan",69,7,5.6,22534.99,76.1,50.6,"tidak"
477,"Perkotaan",63,3,8.1,15232.81,87.9,73.2,"ya"
934,"Perdesaan",53,6,5.7,7908.09,92,40.9,"ya"
415,"Perkotaan",46,3,8.4,18093.87,96.6,95.1,"tidak"
239,"Perkotaan",42,7,8.4,12775.13,83.1,76.3,"ya"
569,"Perdesaan",41,4,3,9735.91,81.5,59.7,"ya"
854,"Perdesaan",33,5,10.6,18474.08,81,41.2,"tidak"
602,"Perkotaan",48,1,7.7,5565.47,79.8,94.5,"tidak"
179,"Perkotaan",27,3,8.7,15468.11,96,78,"tidak"
515,"Perdesaan",29,6,3.9,4663.43,74.3,53.9,"ya"
11,"Perdesaan",27,5,0,4239.48,97.1,50.7,"tidak"
453,"Perdesaan",26,5,7.6,3824.31,56,57.4,"ya"
261,"Perkotaan",28,2,11.8,9699.42,88.5,57.3,"tidak"
140,"Perkotaan",54,5,7.4,8565.06,100,90.2,"tidak"
592,"Perdesaan",65,4,11.6,12294.33,65.1,84.6,"tidak"
976,"Perdesaan",31,5,8.5,13510.29,60.9,41.4,"ya"
147,"Perdesaan",30,4,1,5443.46,79.7,62.7,"ya"
1057,"Perdesaan",51,9,10.6,7687.78,58.5,70.8,"tidak"
756,"Perkotaan",25,6,16,3298.99,100,68.4,"ya"
34,"Perkotaan",27,3,6.8,7006.22,85.6,75.8,"tidak"
65,"Perkotaan",70,7,6.3,22062.41,100,100,"tidak"
897,"Perdesaan",33,4,6.9,9401.47,81.4,53.8,"ya"
57,"Perkotaan",58,9,10.3,10306.73,92.3,94,"tidak"
620,"Perkotaan",47,5,8.6,8686.45,90.2,89.1,"tidak"
738,"Perdesaan",27,4,6.2,5284.48,54.1,50.2,"tidak"
491,"Perdesaan",28,2,6,5948.6,59.6,67.9,"tidak"
429,"Perkotaan",59,1,11.3,14432.7,76.6,100,"tidak"
431,"Perkotaan",43,5,11.2,12574.99,89.7,95.3,"tidak"
231,"Perdesaan",46,5,7.8,19988.95,96.1,49.1,"ya"
774,"Perdesaan",50,3,7.6,7824.65,77.3,56.3,"tidak"
511,"Perdesaan",52,4,6.6,9714.07,87.4,44.7,"ya"
79,"Perdesaan",67,6,7.5,6012.8,67.2,59.3,"ya"
1193,"Perdesaan",27,3,11.2,7146.09,66.7,50.3,"ya"
158,"Perkotaan",34,1,13,13842.13,99.6,93.1,"tidak"
838,"Perdesaan",23,3,3.2,13206.65,64.5,49.5,"ya"
583,"Perdesaan",54,5,9.4,18338.99,58.8,63.6,"tidak"
918,"Perkotaan",24,5,6,9533.94,88.8,82.1,"tidak"
48,"Perkotaan",58,9,8.1,7088.84,83.5,71.4,"tidak"
772,"Perkotaan",44,2,12.8,9135.15,75.1,71.3,"tidak"
256,"Perdesaan",70,4,7.5,13243.13,88.1,80.3,"tidak"
778,"Perdesaan",70,3,10.1,10880.14,70.2,68.8,"tidak"
172,"Perkotaan",68,4,8.5,11144.62,100,65.4,"tidak"
698,"Perdesaan",34,3,6.8,13538.04,84.5,56.9,"ya"
996,"Perkotaan",61,7,1,11200.02,99,69.4,"ya"
1030,"Perkotaan",48,5,9.9,24059.92,96.6,66.9,"tidak"
400,"Perdesaan",66,3,8,4875.87,57.8,43.6,"tidak"
204,"Perkotaan",22,9,14.1,10328.09,86.4,100,"tidak"
190,"Perdesaan",39,7,14.8,9131.54,64.1,69,"tidak"
226,"Perkotaan",37,3,9.7,14118.08,92.4,65.1,"tidak"
860,"Perdesaan",63,3,4.4,15697.83,58.4,76,"ya"
251,"Perkotaan",52,4,10,9973.74,80.3,78.2,"tidak"
1089,"Perdesaan",35,7,3,9085.44,84.6,88.3,"ya"
52,"Perkotaan",63,3,10,15879.59,95.3,90.9,"tidak"
20,"Perkotaan",58,3,9.2,7540.74,75.5,100,"tidak"
709,"Perkotaan",40,8,11.7,6422.54,100,88.8,"tidak"
530,"Perkotaan",48,5,8.9,6242.85,89.4,79.3,"ya"
1021,"Perkotaan",67,4,10.6,14156.12,100,80.6,"tidak"
141,"Perkotaan",37,2,14.3,8839.68,100,100,"tidak"
1053,"Perdesaan",27,3,6.2,6694,65.7,36.7,"ya"
104,"Perdesaan",54,4,5.5,5901.07,86.9,45.7,"ya"
565,"Perkotaan",61,2,12,14141.96,79.9,69.9,"tidak"
633,"Perkotaan",61,5,4,10137.11,91.7,79.7,"tidak"
1166,"Perdesaan",28,5,6.5,5915.45,66.3,78.3,"tidak"
1069,"Perdesaan",57,5,0.9,13805.68,70.4,83.2,"ya"
252,"Perdesaan",42,2,4.7,8569.56,77.1,54.7,"ya"
184,"Perkotaan",28,7,16,10538,100,89.5,"tidak"
970,"Perkotaan",49,2,14.3,8434.51,66.9,74.8,"tidak"
433,"Perkotaan",25,4,14,33890.69,100,100,"tidak"
101,"Perdesaan",35,5,10.9,7745.98,88.4,74.3,"ya"
1127,"Perkotaan",42,7,12.2,14860.93,100,100,"tidak"
783,"Perdesaan",59,9,2.2,7851.69,91.8,40.8,"ya"
979,"Perdesaan",27,5,10.5,5508.59,71.5,39.6,"ya"
1096,"Perdesaan",45,4,7.4,5577.66,79.9,62.6,"tidak"
312,"Perkotaan",46,3,6.1,18887.56,98.9,81.7,"tidak"
482,"Perkotaan",47,2,13.2,9278.43,80.4,93.5,"tidak"
1074,"Perkotaan",46,6,10.4,6085.16,68.2,87,"tidak"
1079,"Perkotaan",30,4,9.6,11180.59,94.4,72.4,"tidak"
100,"Perkotaan",37,2,12.9,11937.68,59.4,100,"tidak"
275,"Perkotaan",36,2,10.9,7414.02,82.6,71.4,"tidak"
214,"Perdesaan",24,6,1.5,14129.92,61.2,65.8,"tidak"
696,"Perkotaan",37,4,9.3,21901.23,92.9,90.9,"tidak"
1012,"Perkotaan",38,1,6.1,15517.73,100,73.7,"tidak"
652,"Perkotaan",65,4,14.1,17202.91,100,79.7,"tidak"
92,"Perkotaan",38,5,15.2,6511.51,100,94.9,"tidak"
750,"Perkotaan",50,4,5.7,10908.42,96,100,"ya"
752,"Perkotaan",24,4,9.3,26675.9,78.8,97.2,"tidak"
277,"Perkotaan",40,3,8.7,6662.52,92.4,58.1,"tidak"
555,"Perdesaan",57,3,9.9,8744.33,60.5,76.1,"ya"
662,"Perkotaan",58,6,8.9,7287.67,79.1,91.4,"tidak"
143,"Perdesaan",43,3,7.5,10035.51,79.6,18.1,"ya"
435,"Perdesaan",42,6,7.1,14893.67,73.5,60.3,"ya"
221,"Perkotaan",47,5,4.1,8773.22,98,93.5,"ya"
138,"Perdesaan",41,4,4.7,9768.52,74.9,77.4,"tidak"
576,"Perdesaan",57,4,4.2,4239.91,69.4,63,"ya"
746,"Perdesaan",53,4,2.5,6252.44,59.9,64.2,"tidak"
98,"Perdesaan",64,3,5.7,10546.04,92.6,75.4,"tidak"
1013,"Perkotaan",37,5,5.5,14683.09,100,72.9,"tidak"
644,"Perkotaan",27,3,13.1,4760.46,89.3,71.3,"tidak"
609,"Perkotaan",69,4,9.3,10720.34,96.7,98.7,"tidak"
786,"Perdesaan",70,3,6.7,5849.33,80.6,68.9,"ya"
314,"Perdesaan",65,4,8.3,9160.15,94.9,57.9,"tidak"
174,"Perdesaan",34,3,5.6,4296.47,76.2,29.4,"ya"
466,"Perdesaan",55,3,8.9,5600.56,75.7,64.1,"ya"
23,"Perkotaan",48,3,13.6,12260.08,100,100,"tidak"
403,"Perdesaan",27,5,5.1,6217.85,90.3,60.7,"ya"
1192,"Perkotaan",56,9,6.7,6073.41,100,81.5,"ya"
276,"Perkotaan",54,8,16,9804.31,100,92.1,"ya"
594,"Perdesaan",37,3,6.4,11616.09,82.5,57.9,"ya"
112,"Perdesaan",43,1,8.2,6754,70.6,65.1,"ya"
404,"Perkotaan",64,4,13.2,14689.9,96.3,89.7,"tidak"
596,"Perkotaan",51,6,10.2,10614.13,88.3,71.1,"tidak"
1104,"Perdesaan",40,4,2.4,8841.79,53.9,59.4,"ya"
230,"Perkotaan",48,5,6.6,18814.94,100,91.8,"tidak"
249,"Perdesaan",42,5,3.2,10806.54,68.8,72.6,"ya"
1138,"Perdesaan",36,4,3.7,7408.81,63.1,84.2,"ya"
971,"Perdesaan",70,9,12.7,5333.9,81.5,81.4,"ya"
310,"Perkotaan",58,3,8.3,14121.18,88.7,80.7,"tidak"
5,"Perdesaan",47,2,5.7,10177.41,43.4,43.2,"ya"
1067,"Perkotaan",40,5,10.4,13214.74,85.5,89,"tidak"
307,"Perkotaan",54,4,5.5,8069.68,66.1,100,"tidak"
581,"Perdesaan",49,7,4.7,9934.49,79.3,78.8,"tidak"
740,"Perkotaan",23,5,9.3,16295.15,77.1,67.1,"tidak"
1137,"Perkotaan",27,4,6.3,8324.63,99.1,92.8,"tidak"
697,"Perkotaan",49,4,6.5,19550.18,89.5,62.5,"tidak"
839,"Perdesaan",40,6,0.1,9681.86,89.3,60.2,"ya"
75,"Perdesaan",46,4,1.3,6455.99,58.2,83.9,"ya"
39,"Perdesaan",35,3,8.8,6763.27,70.4,63.6,"ya"
411,"Perdesaan",25,5,5.7,7944.94,60.8,70.9,"ya"
1109,"Perdesaan",68,7,8,11277.81,94.5,74.4,"tidak"
647,"Perkotaan",41,8,0,13252,67.8,100,"tidak"
109,"Perdesaan",35,9,5,15169.03,85.4,49.1,"tidak"
909,"Perdesaan",31,1,10,10026.11,81.9,50,"tidak"
486,"Perdesaan",68,4,4,4535.54,68.5,45.6,"ya"
399,"Perkotaan",31,4,13.9,7376.54,89.2,100,"tidak"
566,"Perdesaan",65,6,6.3,15963.12,86.1,64.3,"ya"
941,"Perdesaan",45,2,7.1,9894.55,78.8,50.8,"ya"
768,"Perkotaan",61,3,9.4,20037.64,94.1,89.3,"tidak"
253,"Perkotaan",48,2,10.2,12944.92,91.6,90.2,"tidak"
1103,"Perdesaan",61,6,7.9,6275.14,49.6,68,"ya"
213,"Perdesaan",51,6,4.1,6334.51,70.9,60.3,"ya"
422,"Perdesaan",31,9,8,7377.14,65.6,42.6,"ya"
1072,"Perkotaan",66,2,5.6,6726.04,91,76.5,"tidak"
983,"Perkotaan",53,1,12.7,16784.71,94.8,65.6,"tidak"
651,"Perkotaan",36,1,13.8,7668.33,87.5,87.1,"tidak"
501,"Perdesaan",35,5,8.4,12961.5,77.1,41.5,"ya"
210,"Perkotaan",46,4,5.9,21100.74,99.7,89.2,"tidak"
423,"Perdesaan",34,9,4.8,10498.68,97.3,88.6,"ya"
1125,"Perdesaan",50,6,1,6571.08,88.4,38.4,"ya"
775,"Perkotaan",40,4,13.1,3471.91,100,64.1,"tidak"
907,"Perkotaan",60,3,8.3,10543.87,100,87.1,"tidak"
1117,"Perdesaan",45,6,8.1,10010.14,76,95.7,"ya"
809,"Perkotaan",28,3,8.5,16452.4,83.8,78.7,"tidak"
681,"Perdesaan",33,5,4,13873.7,73,57.1,"tidak"
1107,"Perkotaan",47,7,7.3,19427.86,100,87.3,"ya"
543,"Perdesaan",64,2,7.3,13342.87,74.8,65.9,"ya"
732,"Perkotaan",49,8,8.1,12540.7,88.1,70.2,"tidak"
462,"Perkotaan",65,4,9.5,18499.21,92.7,94.8,"tidak"
1006,"Perkotaan",27,2,7.7,7751.2,82.8,72.1,"tidak"
327,"Perdesaan",63,8,5.9,8346.25,78.8,65,"ya"
193,"Perkotaan",26,6,14.9,13196.18,91.1,79.3,"tidak"
735,"Perdesaan",57,4,7.1,10072.57,68.7,77.9,"tidak"
1157,"Perkotaan",65,3,10.4,10098.85,64.1,76.7,"ya"
121,"Perkotaan",63,2,10.1,16106.66,95.3,81.9,"tidak"
132,"Perkotaan",59,5,10.4,11952.27,100,90.9,"tidak"
1027,"Perkotaan",42,4,12.7,8431.73,85,89.6,"tidak"
759,"Perkotaan",35,4,11.2,23668.73,97.4,100,"tidak"
1152,"Perdesaan",68,3,1.6,6789.24,79.9,71.7,"tidak"
728,"Perkotaan",51,5,12.2,9924.68,90.1,86.2,"tidak"
185,"Perkotaan",49,1,8.1,15492.45,92.5,79.1,"tidak"
628,"Perkotaan",43,1,11.1,10177.88,83.5,89.9,"tidak"
469,"Perdesaan",57,5,5.6,6069.01,75.2,51.3,"ya"
624,"Perkotaan",33,1,6.5,27035.62,78.2,72.9,"tidak"
886,"Perdesaan",64,2,5.2,11044.19,87.1,48.5,"tidak"
582,"Perdesaan",60,5,4.5,5771.94,79.7,60.2,"ya"
130,"Perdesaan",54,4,6.4,6506.77,66.3,75.8,"ya"
1028,"Perdesaan",34,5,6.1,9087.61,76,52.7,"ya"
988,"Perkotaan",45,4,5.9,12929.98,100,87.4,"tidak"
481,"Perkotaan",49,4,11.8,8477.74,90.9,100,"ya"
1009,"Perkotaan",22,4,11.7,12479.35,92.9,90.2,"tidak"
4,"Perkotaan",57,4,8.7,5471.01,72.5,88.2,"tidak"
630,"Perdesaan",50,6,1.5,7015.66,63.4,72.1,"ya"
345,"Perdesaan",64,2,3.9,5509.77,77.4,75.1,"ya"
667,"Perkotaan",27,4,11.5,9066.91,97.1,85,"tidak"
673,"Perdesaan",34,4,6.2,9799.28,62.9,64.6,"tidak"
1133,"Perkotaan",47,2,12.4,21292.03,92.5,77.3,"tidak"
159,"Perdesaan",66,5,5.1,9321.24,57.5,55.9,"ya"
298,"Perkotaan",24,6,8.9,13322.19,99.4,100,"ya"
396,"Perdesaan",69,2,2.2,6089.92,57.7,71.3,"ya"
161,"Perdesaan",65,4,10.5,10947.4,89.1,45.5,"ya"
790,"Perdesaan",48,1,6.8,10240.41,89.1,64,"tidak"
162,"Perdesaan",25,4,6.8,11236,86.9,65.4,"ya"
733,"Perkotaan",31,1,4.2,6264.78,65.3,88.8,"tidak"
658,"Perdesaan",55,9,8.6,7163.01,65.4,100,"ya"
508,"Perdesaan",33,6,1.6,6508.67,98.5,67.2,"ya"
237,"Perdesaan",67,5,16,3812.11,69.3,78.9,"ya"
85,"Perkotaan",36,3,11.1,10843.81,61.6,56.1,"tidak"
510,"Perdesaan",38,3,2.8,5756.91,66.1,73.5,"ya"
912,"Perdesaan",55,7,5.4,5560.84,66.9,78.2,"ya"
640,"Perkotaan",35,4,9.3,9293.18,92.9,75.8,"tidak"
561,"Perdesaan",66,4,7,8242.49,81.4,100,"ya"
1116,"Perdesaan",27,3,7.4,4778.47,49.5,79.1,"tidak"
871,"Perkotaan",46,4,9.3,13726.33,98.6,78.6,"tidak"
349,"Perkotaan",44,5,8,10513.91,95.4,86.1,"tidak"
832,"Perkotaan",31,4,10.4,21624.87,90.2,78,"tidak"
1045,"Perdesaan",51,2,7,8512.22,70.8,48.8,"ya"
712,"Perdesaan",37,5,4.5,3527.07,88.2,78.4,"ya"
853,"Perkotaan",43,5,8.7,11811.27,100,73.5,"tidak"
410,"Perdesaan",64,2,7.1,6668.96,68.9,45.9,"ya"
764,"Perdesaan",49,3,5.7,3758.06,79.8,75.1,"ya"
729,"Perkotaan",26,7,7.2,16011.31,89.4,100,"tidak"
951,"Perdesaan",27,3,9.8,6724.75,83.6,60,"tidak"
762,"Perkotaan",45,7,10.2,5586.45,100,65.2,"tidak"
1102,"Perkotaan",66,3,11.3,12703.88,85.7,95.1,"tidak"
921,"Perkotaan",35,5,11.4,13557.58,100,75.6,"ya"
1174,"Perkotaan",53,3,13.2,9172.59,97.6,79.6,"tidak"
264,"Perkotaan",61,3,11.9,16994.97,93.8,100,"tidak"
188,"Perdesaan",65,4,2.5,6815.63,75.7,76.1,"ya"
350,"Perdesaan",52,5,2.2,6724.9,64.5,82.7,"ya"
1070,"Perkotaan",30,5,8.7,13399.67,86.6,61.3,"tidak"
801,"Perdesaan",41,2,9.3,10026.99,67.5,44.9,"tidak"
521,"Perdesaan",60,2,8.5,21213.41,94.8,79.5,"tidak"
661,"Perkotaan",24,7,13.4,8516.93,97.8,100,"tidak"
881,"Perdesaan",38,6,5.6,8730.92,78.3,71.8,"ya"
217,"Perkotaan",51,3,6.3,13693.64,91.7,86.6,"tidak"
24,"Perdesaan",68,5,2.7,4771.43,58.6,48.8,"ya"
1167,"Perdesaan",28,4,11.3,3577.05,81.6,64.7,"tidak"
1199,"Perdesaan",44,1,12.2,6456.47,60,53,"ya"
818,"Perkotaan",36,4,6.7,29834.66,80.3,67,"tidak"
549,"Perkotaan",24,4,7.3,8789.77,87.6,52.4,"tidak"
285,"Perdesaan",67,4,13.7,8335.67,59.7,44.1,"ya"
850,"Perdesaan",68,3,3.8,12104.52,62.5,37.2,"ya"
922,"Perdesaan",68,3,3.8,8531.67,87.4,58.2,"ya"
748,"Perkotaan",60,6,5.9,15945.22,82.4,100,"tidak"
1111,"Perkotaan",63,3,5.4,8358.29,84.4,75,"tidak"
841,"Perdesaan",70,5,4.7,10048.17,52.5,30.7,"ya"
1177,"Perdesaan",49,5,12.3,4762.73,74.9,56.4,"tidak"
842,"Perdesaan",65,5,5.3,11505.38,80.4,41.9,"ya"
355,"Perdesaan",35,4,1.4,5488.61,75.7,76.3,"ya"
995,"Perkotaan",39,7,11.1,13937.22,92.5,100,"tidak"
677,"Perdesaan",55,3,0.4,10462.32,78.2,46.8,"ya"
580,"Perdesaan",67,2,4.4,6569.81,76.2,74,"tidak"
785,"Perkotaan",60,4,13.3,18476.38,77.6,100,"tidak"
711,"Perkotaan",42,5,8.9,9592.94,68.4,100,"tidak"
66,"Perkotaan",61,4,1.7,23982.5,89.9,79.3,"tidak"
1035,"Perdesaan",53,5,10.9,4071.69,95.5,78.1,"tidak"
405,"Perdesaan",27,3,2.1,5775.65,83.2,67.5,"ya"
270,"Perkotaan",63,4,9,13686.63,89,83.4,"tidak"
1114,"Perkotaan",28,4,10.6,14856.54,71.4,80.5,"ya"
880,"Perdesaan",50,6,2.1,9215.22,60.2,75,"ya"
879,"Perdesaan",31,3,4.2,10373.88,69.6,52.3,"ya"
1001,"Perdesaan",24,2,6.3,11356.98,81.7,71.4,"ya"
505,"Perdesaan",53,8,5.3,3968.04,72.1,63.8,"tidak"
1051,"Perkotaan",51,4,10.4,23389.93,89.6,95.1,"tidak"
384,"Perkotaan",26,5,9.4,8799.59,87.9,98.6,"tidak"
269,"Perdesaan",40,4,2,10305.84,62.2,41.8,"ya"
445,"Perdesaan",60,3,2.5,6601.16,72.7,58.3,"tidak"
520,"Perkotaan",60,3,7.7,16282.44,92.5,66.8,"tidak"
1173,"Perdesaan",25,5,7.4,6825.84,73.8,57.9,"tidak"
758,"Perkotaan",52,5,14.5,10576.11,86,100,"tidak"
362,"Perkotaan",54,6,14.7,15220.35,80.2,95.3,"tidak"
815,"Perdesaan",44,7,6.7,19811.33,80.3,57.8,"ya"
905,"Perkotaan",44,2,3.3,9411.03,95.9,94,"tidak"
610,"Perdesaan",47,3,9.5,11592.14,50.7,55,"tidak"
547,"Perkotaan",48,3,13.1,7552.22,100,82.3,"tidak"
800,"Perkotaan",66,2,8.3,15157.2,75.4,68.9,"tidak"
1032,"Perdesaan",69,4,7.7,6349.28,51,60.3,"tidak"
93,"Perkotaan",68,2,6.9,16354.37,67.1,81.1,"tidak"
660,"Perdesaan",44,3,6.6,10627.2,99.2,57.1,"tidak"
914,"Perkotaan",54,4,10.5,17433.47,82.4,98.9,"tidak"
287,"Perkotaan",46,7,12.2,9621.93,100,100,"tidak"
715,"Perkotaan",53,4,11.2,10149.54,90.3,100,"tidak"
1095,"Perdesaan",40,5,7.9,6461.36,79.6,90.7,"tidak"
517,"Perdesaan",29,2,2.7,5566.64,80,60.4,"ya"
313,"Perdesaan",59,2,11.1,5253.59,53.7,77.1,"tidak"
105,"Perdesaan",58,6,0,5142.48,53.3,31.6,"ya"
550,"Perkotaan",66,5,6.7,16972.26,100,64.3,"ya"
425,"Perkotaan",47,2,13.2,5536.22,86.5,100,"tidak"
149,"Perdesaan",29,2,4.5,5360.9,54.8,98.4,"ya"
186,"Perdesaan",51,5,5.5,6924.9,81.1,63,"ya"
88,"Perdesaan",51,9,14.4,11035.3,65.8,70.4,"ya"
1198,"Perdesaan",23,3,9.8,3721.58,99.4,59.8,"ya"
1078,"Perdesaan",24,2,2.3,11431.08,94.1,66.1,"tidak"
719,"Perdesaan",37,4,5.2,7382.46,75.8,57.5,"ya"
1000,"Perkotaan",67,4,6.6,12402.68,84.8,98.1,"tidak"
870,"Perdesaan",23,2,7.1,6226.09,85.1,64.8,"tidak"
493,"Perdesaan",55,2,2.5,6996.69,78.7,21.3,"ya"
1073,"Perkotaan",22,4,8.6,14113.25,89.8,94.6,"ya"
820,"Perdesaan",67,3,11.4,9124.94,91.3,46.1,"tidak"
40,"Perdesaan",48,5,8.9,6738.48,63.1,78,"tidak"
513,"Perdesaan",37,5,8.4,4567.54,74.6,61.3,"ya"
974,"Perkotaan",26,3,7.7,16278.71,69.4,87.7,"tidak"
949,"Perkotaan",51,3,8.5,12351.44,84.4,100,"tidak"
847,"Perkotaan",23,3,10.8,4267.9,96.5,79,"tidak"
726,"Perdesaan",65,7,2.4,3812.81,84.9,54.4,"tidak"
61,"Perdesaan",54,5,0,5609.63,72.1,63.8,"ya"
470,"Perkotaan",56,5,8.4,10876.66,87.8,100,"ya"
80,"Perdesaan",26,1,5.6,3866.5,66.9,84.7,"ya"
516,"Perdesaan",61,2,9.4,8607.68,77.3,45.2,"tidak"
1041,"Perdesaan",69,3,5,8567.91,77.9,52.1,"ya"
1022,"Perkotaan",65,3,7.1,15835.97,97.3,48.4,"tidak"
260,"Perkotaan",30,4,11.1,13939.59,82.6,100,"tidak"
247,"Perkotaan",40,8,7.2,12868.53,88.1,74.9,"tidak"
824,"Perdesaan",29,4,11.8,9122.29,94.9,68.8,"tidak"
495,"Perdesaan",49,5,3.5,15172.49,63.8,60.2,"ya"
601,"Perdesaan",40,3,9.5,9887.89,68.3,76.6,"ya"
1182,"Perkotaan",48,2,2.9,13204.09,100,61.6,"tidak"
1164,"Perdesaan",23,3,11.6,3735.82,60.8,66.3,"tidak"
929,"Perdesaan",38,3,6.4,10548.42,79.3,58.4,"ya"
308,"Perdesaan",54,5,0.2,6825.65,87.4,60.4,"ya"
1129,"Perkotaan",23,3,4.8,8699.81,82,72.4,"tidak"
325,"Perdesaan",34,5,6.3,5451.69,79.8,73.7,"tidak"
796,"Perkotaan",36,5,15.1,12514.75,94.8,87.3,"tidak"
806,"Perkotaan",26,2,7.6,23593.23,80.7,95.3,"tidak"
978,"Perkotaan",67,7,9,15935.48,79.5,78.9,"tidak"
504,"Perkotaan",27,4,12.3,10240.24,80.2,100,"tidak"
175,"Perkotaan",69,1,9.3,14763.52,100,74.9,"tidak"
572,"Perdesaan",27,5,5.9,9083.01,51,60.6,"tidak"
1087,"Perdesaan",30,3,6.6,9262.34,79.6,72.8,"tidak"
574,"Perdesaan",41,5,5.7,4663.42,75.5,32.8,"ya"
1062,"Perkotaan",35,5,10.1,9720.74,86.5,86,"tidak"
1142,"Perkotaan",34,5,10.8,16692.87,93.2,98.1,"tidak"
218,"Perkotaan",23,7,4.3,26029.19,93.4,73,"tidak"
795,"Perkotaan",46,6,8.4,7466.34,96.6,55.4,"tidak"
290,"Perkotaan",51,1,6.8,11899.66,98.7,100,"tidak"
537,"Perdesaan",52,3,8.4,7826.53,90.1,73.9,"ya"
641,"Perkotaan",37,3,9.2,19472.73,90.1,83.9,"tidak"
524,"Perkotaan",66,1,5.2,10233.13,100,71.3,"tidak"
943,"Perkotaan",27,3,10.7,8884.07,100,82.2,"tidak"
984,"Perkotaan",53,4,2.5,9407.21,100,95.2,"ya"
736,"Perdesaan",40,7,9.7,2811.26,57.8,64,"tidak"
827,"Perkotaan",63,5,4.4,19086.99,100,68.2,"tidak"
534,"Perdesaan",30,2,12.4,14358.42,59.3,28.4,"tidak"
686,"Perkotaan",43,3,7.5,7832.79,76.9,85.4,"tidak"
1163,"Perdesaan",62,4,5.4,12231.05,58.7,83.3,"ya"
201,"Perdesaan",68,3,2.9,11754.22,61.1,74.6,"tidak"
589,"Perdesaan",54,6,1,4152.78,61.8,89.8,"ya"
376,"Perdesaan",36,4,7.5,3348.5,100,70.3,"ya"
393,"Perkotaan",48,4,4.6,13756.6,83.5,77.1,"ya"
1144,"Perdesaan",41,1,9.1,4318.49,43.8,49.9,"tidak"
822,"Perdesaan",61,6,0.3,9995.97,62.8,31.1,"ya"
1140,"Perkotaan",43,5,7.2,7500.76,79.9,87.3,"tidak"
366,"Perkotaan",55,2,11.2,6422.02,100,93.1,"ya"
687,"Perdesaan",28,4,6.1,14010.49,69.2,57.4,"tidak"
483,"Perkotaan",22,2,11.5,12248.54,82,88.9,"tidak"
148,"Perdesaan",37,4,7.3,6666.17,69.7,41.2,"ya"
663,"Perkotaan",51,2,9.4,8868.07,100,98.5,"tidak"
607,"Perdesaan",66,3,12.6,9155.54,74.4,80.2,"tidak"
767,"Perdesaan",55,3,3.4,10160.07,78.4,74.5,"tidak"
927,"Perkotaan",26,5,9,15928.72,88.3,81.1,"tidak"
1066,"Perdesaan",52,5,4.1,9878.42,76.5,56.6,"ya"
928,"Perdesaan",67,3,4,4217.16,88,48.9,"tidak"
965,"Perkotaan",35,4,8.4,5815.55,88.2,89.1,"tidak"
1063,"Perkotaan",49,5,6.4,7825.01,86.9,82.5,"tidak"
437,"Perdesaan",48,4,9.1,15636.59,69.6,62.8,"tidak"
638,"Perkotaan",44,4,12.1,14145.86,89.3,99.4,"tidak"
203,"Perdesaan",43,2,8,12418.02,76.6,51.9,"tidak"
635,"Perkotaan",68,6,3.2,11141.77,93.6,100,"tidak"
972,"Perdesaan",28,4,5.2,11877.36,79.8,51.7,"ya"
167,"Perdesaan",25,4,7.9,5184.64,60.4,49.8,"tidak"
47,"Perkotaan",69,1,8.8,11513.47,79.4,100,"tidak"
1136,"Perdesaan",39,2,11.2,14137.7,92.7,76.7,"tidak"
933,"Perdesaan",25,7,5.3,4825.88,75,82.3,"ya"
536,"Perdesaan",66,4,6.2,15603.7,85,52.4,"tidak"
717,"Perkotaan",34,3,10.2,12361.79,100,100,"tidak"
903,"Perkotaan",57,4,10.8,16271.11,100,65.4,"tidak"
375,"Perdesaan",64,5,8,7206.94,81.3,52.3,"tidak"
1195,"Perkotaan",61,5,7.7,14147.82,100,92.8,"tidak"
649,"Perdesaan",24,1,11.2,8999.81,69.7,69.3,"tidak"
773,"Perkotaan",58,7,10.7,8077.05,82.1,98.9,"ya"
600,"Perdesaan",58,5,7.8,6030.82,67.4,68.3,"ya"
337,"Perkotaan",45,6,6.2,11442.73,89,87.1,"tidak"
1036,"Perkotaan",40,2,6.3,14352.42,87.1,88.3,"tidak"
826,"Perkotaan",45,4,7.3,17167.71,80.4,77.3,"tidak"
36,"Perdesaan",39,6,4.6,8161.37,84.4,80.1,"ya"
81,"Perdesaan",55,3,9.4,7593.83,74.7,39.7,"ya"
1071,"Perkotaan",23,1,12.2,10769.52,100,69.5,"tidak"
685,"Perdesaan",37,4,9.2,8413.5,68.8,82.9,"ya"
722,"Perdesaan",34,3,6.4,8177.37,72.6,49.2,"tidak"
420,"Perdesaan",47,4,4.4,8637.84,73.8,50.3,"ya"
657,"Perkotaan",54,5,4.4,11978.46,100,56,"tidak"
849,"Perdesaan",44,5,2.6,7766.41,83.8,62.9,"ya"
670,"Perkotaan",38,3,14.3,6525.85,97.9,75.3,"ya"
830,"Perkotaan",23,3,6.8,11141.1,100,61.7,"tidak"
494,"Perdesaan",65,4,3.6,8846.73,98.1,69.9,"ya"
82,"Perkotaan",37,2,7.6,22101.55,97.3,74.8,"tidak"
107,"Perkotaan",47,4,6.3,10670.48,100,92.1,"tidak"
1194,"Perkotaan",33,6,6.8,7791.12,100,73.6,"tidak"
1159,"Perkotaan",46,4,15.1,4193.61,96.6,86.3,"tidak"
895,"Perkotaan",52,4,7.1,10924.21,96.4,63,"tidak"
142,"Perkotaan",44,5,7.9,4032.36,100,100,"tidak"
364,"Perdesaan",26,5,6.5,5296.27,73.8,59,"ya"
409,"Perkotaan",54,3,15.8,4802.62,100,73.9,"tidak"
94,"Perdesaan",52,4,5.4,7014.26,76.9,57.5,"ya"
195,"Perkotaan",65,5,10.2,16171.26,92.7,100,"tidak"
245,"Perdesaan",24,2,7.8,11203.37,77.3,57.7,"tidak"
901,"Perkotaan",61,5,8.4,7306.66,76.3,84.7,"tidak"
590,"Perkotaan",27,4,2.4,12538.49,95.8,94.1,"ya"
629,"Perkotaan",60,7,13.8,8156.27,86.9,75.6,"ya"
665,"Perdesaan",64,3,6.1,10694.65,58.8,73.2,"tidak"
646,"Perkotaan",67,4,10.9,9008.41,71.1,87.8,"tidak"
779,"Perdesaan",62,1,4.4,10234.99,53.5,50.5,"ya"
265,"Perdesaan",38,8,8.6,5492.37,54.5,60.1,"ya"
956,"Perkotaan",51,5,12.2,11724.35,90.3,100,"tidak"
682,"Perkotaan",45,5,14.2,7676.68,93.9,95.9,"tidak"
884,"Perkotaan",32,5,6.5,9080.08,69,67.5,"tidak"
857,"Perkotaan",69,6,10.2,16199.52,89.1,81.6,"tidak"
844,"Perkotaan",69,4,8.7,20410.73,90.7,72.2,"tidak"
128,"Perkotaan",37,4,8.2,11388.76,88.8,76.7,"ya"
273,"Perdesaan",28,3,3.7,10344.92,74.4,67.2,"tidak"
166,"Perkotaan",59,1,11.3,15204.23,100,100,"tidak"
591,"Perkotaan",48,3,10.8,8132.75,100,98.8,"tidak"
222,"Perkotaan",52,5,15.6,6343.14,83.8,96.8,"tidak"
810,"Perkotaan",68,5,2.7,13052.52,100,86.7,"tidak"
954,"Perdesaan",69,3,13.1,8237.92,95.1,59.6,"ya"
301,"Perkotaan",29,4,7.6,11467.58,90.6,100,"tidak"
1,"Perkotaan",67,3,13.1,9691.98,78.2,100,"tidak"
324,"Perdesaan",67,2,7.3,4321.74,72.5,45.4,"ya"
459,"Perdesaan",51,5,8.5,14754.01,70.4,49.3,"tidak"
389,"Perdesaan",37,6,7.6,7024.28,78.8,59,"tidak"
798,"Perdesaan",57,4,10.8,11852.83,67.5,50.2,"ya"
645,"Perdesaan",47,7,4.7,5902.55,67.2,55.8,"ya"
283,"Perdesaan",22,3,9.1,10178.39,61.6,64.5,"tidak"
257,"Perkotaan",57,2,4.7,9889.26,84.7,87.7,"tidak"
272,"Perdesaan",45,4,4,10688.15,69,85.9,"tidak"
338,"Perdesaan",63,5,8.6,11113.24,72.8,45.9,"tidak"
1191,"Perkotaan",58,3,10.5,12802.04,100,76.2,"tidak"
1123,"Perdesaan",46,2,6,6521.07,86,60.5,"tidak"
930,"Perkotaan",70,4,9.1,9461.73,78,79.7,"tidak"
402,"Perdesaan",57,3,7.4,6871.51,71.6,31.2,"ya"
939,"Perdesaan",48,4,9.6,6620.32,86.4,68.4,"tidak"
781,"Perdesaan",49,6,1,7588.55,85.8,67.9,"ya"
32,"Perdesaan",57,3,7.5,7749.69,68.3,64.1,"tidak"
447,"Perkotaan",44,4,4.4,14415.26,80.7,75.2,"ya"
958,"Perdesaan",48,6,11.2,8714.14,71.6,93.6,"tidak"
1084,"Perdesaan",53,6,9.6,6209.44,64.1,37.3,"ya"
1172,"Perdesaan",27,3,5.8,9965.44,90.2,73.6,"ya"
568,"Perdesaan",58,4,10.5,9897.68,63.1,84.9,"tidak"
1113,"Perdesaan",48,1,5.3,6961.74,68.9,35.3,"ya"
587,"Perkotaan",55,7,2.3,12651.92,93.7,74.7,"ya"
152,"Perdesaan",57,8,2.2,8055.58,64.2,73.9,"ya"
458,"Perdesaan",59,4,6.5,7321.79,88.3,76.4,"tidak"
