"wilayah","efek_sebenarnya"
"W01",-1.8769
"W02",-0.6888
"W03",-0.1133
"W04",-0.8817
"W05",1.6275
"W06",0.1852
"W07",-0.9945
"W08",-0.6145
"W09",-1.3036
"W10",-0.5787
"W11",1.3081
"W12",-1.1461
"W13",0.7397
"W14",-0.3046
"W15",-1.9749
"W16",-0.9424
"W17",-1.9926
"W18",2.267
"W19",0.3
"W20",0.1717
"W21",0.0173
"W22",0.2911
"W23",-0.3498
"W24",-0.4727
"W25",-1.0629
"W26",-0.2142
"W27",-0.1234
"W28",-1.1514
"W29",0.1739
"W30",-1.5944
"W31",0.2921
"W32",-0.0789
"W33",1.0896
"W34",0.0067
"W35",0.638
"W36",1.7284
"W37",0.3913
"W38",1.0369
"W39",-0.4093
"W40",-0.6509
"W41",-0.3442
"W42",-1.1185
"W43",0.2112
"W44",0.3016
"W45",-1.2005
"W46",-0.0634
"W47",0.4781
"W48",-0.7072
"W49",-1.2587
"W50",0.1346
"W51",-1.6291
"W52",1.4872
"W53",-0.1513
"W54",-1.2194
"W55",-0.5435
"W56",0.8886
"W57",-0.351
"W58",-0.1153
"W59",0.7232
"W60",1.1187
