"id_rt","wilayah","lama_sekolah","umur_krt","anggota_rt","pengeluaran"
"RT0001","W01",11.2,62,5,10.286
"RT0002","W01",8.9,36,3,9.101
"RT0003","W01",2.2,41,2,7.441
"RT0004","W01",4.6,27,3,8.555
"RT0005","W01",8.9,45,5,9.497
"RT0006","W01",0.4,60,2,8.522
"RT0007","W01",7.5,55,3,10.468
"RT0008","W01",13.8,57,4,9.269
"RT0009","W01",4,36,6,9.205
"RT0010","W01",9.3,31,5,9.403
"RT0011","W01",0.1,41,4,7.365
"RT0012","W01",11.1,50,7,10.864
"RT0013","W01",3.7,34,6,9.099
"RT0014","W01",13.6,40,3,7.625
"RT0015","W01",2.5,38,5,8.424
"RT0016","W01",5.7,22,3,8.245
"RT0017","W01",8.7,27,4,10.052
"RT0018","W01",0,66,5,8.949
"RT0019","W01",5.1,59,3,10.005
"RT0020","W01",0.3,34,4,6.616
"RT0021","W02",5.5,57,1,10.782
"RT0022","W02",5.5,36,3,9.933
"RT0023","W02",3.7,31,4,9.779
"RT0024","W02",1,30,6,9.159
"RT0025","W02",6.6,68,1,10.922
"RT0026","W02",3,36,5,9.878
"RT0027","W02",6.6,40,1,9.921
"RT0028","W02",2.2,68,3,10.078
"RT0029","W02",0.1,39,1,7.498
"RT0030","W02",9.6,41,5,9.967
"RT0031","W02",14.6,23,5,8.865
"RT0032","W02",2.8,65,3,10.023
"RT0033","W02",11.7,46,3,10.725
"RT0034","W02",0.3,49,2,9.958
"RT0035","W02",9.4,29,4,10.681
"RT0036","W02",6.8,32,5,10.256
"RT0037","W02",3.4,52,5,11.411
"RT0038","W02",7.6,59,3,11.668
"RT0039","W02",12.1,49,3,12.001
"RT0040","W02",7.1,20,2,9.154
"RT0041","W03",5.9,60,7,12.82
"RT0042","W03",14,66,4,11.274
"RT0043","W03",7,33,5,10.708
"RT0044","W03",7,31,5,11.081
"RT0045","W03",1.3,22,3,8.657
"RT0046","W03",0.6,27,3,8.78
"RT0047","W03",14.9,53,6,11.808
"RT0048","W03",4.7,40,2,9.979
"RT0049","W03",8.3,54,6,12.919
"RT0050","W03",3.8,37,1,9.45
"RT0051","W03",15.5,65,3,9.857
"RT0052","W03",10.1,42,4,9.567
"RT0053","W03",15.3,42,2,8.83
"RT0054","W03",14.2,65,2,10.102
"RT0055","W03",8.4,55,3,10.802
"RT0056","W03",11.5,29,3,10.088
"RT0057","W03",11.9,54,3,11.041
"RT0058","W03",0.7,27,5,9.418
"RT0059","W03",15.3,36,4,8.989
"RT0060","W03",3.2,57,4,11.614
"RT0061","W04",4.8,23,3,9.982
"RT0062","W04",14.3,69,2,9.271
"RT0063","W04",9.1,32,4,10.415
"RT0064","W04",7.3,23,5,10.283
"RT0065","W04",6.4,48,6,11.705
"RT0066","W04",1.3,51,4,9.794
"RT0067","W04",10.1,48,2,10.689
"RT0068","W04",7.4,70,5,11.541
"RT0069","W04",9.2,24,3,9.156
"RT0070","W04",10.6,35,3,9.32
"RT0071","W04",14,43,7,9.869
"RT0072","W04",6.1,57,4,11.31
"RT0073","W04",11.6,27,2,8.758
"RT0074","W04",13.7,42,2,8.717
"RT0075","W04",3,59,2,9.776
"RT0076","W04",10.1,58,4,11.095
"RT0077","W04",11.5,47,3,11.038
"RT0078","W04",8.7,29,2,9.34
"RT0079","W04",3.3,35,1,8.618
"RT0080","W04",14.4,35,5,8.418
"RT0081","W05",2,56,5,12.825
"RT0082","W05",15.2,48,6,13.431
"RT0083","W05",12.5,30,3,11.578
"RT0084","W05",15.4,35,4,11.275
"RT0085","W05",1.8,64,6,12.801
"RT0086","W05",15.6,53,1,11.051
"RT0087","W05",9.9,31,4,12.452
"RT0088","W05",14.8,49,4,13.031
"RT0089","W05",3.2,22,4,11.369
"RT0090","W05",3.4,59,2,12.585
"RT0091","W05",14.8,29,1,10.754
"RT0092","W05",11.6,62,1,13.146
"RT0093","W05",12.2,38,6,12.383
"RT0094","W05",4.6,42,5,12.389
"RT0095","W05",5.5,41,6,13.257
"RT0096","W05",5.5,68,2,14.304
"RT0097","W05",12.6,31,2,11.412
"RT0098","W05",5.8,41,1,11.953
"RT0099","W05",10.6,37,5,12.694
"RT0100","W05",6,38,3,12.474
"RT0101","W06",1.9,50,4,11.704
"RT0102","W06",13.3,23,6,10.753
"RT0103","W06",6.7,50,3,12.561
"RT0104","W06",1.3,52,2,10.951
"RT0105","W06",2.8,47,3,12.155
"RT0106","W06",2.9,58,4,12.336
"RT0107","W06",10.8,29,6,10.556
"RT0108","W06",9.7,26,4,10.777
"RT0109","W06",4.2,49,3,13.169
"RT0110","W06",9.4,65,1,12.277
"RT0111","W06",6.5,66,2,11.173
"RT0112","W06",13.9,50,3,11.393
"RT0113","W06",1.7,30,2,9.231
"RT0114","W06",5.2,25,2,11.097
"RT0115","W06",2.7,69,3,11.153
"RT0116","W06",0.8,23,6,9.795
"RT0117","W06",8.9,60,4,13.436
"RT0118","W06",2.3,65,5,11.479
"RT0119","W06",2.5,25,3,9.608
"RT0120","W06",12.5,55,8,12.403
"RT0121","W07",7.1,28,3,9.263
"RT0122","W07",2.1,49,4,9.649
"RT0123","W07",9.1,39,4,10.182
"RT0124","W07",12.4,31,6,9.565
"RT0125","W07",6.7,45,3,10.208
"RT0126","W07",1,60,4,9.69
"RT0127","W07",6.2,29,1,9.153
"RT0128","W07",7.4,30,3,9.376
"RT0129","W07",0.7,33,4,8.509
"RT0130","W07",6.6,58,4,12.221
"RT0131","W07",6.3,52,3,11.283
"RT0132","W07",10.3,29,6,10.703
"RT0133","W07",0.6,50,7,10.469
"RT0134","W07",1.5,44,3,8.337
"RT0135","W07",14,31,5,8.619
"RT0136","W07",0.1,49,5,9.317
"RT0137","W07",2.5,36,4,8.153
"RT0138","W07",8.1,53,4,11.044
"RT0139","W07",8.9,29,4,10.284
"RT0140","W07",5.4,63,2,11.011
"RT0141","W08",11.2,20,8,11.103
"RT0142","W08",4.6,29,5,10.288
"RT0143","W08",8,34,1,9.676
"RT0144","W08",10.3,42,1,9.022
"RT0145","W08",14.6,33,3,8.369
"RT0146","W08",1.2,59,3,10.404
"RT0147","W08",3.2,43,4,9.404
"RT0148","W08",10.2,32,3,10.064
"RT0149","W08",10.7,28,4,9.857
"RT0150","W08",0.9,39,3,7.754
"RT0151","W08",2.6,54,4,11.392
"RT0152","W08",0.8,46,2,9.649
"RT0153","W08",15.7,24,4,8.371
"RT0154","W08",8.6,64,2,11.582
"RT0155","W08",12.1,67,3,12.077
"RT0156","W08",11.8,29,3,9.621
"RT0157","W08",5.9,26,1,10.178
"RT0158","W08",11.2,35,2,9.932
"RT0159","W08",12.5,53,3,10.65
"RT0160","W08",0.4,26,1,8.112
"RT0161","W09",2,69,4,10.044
"RT0162","W09",8.1,47,4,11.616
"RT0163","W09",14.9,32,4,8.457
"RT0164","W09",1.8,58,2,9.196
"RT0165","W09",2,38,4,7.715
"RT0166","W09",6.1,27,5,10.026
"RT0167","W09",1,32,3,7.962
"RT0168","W09",7.2,33,5,9.642
"RT0169","W09",7.6,47,4,11.484
"RT0170","W09",1.6,61,4,9.698
"RT0171","W09",12.8,55,7,11.911
"RT0172","W09",11.6,68,7,11.542
"RT0173","W09",7.9,23,3,9.247
"RT0174","W09",12.5,46,4,11.11
"RT0175","W09",3.6,28,6,8.372
"RT0176","W09",9.1,34,3,9.315
"RT0177","W09",14.1,24,3,8.599
"RT0178","W09",15,59,6,10.105
"RT0179","W09",15.9,53,5,9.493
"RT0180","W09",8.4,36,2,9.508
"RT0181","W10",0.4,52,4,9.432
"RT0182","W10",4.3,29,2,9.178
"RT0183","W10",14.9,32,4,8.637
"RT0184","W10",10.1,66,3,11.323
"RT0185","W10",5.1,28,3,10.32
"RT0186","W10",4.2,21,4,9.629
"RT0187","W10",13.4,23,3,9.058
"RT0188","W10",2.3,50,1,9.647
"RT0189","W10",0.5,58,5,9.547
"RT0190","W10",6.6,48,6,13.262
"RT0191","W10",6.4,31,5,10.882
"RT0192","W10",1.6,58,4,10.396
"RT0193","W10",2.7,58,6,11.666
"RT0194","W10",14.6,36,7,9.737
"RT0195","W10",5,69,4,11.38
"RT0196","W10",4.9,67,8,12.1
"RT0197","W10",2.3,66,6,11.071
"RT0198","W10",8.8,69,7,11.914
"RT0199","W10",10.3,30,2,8.88
"RT0200","W10",3.1,45,4,8.733
"RT0201","W11",14.2,64,4,12.081
"RT0202","W11",10.1,64,4,13.581
"RT0203","W11",5,33,4,11.45
"RT0204","W11",15.4,39,6,11.527
"RT0205","W11",6.6,51,7,14.189
"RT0206","W11",12,38,4,11.34
"RT0207","W11",2.1,48,5,12.922
"RT0208","W11",15.5,33,7,11.215
"RT0209","W11",13.4,55,3,11.992
"RT0210","W11",9.2,32,3,12.57
"RT0211","W11",11.4,45,5,12.151
"RT0212","W11",2.4,61,6,13.753
"RT0213","W11",0.9,51,4,12.443
"RT0214","W11",1.2,53,6,13.191
"RT0215","W11",14.9,57,3,11.437
"RT0216","W11",8.9,49,5,13.667
"RT0217","W11",1.9,21,2,10.39
"RT0218","W11",2.3,58,6,12.435
"RT0219","W11",2.3,40,3,11.169
"RT0220","W11",5.6,23,6,12.754
"RT0221","W12",1.1,52,3,9.54
"RT0222","W12",10.1,28,4,8.899
"RT0223","W12",1.9,49,4,9.839
"RT0224","W12",11.9,35,4,9.586
"RT0225","W12",5.8,48,1,10.115
"RT0226","W12",13.9,35,5,8.862
"RT0227","W12",11.2,68,2,10.536
"RT0228","W12",2.1,58,2,10.234
"RT0229","W12",3.8,42,4,9.223
"RT0230","W12",2.9,66,1,9.493
"RT0231","W12",6.7,47,3,11.23
"RT0232","W12",3.3,56,4,10.094
"RT0233","W12",6.2,43,4,8.402
"RT0234","W12",7.9,49,7,12.069
"RT0235","W12",14.1,70,5,9.923
"RT0236","W12",11.5,51,5,10.753
"RT0237","W12",15.8,33,5,8.88
"RT0238","W12",1.1,32,3,8.314
"RT0239","W12",2.3,63,3,10.415
"RT0240","W12",14.3,62,2,10.301
"RT0241","W13",15.5,64,4,10.928
"RT0242","W13",8.6,65,5,13.458
"RT0243","W13",15.7,31,4,10.377
"RT0244","W13",13.1,32,6,11.482
"RT0245","W13",9.5,65,3,12.654
"RT0246","W13",8.3,53,4,13.203
"RT0247","W13",13,56,4,11.741
"RT0248","W13",5.1,40,4,11.889
"RT0249","W13",0.7,62,6,12.425
"RT0250","W13",1.2,24,4,9.853
"RT0251","W13",10.9,22,3,11.904
"RT0252","W13",5.9,36,4,12.223
"RT0253","W13",4.7,31,4,10.592
"RT0254","W13",11.2,65,4,13.723
"RT0255","W13",6.9,37,6,12.061
"RT0256","W13",2.7,20,1,10.691
"RT0257","W13",11.4,49,2,11.445
"RT0258","W13",14.5,50,2,11.323
"RT0259","W13",13.6,44,4,10.713
"RT0260","W13",10.3,69,1,12.107
"RT0261","W14",7.7,42,3,10.678
"RT0262","W14",9.4,32,3,9.914
"RT0263","W14",15.9,56,4,10.077
"RT0264","W14",4.1,35,3,9.367
"RT0265","W14",11.6,61,1,11.043
"RT0266","W14",3.3,23,3,9.555
"RT0267","W14",6.7,68,7,12.848
"RT0268","W14",9.5,27,1,10.211
"RT0269","W14",10.7,56,5,11.924
"RT0270","W14",12,64,4,11.454
"RT0271","W14",7.4,26,6,11.164
"RT0272","W14",7.6,42,5,10.82
"RT0273","W14",2.2,24,1,9.218
"RT0274","W14",3.6,39,5,10.731
"RT0275","W14",11.1,65,3,12.56
"RT0276","W14",9.4,44,3,10.208
"RT0277","W14",13.3,37,2,10.061
"RT0278","W14",11.3,31,3,10.127
"RT0279","W14",10.4,52,3,10.734
"RT0280","W14",0.4,24,3,7.877
"RT0281","W15",10.3,53,3,9.478
"RT0282","W15",12.2,39,3,7.553
"RT0283","W15",9,57,2,10.096
"RT0284","W15",10.4,49,2,10.626
"RT0285","W15",12.8,37,3,8.082
"RT0286","W15",8.5,54,4,10.334
"RT0287","W15",1.6,39,6,7.767
"RT0288","W15",1.1,68,6,10.171
"RT0289","W15",14,53,3,8.757
"RT0290","W15",12.3,25,6,9.252
"RT0291","W15",2.9,31,4,7.489
"RT0292","W15",14.1,41,6,7.974
"RT0293","W15",10.1,41,2,7.631
"RT0294","W15",13.9,32,4,7.532
"RT0295","W15",12.5,34,6,9.365
"RT0296","W15",10.3,63,5,10.396
"RT0297","W15",9.5,27,4,9.262
"RT0298","W15",8.1,51,4,9.647
"RT0299","W15",1,48,4,8.75
"RT0300","W15",6.9,70,2,9.949
"RT0301","W16",8.2,54,5,11.468
"RT0302","W16",8.1,46,6,12.334
"RT0303","W16",10.1,47,5,11.096
"RT0304","W16",5.5,23,5,10.235
"RT0305","W16",13.4,52,3,10.41
"RT0306","W16",1.7,32,2,8.551
"RT0307","W16",11.1,43,7,10.985
"RT0308","W16",4.5,27,4,10.083
"RT0309","W16",11.5,42,4,10.211
"RT0310","W16",13.2,47,4,10.746
"RT0311","W16",14,23,4,8.265
"RT0312","W16",11.9,69,6,11.996
"RT0313","W16",3.8,64,3,11.518
"RT0314","W16",12.5,26,3,9.281
"RT0315","W16",4.3,66,5,10.965
"RT0316","W16",13.4,29,6,9.665
"RT0317","W16",7.9,60,4,11.306
"RT0318","W16",7.1,50,5,11.867
"RT0319","W16",10.1,56,6,12.008
"RT0320","W16",9.8,41,3,8.679
"RT0321","W17",14.7,47,3,9.608
"RT0322","W17",7.1,30,4,9.291
"RT0323","W17",3.1,37,4,8.455
"RT0324","W17",15.2,49,4,8.572
"RT0325","W17",3.1,49,4,9.222
"RT0326","W17",10.9,58,3,10.491
"RT0327","W17",12.5,35,4,7.537
"RT0328","W17",10.2,70,4,10.911
"RT0329","W17",5.5,58,2,8.809
"RT0330","W17",12,54,4,10.155
"RT0331","W17",6.6,53,4,9.905
"RT0332","W17",11.3,44,1,7.399
"RT0333","W17",11.6,45,5,8.344
"RT0334","W17",13.8,46,4,9.453
"RT0335","W17",4.3,40,4,9.176
"RT0336","W17",13.5,23,3,7.819
"RT0337","W17",3.8,51,5,10.695
"RT0338","W17",8.7,29,4,9.233
"RT0339","W17",6.4,58,5,9.424
"RT0340","W17",9.7,69,3,10.249
"RT0341","W18",5.6,66,1,13.452
"RT0342","W18",8.7,33,2,13.3
"RT0343","W18",3.9,24,3,11.769
"RT0344","W18",1.5,56,7,13.714
"RT0345","W18",13,34,6,12.793
"RT0346","W18",1,45,4,12.14
"RT0347","W18",5,68,4,14.301
"RT0348","W18",4.9,34,5,13.686
"RT0349","W18",8.4,42,5,13.896
"RT0350","W18",4.7,40,5,13.438
"RT0351","W18",8.9,67,5,13.784
"RT0352","W18",15.8,66,3,12.485
"RT0353","W18",0.5,31,1,10.75
"RT0354","W18",0.7,41,2,11.625
"RT0355","W18",10.2,64,4,14.672
"RT0356","W18",14.4,60,3,13.325
"RT0357","W18",14.9,30,6,12.595
"RT0358","W18",0.8,61,1,12.544
"RT0359","W18",7.9,30,3,12.556
"RT0360","W18",12,27,6,12.36
"RT0361","W19",3.5,51,5,11.938
"RT0362","W19",4.2,42,5,10.142
"RT0363","W19",14.5,40,5,9.404
"RT0364","W19",2.6,60,4,11.838
"RT0365","W19",9.6,27,5,11.492
"RT0366","W19",3.6,30,7,10.839
"RT0367","W19",13.5,27,3,10.152
"RT0368","W19",14.9,26,2,8.877
"RT0369","W19",9.4,51,5,13.402
"RT0370","W19",14.6,57,5,11.077
"RT0371","W19",11.7,27,2,10.55
"RT0372","W19",8.8,33,5,11.068
"RT0373","W19",14.8,62,3,10.9
"RT0374","W19",7.9,69,4,12.032
"RT0375","W19",11.9,65,3,11.567
"RT0376","W19",2.1,20,3,10.682
"RT0377","W19",10.3,26,7,11.598
"RT0378","W19",1.3,51,4,10.812
"RT0379","W19",4,22,4,10.565
"RT0380","W19",3.1,66,4,12.56
"RT0381","W20",11.5,21,3,10.749
"RT0382","W20",14.4,65,3,10.971
"RT0383","W20",5.4,59,2,13.014
"RT0384","W20",8.5,60,1,11.947
"RT0385","W20",15.8,27,5,9.865
"RT0386","W20",11,66,4,11.774
"RT0387","W20",10.1,62,1,12.233
"RT0388","W20",3.6,32,5,10.74
"RT0389","W20",3.4,41,2,9.9
"RT0390","W20",8.3,30,5,12.165
"RT0391","W20",15.2,25,2,9.184
"RT0392","W20",12.4,52,1,11.767
"RT0393","W20",5.2,30,6,11.585
"RT0394","W20",0.4,28,5,9.244
"RT0395","W20",0.9,46,4,10.314
"RT0396","W20",10.8,59,3,12.26
"RT0397","W20",2.4,69,5,11.492
"RT0398","W20",12.7,29,4,10.529
"RT0399","W20",8.3,52,2,12.325
"RT0400","W20",0.4,56,4,10.286
"RT0401","W21",5.3,23,7,11.315
"RT0402","W21",6.5,65,4,11.966
"RT0403","W21",10.8,35,4,11.686
"RT0404","W21",2.4,32,4,10.407
"RT0405","W21",6.5,26,4,10.816
"RT0406","W21",1.4,57,4,11.739
"RT0407","W21",0.5,27,6,10.094
"RT0408","W21",7.2,36,7,11.666
"RT0409","W21",6.2,59,6,12.738
"RT0410","W21",12,30,4,10.007
"RT0411","W21",15.4,37,3,9.22
"RT0412","W21",7.8,41,6,11.369
"RT0413","W21",5.3,63,4,12.373
"RT0414","W21",10.7,63,5,13.05
"RT0415","W21",4.4,50,4,12.601
"RT0416","W21",3.5,41,4,10.382
"RT0417","W21",7.2,46,1,11.745
"RT0418","W21",4.4,65,3,12.535
"RT0419","W21",15.2,68,4,10.506
"RT0420","W21",6.3,68,5,11.675
"RT0421","W22",3.1,35,3,9.9
"RT0422","W22",0.8,20,2,8.346
"RT0423","W22",12.5,51,2,11.33
"RT0424","W22",6.8,43,4,11.302
"RT0425","W22",4.3,70,3,12.645
"RT0426","W22",4.7,47,4,12.484
"RT0427","W22",5.9,38,5,11.566
"RT0428","W22",5.8,33,3,11.419
"RT0429","W22",5.8,68,7,13.004
"RT0430","W22",12.4,68,5,12.882
"RT0431","W22",12.5,23,3,10.345
"RT0432","W22",5.7,66,1,12.107
"RT0433","W22",11.7,50,5,12.529
"RT0434","W22",5.2,26,6,11.136
"RT0435","W22",13.7,35,3,10.351
"RT0436","W22",7.3,42,3,10.845
"RT0437","W22",13.7,23,2,9.847
"RT0438","W22",6.2,69,5,12.899
"RT0439","W22",15.8,33,3,8.683
"RT0440","W22",4.2,63,7,11.861
"RT0441","W23",8.4,69,2,11.41
"RT0442","W23",4.7,50,5,12.091
"RT0443","W23",0.1,41,3,8.288
"RT0444","W23",3.3,60,3,10.682
"RT0445","W23",4.7,34,8,10.466
"RT0446","W23",10.2,56,6,12.48
"RT0447","W23",3.5,63,7,12.205
"RT0448","W23",8.9,46,4,12.775
"RT0449","W23",6.1,32,3,10.326
"RT0450","W23",0.4,28,4,9.541
"RT0451","W23",14,50,3,10.677
"RT0452","W23",8.4,53,5,12.16
"RT0453","W23",4.6,51,4,11.879
"RT0454","W23",11.4,37,2,9.691
"RT0455","W23",3.4,37,4,9.843
"RT0456","W23",7.4,45,5,10.216
"RT0457","W23",11,38,4,10.138
"RT0458","W23",11.4,62,3,10.693
"RT0459","W23",12.1,68,2,10.811
"RT0460","W23",13.3,69,6,12.12
"RT0461","W24",6.5,42,4,8.604
"RT0462","W24",13.7,28,4,9.038
"RT0463","W24",10.6,69,3,11.353
"RT0464","W24",0.5,54,1,8.863
"RT0465","W24",11.1,41,7,10.229
"RT0466","W24",7,55,3,12.64
"RT0467","W24",10.3,40,2,10.185
"RT0468","W24",3,28,5,9.327
"RT0469","W24",4.5,34,4,10.174
"RT0470","W24",8.4,33,5,10.508
"RT0471","W24",12.3,20,4,9.343
"RT0472","W24",6.2,25,6,11.161
"RT0473","W24",0.2,21,4,8.958
"RT0474","W24",5.6,33,5,10.035
"RT0475","W24",11.7,43,4,11.123
"RT0476","W24",14.2,36,4,8.674
"RT0477","W24",10.5,31,7,11.466
"RT0478","W24",0.6,35,3,8.51
"RT0479","W24",15.7,67,2,9.433
"RT0480","W24",12.7,31,5,9.923
"RT0481","W25",9.7,52,4,12.028
"RT0482","W25",8.3,56,4,12.064
"RT0483","W25",8.7,35,2,9.425
"RT0484","W25",7,26,6,10.87
"RT0485","W25",14.1,62,2,9.63
"RT0486","W25",13.9,22,4,9.214
"RT0487","W25",12.3,32,4,9.201
"RT0488","W25",9.2,45,4,10.682
"RT0489","W25",8,48,3,10.284
"RT0490","W25",11.6,63,2,11.13
"RT0491","W25",7.9,57,5,11.789
"RT0492","W25",9.6,23,6,10.879
"RT0493","W25",8.9,46,2,11.821
"RT0494","W25",11.6,68,6,12.004
"RT0495","W25",2.3,40,6,10.371
"RT0496","W25",5.4,44,7,10.769
"RT0497","W25",14.3,40,2,7.131
"RT0498","W25",14.3,59,5,10.07
"RT0499","W25",4.7,38,5,10.318
"RT0500","W25",14.7,41,4,8.174
"RT0501","W26",6.1,66,8,13.356
"RT0502","W26",11.2,23,4,10.146
"RT0503","W26",12.1,45,5,10.658
"RT0504","W26",2.8,49,6,11.83
"RT0505","W26",5.5,29,4,10.525
"RT0506","W26",1,42,4,9.487
"RT0507","W26",7.3,35,4,11.507
"RT0508","W26",10.6,21,3,10.064
"RT0509","W26",15,28,3,8.329
"RT0510","W26",9.5,66,5,13.027
"RT0511","W26",4.2,53,6,11.551
"RT0512","W26",8.2,59,7,13.202
"RT0513","W26",6.6,39,4,11.099
"RT0514","W26",7.4,46,4,12.392
"RT0515","W26",14.9,51,4,11.647
"RT0516","W26",4.8,70,5,12.102
"RT0517","W26",5.9,51,3,12.448
"RT0518","W26",12.8,27,4,10.684
"RT0519","W26",4.6,20,2,9.838
"RT0520","W26",9.4,21,3,10.751
"RT0521","W27",9.6,29,6,10.891
"RT0522","W27",15.9,40,4,9.54
"RT0523","W27",11.7,69,3,11.982
"RT0524","W27",12.6,53,3,10.528
"RT0525","W27",4.1,49,4,11.881
"RT0526","W27",11.9,45,2,10.074
"RT0527","W27",7.1,42,8,12.298
"RT0528","W27",4.2,35,2,9.867
"RT0529","W27",7.2,55,2,11.3
"RT0530","W27",7,29,5,11.037
"RT0531","W27",2.7,56,5,12.55
"RT0532","W27",3.9,23,5,10.001
"RT0533","W27",8.1,25,2,9.874
"RT0534","W27",1.1,41,3,8.853
"RT0535","W27",15.3,45,4,7.96
"RT0536","W27",2.7,68,7,11.497
"RT0537","W27",13,58,5,10.874
"RT0538","W27",6.2,45,3,11.067
"RT0539","W27",3.7,50,2,11.695
"RT0540","W27",2.5,60,4,10.756
"RT0541","W28",10.2,40,4,9.909
"RT0542","W28",12.3,54,6,10.997
"RT0543","W28",6.4,41,3,9.537
"RT0544","W28",13.3,66,3,10.871
"RT0545","W28",7,27,2,8.322
"RT0546","W28",3.9,31,2,8.588
"RT0547","W28",12.9,39,4,9.163
"RT0548","W28",4.7,22,5,8.7
"RT0549","W28",11.6,53,1,10.157
"RT0550","W28",0.7,41,2,8.077
"RT0551","W28",13.2,33,3,8.552
"RT0552","W28",1.8,56,5,10.325
"RT0553","W28",10.8,46,3,10.819
"RT0554","W28",0.6,23,3,7.951
"RT0555","W28",3.4,50,4,10.896
"RT0556","W28",5.8,54,6,11.59
"RT0557","W28",5,61,7,10.778
"RT0558","W28",14.5,60,2,10.18
"RT0559","W28",1.8,23,3,7.904
"RT0560","W28",5.1,68,5,11.033
"RT0561","W29",11.7,48,5,12.191
"RT0562","W29",13,61,3,11.647
"RT0563","W29",14.6,62,3,10.909
"RT0564","W29",6.3,58,2,12.262
"RT0565","W29",0.8,51,4,10.752
"RT0566","W29",6.2,67,3,12.329
"RT0567","W29",8.5,22,2,10.801
"RT0568","W29",9.6,45,5,11.702
"RT0569","W29",11.1,43,5,10.788
"RT0570","W29",0.6,48,4,11.051
"RT0571","W29",6.6,65,5,13.07
"RT0572","W29",11.8,56,1,11.374
"RT0573","W29",3.3,28,3,10.001
"RT0574","W29",1,31,2,9.599
"RT0575","W29",2.5,48,6,12.259
"RT0576","W29",1.4,38,3,8.101
"RT0577","W29",14.4,32,2,9.208
"RT0578","W29",7.9,68,3,12.206
"RT0579","W29",6.7,63,2,12.213
"RT0580","W29",9.9,30,5,11.476
"RT0581","W30",14.1,64,2,9.333
"RT0582","W30",10.6,33,3,9.26
"RT0583","W30",4.1,51,1,9.049
"RT0584","W30",2.6,61,2,8.597
"RT0585","W30",14.4,55,6,9.951
"RT0586","W30",0.8,54,4,9.074
"RT0587","W30",11.3,43,3,9.115
"RT0588","W30",12.1,46,6,11.421
"RT0589","W30",8.2,69,2,10.344
"RT0590","W30",8.3,58,5,10.282
"RT0591","W30",14,62,5,10.592
"RT0592","W30",4.5,47,1,9.909
"RT0593","W30",5.7,25,7,9.863
"RT0594","W30",6.3,36,2,9.142
"RT0595","W30",5.7,24,4,9.218
"RT0596","W30",1,33,5,9.239
"RT0597","W30",8,45,5,9.365
"RT0598","W30",15.7,21,4,7.578
"RT0599","W30",7.4,38,4,8.833
"RT0600","W30",15,68,4,8.578
"RT0601","W31",7.1,50,4,13.134
"RT0602","W31",9.9,30,7,12.556
"RT0603","W31",6.8,37,3,11.351
"RT0604","W31",11.2,29,3,9.955
"RT0605","W31",3.1,34,4,10.642
"RT0606","W31",2.8,28,2,9.342
"RT0607","W31",13.3,62,5,12.254
"RT0608","W31",10,69,1,10.808
"RT0609","W31",3.2,61,2,12.075
"RT0610","W31",13.8,60,5,12.817
"RT0611","W31",3.6,58,5,12.419
"RT0612","W31",8.3,46,5,13.702
"RT0613","W31",3.1,44,5,10.31
"RT0614","W31",10.3,43,5,11.242
"RT0615","W31",15.2,60,2,11.004
"RT0616","W31",9.8,24,3,10.938
"RT0617","W31",11.4,23,3,9.973
"RT0618","W31",9.6,36,2,10.606
"RT0619","W31",11.6,24,4,10.622
"RT0620","W31",0.1,67,7,11.354
"RT0621","W32",0.4,64,6,11.457
"RT0622","W32",8.2,40,2,11.174
"RT0623","W32",5.6,36,3,10.561
"RT0624","W32",10.8,62,4,12.303
"RT0625","W32",14,51,2,11.032
"RT0626","W32",5.6,59,5,12.454
"RT0627","W32",14.7,68,2,11.529
"RT0628","W32",14.3,27,6,10.218
"RT0629","W32",0.4,37,3,8.983
"RT0630","W32",15.3,62,5,11.784
"RT0631","W32",0.2,27,2,7.372
"RT0632","W32",7.3,64,3,12.381
"RT0633","W32",1.4,20,4,9.266
"RT0634","W32",14,55,5,11.161
"RT0635","W32",1.4,41,2,8.888
"RT0636","W32",12.1,30,3,11.309
"RT0637","W32",12.3,41,1,9.717
"RT0638","W32",10.2,24,3,10.317
"RT0639","W32",10.8,62,7,12.269
"RT0640","W32",8.5,30,1,11.17
"RT0641","W33",15.4,35,3,9.593
"RT0642","W33",10.6,31,6,12.539
"RT0643","W33",9.2,39,3,12.177
"RT0644","W33",8.1,43,6,12.946
"RT0645","W33",5.8,42,6,12.072
"RT0646","W33",14.9,56,4,11.591
"RT0647","W33",15.1,52,3,11.137
"RT0648","W33",8.1,63,1,12.998
"RT0649","W33",12.5,57,2,12.5
"RT0650","W33",5.5,34,2,11.26
"RT0651","W33",12.1,32,3,10.587
"RT0652","W33",10.9,55,3,12.265
"RT0653","W33",13.7,51,3,12.789
"RT0654","W33",0.1,64,1,10.86
"RT0655","W33",6.6,52,5,13.822
"RT0656","W33",0.5,28,6,11.228
"RT0657","W33",10.3,46,3,13.374
"RT0658","W33",8.6,31,6,12.106
"RT0659","W33",13.8,66,3,11.584
"RT0660","W33",15.7,58,4,10.906
"RT0661","W34",0.4,22,3,8.387
"RT0662","W34",5.6,35,4,10.849
"RT0663","W34",8.1,57,2,12.165
"RT0664","W34",2.9,63,5,11.33
"RT0665","W34",3.1,65,7,13.147
"RT0666","W34",6.5,34,3,10.862
"RT0667","W34",2.9,25,3,11.003
"RT0668","W34",14.6,29,4,9.941
"RT0669","W34",3.5,48,4,11.722
"RT0670","W34",12.4,43,4,10.791
"RT0671","W34",10.3,28,4,10.99
"RT0672","W34",13.3,66,7,12.516
"RT0673","W34",7.9,38,5,11.913
"RT0674","W34",7.7,65,2,12.778
"RT0675","W34",2.1,46,5,11.592
"RT0676","W34",12.4,63,3,11.593
"RT0677","W34",11.5,42,4,10.79
"RT0678","W34",14.5,34,7,10.038
"RT0679","W34",11,69,5,13.179
"RT0680","W34",15.9,26,3,9.239
"RT0681","W35",10.9,43,5,11.057
"RT0682","W35",2.5,63,5,12.199
"RT0683","W35",10.3,24,5,11.746
"RT0684","W35",6.2,38,2,11.582
"RT0685","W35",14.2,31,3,10.573
"RT0686","W35",7.2,44,2,11.783
"RT0687","W35",4,39,4,11.825
"RT0688","W35",4.9,65,2,12.443
"RT0689","W35",4.4,36,1,10.422
"RT0690","W35",2.1,63,5,12.123
"RT0691","W35",12.3,57,1,11.618
"RT0692","W35",6.1,60,5,14.005
"RT0693","W35",11.6,32,5,12.508
"RT0694","W35",4.9,64,3,13.168
"RT0695","W35",13.9,55,7,13.067
"RT0696","W35",11.4,45,4,12.284
"RT0697","W35",7.9,39,6,12.071
"RT0698","W35",2.5,65,3,11.103
"RT0699","W35",11.6,26,4,10.075
"RT0700","W35",5.3,31,2,10.668
"RT0701","W36",13.9,44,6,11.804
"RT0702","W36",7.8,50,2,13.554
"RT0703","W36",3.8,33,4,11.909
"RT0704","W36",3.3,55,5,13.509
"RT0705","W36",15.4,45,3,10.118
"RT0706","W36",7.8,47,4,14.815
"RT0707","W36",3.7,67,2,12.771
"RT0708","W36",10.7,61,1,13.073
"RT0709","W36",0.8,43,1,9.841
"RT0710","W36",7.1,60,7,13.829
"RT0711","W36",7.2,42,4,12.823
"RT0712","W36",11.5,38,3,12.384
"RT0713","W36",9.3,24,5,12.582
"RT0714","W36",1.9,55,1,12.961
"RT0715","W36",4,49,1,13.154
"RT0716","W36",14.7,48,2,11.329
"RT0717","W36",2.5,41,5,12.514
"RT0718","W36",5.5,63,4,15.041
"RT0719","W36",4,67,4,13.227
"RT0720","W36",11,42,5,12.147
"RT0721","W37",13.9,21,6,10.716
"RT0722","W37",7.5,37,4,11.504
"RT0723","W37",0.3,30,2,8.866
"RT0724","W37",9.1,53,5,13.001
"RT0725","W37",0.3,35,6,9.883
"RT0726","W37",13.5,23,3,10.371
"RT0727","W37",1.6,46,5,12.027
"RT0728","W37",3.4,63,4,12.284
"RT0729","W37",13.7,33,1,9.647
"RT0730","W37",5.2,52,6,13.06
"RT0731","W37",13,49,5,12.362
"RT0732","W37",4.9,42,5,11.97
"RT0733","W37",3.2,70,5,12.865
"RT0734","W37",2,54,4,11.098
"RT0735","W37",8.3,37,5,12.041
"RT0736","W37",12.1,31,3,9.983
"RT0737","W37",11.7,47,8,13.163
"RT0738","W37",0.9,40,2,9.763
"RT0739","W37",11,31,6,11.66
"RT0740","W37",10.4,34,2,11.19
"RT0741","W38",11.2,63,4,13.006
"RT0742","W38",2.6,53,3,12.27
"RT0743","W38",9.3,25,3,10.391
"RT0744","W38",2.5,40,2,10.545
"RT0745","W38",10,37,6,12.566
"RT0746","W38",8.3,20,6,13.257
"RT0747","W38",1.2,50,3,13.004
"RT0748","W38",15.1,40,5,10.675
"RT0749","W38",15.7,60,4,11.278
"RT0750","W38",13.9,28,5,11.168
"RT0751","W38",6.8,50,4,12.882
"RT0752","W38",2.6,33,2,10.594
"RT0753","W38",11,57,2,12.649
"RT0754","W38",9.1,23,1,11.579
"RT0755","W38",1.4,24,3,10.237
"RT0756","W38",8.3,40,5,12.459
"RT0757","W38",5.7,34,5,12.844
"RT0758","W38",1.2,68,6,12.405
"RT0759","W38",12.4,43,3,10.886
"RT0760","W38",3.9,69,1,12.57
"RT0761","W39",8.9,63,3,10.945
"RT0762","W39",4.8,52,6,12.169
"RT0763","W39",9.7,45,3,9.302
"RT0764","W39",14.8,41,1,7.978
"RT0765","W39",1.5,40,4,10.232
"RT0766","W39",4.5,31,5,11.137
"RT0767","W39",11,47,7,13.21
"RT0768","W39",13.8,26,3,9.813
"RT0769","W39",4.9,27,6,11.158
"RT0770","W39",3.1,26,5,9.258
"RT0771","W39",0.8,24,5,9.729
"RT0772","W39",14.9,26,2,8.618
"RT0773","W39",11.7,53,5,11.299
"RT0774","W39",2.4,64,4,11.576
"RT0775","W39",8.1,29,5,10.978
"RT0776","W39",4,28,4,10.023
"RT0777","W39",3.7,51,7,12.705
"RT0778","W39",11.5,23,2,9.857
"RT0779","W39",9.7,25,3,9.399
"RT0780","W39",10.9,70,6,12.236
"RT0781","W40",0.5,32,4,8.019
"RT0782","W40",13.8,58,7,12.156
"RT0783","W40",15.7,46,5,11.115
"RT0784","W40",0.5,25,4,7.944
"RT0785","W40",0.1,26,2,7.862
"RT0786","W40",13.3,59,7,11.493
"RT0787","W40",10.1,42,5,10.91
"RT0788","W40",5,45,5,10.166
"RT0789","W40",6.6,50,3,11.633
"RT0790","W40",6.9,51,4,11.848
"RT0791","W40",1.9,67,6,10.232
"RT0792","W40",2.1,26,3,8.568
"RT0793","W40",10.1,33,7,10.519
"RT0794","W40",1.9,21,3,8.157
"RT0795","W40",5.5,54,5,11.689
"RT0796","W40",11.5,23,3,9.026
"RT0797","W40",15,58,7,11.544
"RT0798","W40",9.5,43,2,9.729
"RT0799","W40",2.2,70,4,10.671
"RT0800","W40",5.5,70,3,11.597
"RT0801","W41",14.5,68,4,10.546
"RT0802","W41",5.2,33,3,10.432
"RT0803","W41",11.4,61,1,11.619
"RT0804","W41",12.7,47,5,11.354
"RT0805","W41",2.3,65,3,10.343
"RT0806","W41",14.8,20,7,10.894
"RT0807","W41",6.8,38,1,9.78
"RT0808","W41",14.5,36,3,9.204
"RT0809","W41",2.9,63,3,11.562
"RT0810","W41",13,51,4,11.379
"RT0811","W41",0.4,33,1,7.378
"RT0812","W41",13.4,63,3,10.43
"RT0813","W41",15.5,57,3,9.539
"RT0814","W41",11.4,39,8,10.745
"RT0815","W41",15.1,47,5,11.676
"RT0816","W41",12.7,67,4,11.17
"RT0817","W41",8.9,35,2,9.956
"RT0818","W41",1.3,25,3,9.049
"RT0819","W41",1.2,53,4,10.003
"RT0820","W41",10,61,5,11.929
"RT0821","W42",11.1,60,5,11.233
"RT0822","W42",3.8,26,5,8.992
"RT0823","W42",2.6,57,5,10.147
"RT0824","W42",5.1,41,2,8.016
"RT0825","W42",11.6,27,1,7.792
"RT0826","W42",15.6,49,2,9.355
"RT0827","W42",12.9,23,4,8.848
"RT0828","W42",3.6,33,5,9.614
"RT0829","W42",9.2,41,1,7.56
"RT0830","W42",1.9,59,7,10.58
"RT0831","W42",7.6,26,5,10.618
"RT0832","W42",7.1,44,4,9.419
"RT0833","W42",13.7,45,3,9.191
"RT0834","W42",9.7,47,2,10.697
"RT0835","W42",13.7,45,6,9.308
"RT0836","W42",14.8,28,4,8.326
"RT0837","W42",10.6,35,5,9.979
"RT0838","W42",12.8,35,5,9.479
"RT0839","W42",7.2,22,6,9.938
"RT0840","W42",9.5,36,4,9.981
"RT0841","W43",13.2,36,7,10.397
"RT0842","W43",14,64,4,11.978
"RT0843","W43",9.3,37,5,12.066
"RT0844","W43",14,49,4,11.728
"RT0845","W43",14.8,22,4,9.112
"RT0846","W43",9.3,39,3,10.585
"RT0847","W43",1.6,56,3,10.175
"RT0848","W43",9.9,58,6,13.636
"RT0849","W43",7.5,42,3,10.758
"RT0850","W43",1.8,41,6,10.609
"RT0851","W43",13.8,46,5,11.639
"RT0852","W43",0.5,40,4,8.974
"RT0853","W43",3.9,56,4,11.746
"RT0854","W43",7.8,52,4,12.787
"RT0855","W43",0.7,64,4,10.762
"RT0856","W43",11.6,35,5,10.988
"RT0857","W43",11.4,25,3,10.244
"RT0858","W43",9.7,69,4,12.465
"RT0859","W43",4.4,70,3,12.821
"RT0860","W43",8.7,65,4,12.739
"RT0861","W44",5,33,3,10.852
"RT0862","W44",5.5,54,4,12.659
"RT0863","W44",12.5,47,3,11.956
"RT0864","W44",5.7,26,5,11.848
"RT0865","W44",15.7,55,7,11.937
"RT0866","W44",9.2,54,8,12.929
"RT0867","W44",8.3,36,3,11.475
"RT0868","W44",4.3,41,7,11.324
"RT0869","W44",13.3,63,4,12.056
"RT0870","W44",11.2,50,6,12.727
"RT0871","W44",0.3,39,4,8.948
"RT0872","W44",15.3,47,5,11.071
"RT0873","W44",8.6,41,5,11.171
"RT0874","W44",3.2,34,4,10.412
"RT0875","W44",0.7,70,7,11.711
"RT0876","W44",9.3,58,3,11.928
"RT0877","W44",0.7,46,2,10.939
"RT0878","W44",9.3,38,5,11.833
"RT0879","W44",14.7,54,4,11.175
"RT0880","W44",4.7,48,6,12.075
"RT0881","W45",12.1,21,5,8.981
"RT0882","W45",11.5,25,4,9.652
"RT0883","W45",11.5,48,4,10.759
"RT0884","W45",0.2,39,6,8.836
"RT0885","W45",4.7,45,4,9.134
"RT0886","W45",6.6,34,3,9.382
"RT0887","W45",1.6,23,5,7.942
"RT0888","W45",4.7,68,1,10.718
"RT0889","W45",10.7,40,8,10.519
"RT0890","W45",4.3,34,7,10.046
"RT0891","W45",2.1,29,1,7.028
"RT0892","W45",0.2,68,4,9.665
"RT0893","W45",15.9,29,4,7.026
"RT0894","W45",5,64,2,11.897
"RT0895","W45",8.5,44,2,9.545
"RT0896","W45",11.6,61,3,9.952
"RT0897","W45",10,47,2,10.424
"RT0898","W45",6.1,61,2,10.625
"RT0899","W45",0.9,50,6,10.181
"RT0900","W45",7.8,29,7,10.643
"RT0901","W46",11.2,66,2,11.528
"RT0902","W46",9.7,52,1,11.344
"RT0903","W46",14,35,7,10.6
"RT0904","W46",4.2,33,5,10.69
"RT0905","W46",10,45,4,10.432
"RT0906","W46",2,33,7,10.328
"RT0907","W46",8.4,49,6,12.98
"RT0908","W46",14.6,39,4,9.31
"RT0909","W46",15.1,59,3,10.181
"RT0910","W46",5.7,44,2,10.705
"RT0911","W46",12.2,26,3,10.146
"RT0912","W46",2.9,31,3,10.041
"RT0913","W46",11.8,46,6,12.706
"RT0914","W46",1.4,64,2,11.064
"RT0915","W46",13.7,48,8,12.69
"RT0916","W46",14.8,64,4,10.235
"RT0917","W46",10.1,25,2,9.543
"RT0918","W46",1,63,8,11.703
"RT0919","W46",16,25,6,9.827
"RT0920","W46",5.1,57,4,12.392
"RT0921","W47",10.2,65,3,13.15
"RT0922","W47",13.3,63,2,11.307
"RT0923","W47",13.7,59,5,11.595
"RT0924","W47",14.1,41,4,9.559
"RT0925","W47",13.1,33,4,11.253
"RT0926","W47",8.4,68,3,13.562
"RT0927","W47",12.2,50,5,12.155
"RT0928","W47",15.2,48,1,10.193
"RT0929","W47",13.7,42,7,12.182
"RT0930","W47",6.3,56,5,12.649
"RT0931","W47",10.2,31,1,10.076
"RT0932","W47",8.1,64,2,11.922
"RT0933","W47",0.4,60,3,10.247
"RT0934","W47",1.5,54,4,11.233
"RT0935","W47",3.4,33,5,11.826
"RT0936","W47",13.8,44,4,10.087
"RT0937","W47",15.8,48,4,10.21
"RT0938","W47",14.9,20,4,10.163
"RT0939","W47",15.6,56,4,10.13
"RT0940","W47",4.5,49,6,12.646
"RT0941","W48",7.3,64,2,11.875
"RT0942","W48",13.6,25,4,9.1
"RT0943","W48",0.1,33,4,7.111
"RT0944","W48",15.1,46,2,10.285
"RT0945","W48",3.6,65,5,10.601
"RT0946","W48",13.5,22,6,9.652
"RT0947","W48",1.1,69,2,9.896
"RT0948","W48",4.3,65,4,10.555
"RT0949","W48",0.7,47,1,8.905
"RT0950","W48",6.9,24,4,10.162
"RT0951","W48",13.3,30,1,8.319
"RT0952","W48",4.7,55,7,12.277
"RT0953","W48",8.8,31,6,10.76
"RT0954","W48",0.2,67,5,9.365
"RT0955","W48",14.8,35,3,7.838
"RT0956","W48",0.3,37,3,7.879
"RT0957","W48",1.5,55,6,10.975
"RT0958","W48",15.7,33,4,9.188
"RT0959","W48",2.5,66,4,11.541
"RT0960","W48",4.2,25,3,9.502
"RT0961","W49",11.8,45,4,8.247
"RT0962","W49",10.8,43,5,10.119
"RT0963","W49",14,30,4,9.062
"RT0964","W49",1.9,50,2,9.276
"RT0965","W49",6.9,35,5,10.089
"RT0966","W49",14,42,5,8.352
"RT0967","W49",2.7,64,2,9.72
"RT0968","W49",2.7,48,3,10.163
"RT0969","W49",15.5,24,6,8.858
"RT0970","W49",6,26,3,9.601
"RT0971","W49",15.3,44,6,8.688
"RT0972","W49",12.2,66,3,9.711
"RT0973","W49",13.7,34,5,9.54
"RT0974","W49",14.7,53,3,8.318
"RT0975","W49",12.7,60,3,9.759
"RT0976","W49",4.3,65,4,11.317
"RT0977","W49",1.9,52,5,9.859
"RT0978","W49",12.2,28,5,9.153
"RT0979","W49",0.3,39,2,8.542
"RT0980","W49",0.9,59,2,9.566
"RT0981","W50",15.7,22,6,9.052
"RT0982","W50",7.9,37,6,11.386
"RT0983","W50",9.9,50,3,11.798
"RT0984","W50",1.8,68,5,11.623
"RT0985","W50",3.3,26,4,9.663
"RT0986","W50",2.1,43,1,9.039
"RT0987","W50",15,35,4,10.238
"RT0988","W50",10.8,22,4,11.172
"RT0989","W50",4.3,67,4,12.381
"RT0990","W50",5.7,67,3,11.907
"RT0991","W50",5.2,68,4,12.182
"RT0992","W50",9.5,60,6,13.247
"RT0993","W50",10.7,63,3,11.424
"RT0994","W50",4.2,70,3,10.567
"RT0995","W50",1.3,48,5,11.218
"RT0996","W50",4.9,64,5,12.345
"RT0997","W50",4.9,34,4,11.174
"RT0998","W50",10.6,37,1,9.85
"RT0999","W50",2.3,54,3,10.876
"RT1000","W50",4.8,67,5,12.755
"RT1001","W51",14.1,60,4,9.246
"RT1002","W51",9.1,41,5,10.356
"RT1003","W51",10.1,60,4,10.185
"RT1004","W51",6.8,53,5,11.486
"RT1005","W51",6.2,25,3,7.964
"RT1006","W51",15.9,63,4,9.663
"RT1007","W51",14.5,26,4,7.885
"RT1008","W51",7.1,49,6,10.306
"RT1009","W51",7.7,30,4,8.637
"RT1010","W51",6.1,22,2,8.65
"RT1011","W51",6.6,53,8,12.669
"RT1012","W51",12.8,50,4,9.744
"RT1013","W51",8.9,24,5,9.506
"RT1014","W51",8.4,39,4,9.802
"RT1015","W51",4.2,60,3,10.066
"RT1016","W51",10.4,59,3,10.262
"RT1017","W51",8.4,23,5,9.577
"RT1018","W51",12.6,52,3,9.683
"RT1019","W51",13.2,53,2,9.506
"RT1020","W51",2.5,43,6,9.024
"RT1021","W52",9.3,43,5,11.856
"RT1022","W52",0.9,46,3,11.917
"RT1023","W52",15.2,47,3,11.624
"RT1024","W52",10.7,65,2,13.466
"RT1025","W52",4.4,69,4,13.461
"RT1026","W52",10.5,67,2,12.581
"RT1027","W52",6.1,43,3,12.288
"RT1028","W52",11.3,53,4,12.482
"RT1029","W52",14.5,45,1,10.768
"RT1030","W52",9.3,52,4,13.121
"RT1031","W52",1.8,38,5,12.303
"RT1032","W52",8.7,28,2,11.661
"RT1033","W52",1.3,59,2,11.772
"RT1034","W52",4.1,57,6,13.313
"RT1035","W52",11.8,66,5,12.797
"RT1036","W52",12.5,46,5,13.616
"RT1037","W52",5.5,28,2,10.985
"RT1038","W52",6.9,51,5,14.55
"RT1039","W52",2.6,50,7,12.694
"RT1040","W52",7.9,21,3,11.878
"RT1041","W53",2.8,23,2,9.664
"RT1042","W53",2.9,35,4,9.815
"RT1043","W53",12.6,67,4,11.893
"RT1044","W53",3.2,21,2,9.606
"RT1045","W53",3.9,54,2,11.222
"RT1046","W53",10,21,4,11.599
"RT1047","W53",7.7,67,3,11.565
"RT1048","W53",5.4,48,5,12.272
"RT1049","W53",3.5,36,5,9.945
"RT1050","W53",12.7,24,4,9.622
"RT1051","W53",10.7,51,3,11.657
"RT1052","W53",13,21,3,9.221
"RT1053","W53",4,64,1,11.369
"RT1054","W53",1.1,54,5,11.437
"RT1055","W53",10.8,56,5,12.497
"RT1056","W53",2.5,24,7,9.552
"RT1057","W53",4.7,61,2,11.189
"RT1058","W53",0,69,3,10.27
"RT1059","W53",15.5,65,3,10.179
"RT1060","W53",15.9,28,4,9.568
"RT1061","W54",10.5,39,8,10.315
"RT1062","W54",7.2,27,4,9.661
"RT1063","W54",0.5,48,3,9.334
"RT1064","W54",7.3,39,3,9.715
"RT1065","W54",14.6,47,2,9.504
"RT1066","W54",4.2,21,3,8.716
"RT1067","W54",7.5,37,3,10.21
"RT1068","W54",4.2,53,5,11.193
"RT1069","W54",9.4,21,3,9.616
"RT1070","W54",2.3,33,5,8.381
"RT1071","W54",14.7,34,5,8.033
"RT1072","W54",12,24,2,8.345
"RT1073","W54",10.5,67,1,9.948
"RT1074","W54",14.6,26,4,8.737
"RT1075","W54",15.9,69,7,10.491
"RT1076","W54",7.2,25,5,10.378
"RT1077","W54",4.8,28,3,9.082
"RT1078","W54",8.2,40,5,9.655
"RT1079","W54",10.2,33,5,9.044
"RT1080","W54",11.1,33,5,9.008
"RT1081","W55",10.9,21,1,10.133
"RT1082","W55",14.2,45,2,8.224
"RT1083","W55",12.6,50,7,11.452
"RT1084","W55",6.1,52,3,11.265
"RT1085","W55",12.8,35,3,8.884
"RT1086","W55",12.8,66,7,11.457
"RT1087","W55",11.3,26,3,10.676
"RT1088","W55",11.7,52,4,11.072
"RT1089","W55",1.7,39,1,8.106
"RT1090","W55",13.6,62,5,11.062
"RT1091","W55",5.4,28,2,10.682
"RT1092","W55",12.5,42,3,9.26
"RT1093","W55",8.5,62,4,12.063
"RT1094","W55",8.4,68,3,11.853
"RT1095","W55",5,53,6,11.952
"RT1096","W55",1.2,34,4,7.808
"RT1097","W55",10,47,4,12.482
"RT1098","W55",5.6,40,7,10.886
"RT1099","W55",3.4,61,6,11.911
"RT1100","W55",15.1,42,5,8.683
"RT1101","W56",13.1,55,2,12.249
"RT1102","W56",3.3,27,4,11.519
"RT1103","W56",9.3,20,2,12.059
"RT1104","W56",7.6,36,4,11.415
"RT1105","W56",11.3,51,2,12.592
"RT1106","W56",3.7,66,3,12.348
"RT1107","W56",6.6,55,3,12.855
"RT1108","W56",11.6,24,5,11.183
"RT1109","W56",4,51,5,13.338
"RT1110","W56",7.7,67,3,13.34
"RT1111","W56",14.8,34,4,11.304
"RT1112","W56",9.7,48,5,12.47
"RT1113","W56",3.1,48,4,13.52
"RT1114","W56",15.9,43,4,9.626
"RT1115","W56",3.4,42,2,11.187
"RT1116","W56",9.6,68,6,13.868
"RT1117","W56",3.9,26,4,11.533
"RT1118","W56",7.6,23,4,12
"RT1119","W56",15.5,69,1,11.459
"RT1120","W56",0.9,37,5,10.162
"RT1121","W57",7.3,23,1,10.246
"RT1122","W57",2.5,65,4,10.344
"RT1123","W57",13.9,32,3,8.767
"RT1124","W57",9.1,56,4,12.377
"RT1125","W57",2.4,64,5,11.467
"RT1126","W57",11.4,61,5,11.849
"RT1127","W57",5.4,23,7,11.082
"RT1128","W57",9.3,57,1,11.429
"RT1129","W57",7,58,5,12.8
"RT1130","W57",9.7,44,6,10.138
"RT1131","W57",11.9,39,2,9.7
"RT1132","W57",11.1,44,4,9.495
"RT1133","W57",6.1,38,2,10.7
"RT1134","W57",1.5,55,3,10.91
"RT1135","W57",12.1,21,1,9.129
"RT1136","W57",2.7,36,4,10.246
"RT1137","W57",8.7,32,3,10.14
"RT1138","W57",6.4,46,4,10.933
"RT1139","W57",9.1,53,5,11.629
"RT1140","W57",6.7,43,5,10.788
"RT1141","W58",15.7,37,3,8.288
"RT1142","W58",10.2,21,3,10.57
"RT1143","W58",4,64,4,12.682
"RT1144","W58",11.4,36,2,9.795
"RT1145","W58",13.4,46,4,11.389
"RT1146","W58",12.2,32,6,11.213
"RT1147","W58",13.8,45,4,10.64
"RT1148","W58",13.1,51,4,10.224
"RT1149","W58",15.2,43,5,9.863
"RT1150","W58",6,24,5,10.595
"RT1151","W58",10,53,3,11.97
"RT1152","W58",3.2,51,4,10.552
"RT1153","W58",9.6,65,5,12.194
"RT1154","W58",2,22,2,9.773
"RT1155","W58",9,60,5,12.96
"RT1156","W58",11.8,26,4,9.839
"RT1157","W58",12.2,60,6,12.329
"RT1158","W58",4,64,3,11.357
"RT1159","W58",11.7,67,4,11.053
"RT1160","W58",4.6,61,7,12.351
"RT1161","W59",6.2,37,8,13.277
"RT1162","W59",13.7,50,5,12.1
"RT1163","W59",13,44,5,10.497
"RT1164","W59",15.7,30,5,10.428
"RT1165","W59",11.6,68,6,13.212
"RT1166","W59",10.9,69,4,12.512
"RT1167","W59",12.1,36,4,11.174
"RT1168","W59",5.1,26,3,9.717
"RT1169","W59",16,58,7,12.304
"RT1170","W59",11,47,3,12.18
"RT1171","W59",9.7,51,5,13.733
"RT1172","W59",9.1,68,5,14.273
"RT1173","W59",4.9,69,3,12.924
"RT1174","W59",10.6,28,4,11.449
"RT1175","W59",10.6,67,3,11.991
"RT1176","W59",1.7,67,2,10.607
"RT1177","W59",6.3,50,5,13.301
"RT1178","W59",7.7,36,2,10.639
"RT1179","W59",3.5,56,4,12.27
"RT1180","W59",6.9,46,6,13.058
"RT1181","W60",5.7,20,3,12.473
"RT1182","W60",9.1,56,2,12.791
"RT1183","W60",8.7,44,4,12.201
"RT1184","W60",0.9,63,5,12.307
"RT1185","W60",13.4,58,3,12.409
"RT1186","W60",6,45,2,10.921
"RT1187","W60",10.2,70,4,13.522
"RT1188","W60",7.9,57,3,13.691
"RT1189","W60",3.3,48,4,12.37
"RT1190","W60",7.9,48,6,15.482
"RT1191","W60",7,57,4,13.464
"RT1192","W60",9.8,43,4,11.813
"RT1193","W60",1,47,6,12.123
"RT1194","W60",1.9,52,2,12.508
"RT1195","W60",6.7,25,3,13.142
"RT1196","W60",6.6,57,4,13.216
"RT1197","W60",1.5,47,7,12.554
"RT1198","W60",13.2,55,6,12.91
"RT1199","W60",1.3,57,8,12.445
"RT1200","W60",8,59,4,14.429
