"id_rt","indikator"
"RT0001","air_tak_layak"
"RT0001","sanitasi_tak_layak"
"RT0002","atap_lantai_tak_layak"
"RT0002","tanpa_internet"
"RT0003","bahan_bakar_kayu"
"RT0003","kepala_rt_pendidikan_rendah"
"RT0003","pekerja_informal"
"RT0004","tanpa_internet"
"RT0004","tanpa_tabungan"
"RT0005","pekerja_informal"
"RT0005","tanpa_tabungan"
"RT0006","kepala_rt_pendidikan_rendah"
"RT0008","air_tak_layak"
"RT0008","atap_lantai_tak_layak"
"RT0008","kepala_rt_pendidikan_rendah"
"RT0008","pekerja_informal"
"RT0008","sanitasi_tak_layak"
"RT0008","tanpa_jaminan_kesehatan"
"RT0009","rumah_sempit"
"RT0009","tanpa_jaminan_kesehatan"
"RT0009","tanpa_listrik_memadai"
"RT0010","kepala_rt_pendidikan_rendah"
"RT0010","rumah_sempit"
"RT0010","tanpa_jaminan_kesehatan"
"RT0010","tanpa_listrik_memadai"
"RT0011","tanpa_jaminan_kesehatan"
"RT0011","tanpa_tabungan"
"RT0012","air_tak_layak"
"RT0012","atap_lantai_tak_layak"
"RT0012","kepala_rt_pendidikan_rendah"
"RT0012","sanitasi_tak_layak"
"RT0012","tanpa_internet"
"RT0012","tanpa_tabungan"
"RT0013","air_tak_layak"
"RT0013","atap_lantai_tak_layak"
"RT0013","pekerja_informal"
"RT0013","sanitasi_tak_layak"
"RT0013","tanpa_jaminan_kesehatan"
"RT0014","tanpa_jaminan_kesehatan"
"RT0014","tanpa_listrik_memadai"
"RT0014","tanpa_tabungan"
"RT0015","bahan_bakar_kayu"
"RT0015","kepala_rt_pendidikan_rendah"
"RT0015","tanpa_jaminan_kesehatan"
"RT0016","air_tak_layak"
"RT0016","kepala_rt_pendidikan_rendah"
"RT0016","pekerja_informal"
"RT0016","sanitasi_tak_layak"
"RT0018","pekerja_informal"
"RT0018","sanitasi_tak_layak"
"RT0018","tanpa_tabungan"
"RT0019","pekerja_informal"
"RT0019","tanpa_jaminan_kesehatan"
"RT0019","tanpa_listrik_memadai"
"RT0020","bahan_bakar_kayu"
"RT0020","tanpa_listrik_memadai"
"RT0021","air_tak_layak"
"RT0021","pekerja_informal"
"RT0021","rumah_sempit"
"RT0021","sanitasi_tak_layak"
"RT0021","tanpa_internet"
"RT0022","air_tak_layak"
"RT0022","atap_lantai_tak_layak"
"RT0022","sanitasi_tak_layak"
"RT0022","tanpa_tabungan"
"RT0023","atap_lantai_tak_layak"
"RT0023","pekerja_informal"
"RT0023","rumah_sempit"
"RT0023","sanitasi_tak_layak"
"RT0024","air_tak_layak"
"RT0024","kepala_rt_pendidikan_rendah"
"RT0024","pekerja_informal"
"RT0024","sanitasi_tak_layak"
"RT0025","air_tak_layak"
"RT0025","atap_lantai_tak_layak"
"RT0025","pekerja_informal"
"RT0025","sanitasi_tak_layak"
"RT0025","tanpa_jaminan_kesehatan"
"RT0025","tanpa_tabungan"
"RT0026","air_tak_layak"
"RT0026","kepala_rt_pendidikan_rendah"
"RT0026","pekerja_informal"
"RT0026","rumah_sempit"
"RT0026","sanitasi_tak_layak"
"RT0026","tanpa_internet"
"RT0026","tanpa_tabungan"
"RT0027","anak_putus_sekolah"
"RT0027","bahan_bakar_kayu"
"RT0027","kepala_rt_pendidikan_rendah"
"RT0027","pekerja_informal"
"RT0027","rumah_sempit"
"RT0027","tanpa_jaminan_kesehatan"
"RT0027","tanpa_tabungan"
"RT0028","air_tak_layak"
"RT0028","kepala_rt_pendidikan_rendah"
"RT0028","pekerja_informal"
"RT0028","sanitasi_tak_layak"
"RT0028","tanpa_jaminan_kesehatan"
"RT0030","air_tak_layak"
"RT0030","atap_lantai_tak_layak"
"RT0030","rumah_sempit"
"RT0030","sanitasi_tak_layak"
"RT0031","atap_lantai_tak_layak"
"RT0031","kepala_rt_pendidikan_rendah"
"RT0031","rumah_sempit"
"RT0031","sanitasi_tak_layak"
"RT0032","atap_lantai_tak_layak"
"RT0032","sanitasi_tak_layak"
"RT0033","bahan_bakar_kayu"
"RT0033","tanpa_jaminan_kesehatan"
"RT0033","tanpa_listrik_memadai"
"RT0034","bahan_bakar_kayu"
"RT0034","kepala_rt_pendidikan_rendah"
"RT0034","pekerja_informal"
"RT0034","tanpa_jaminan_kesehatan"
"RT0034","tanpa_tabungan"
"RT0035","anak_putus_sekolah"
"RT0035","rumah_sempit"
"RT0035","tanpa_internet"
"RT0035","tanpa_jaminan_kesehatan"
"RT0035","tanpa_tabungan"
"RT0036","bahan_bakar_kayu"
"RT0036","pekerja_informal"
"RT0037","sanitasi_tak_layak"
"RT0038","pekerja_informal"
"RT0038","rumah_sempit"
"RT0039","kepala_rt_pendidikan_rendah"
"RT0039","pekerja_informal"
"RT0039","tanpa_tabungan"
"RT0040","kepala_rt_pendidikan_rendah"
"RT0040","pekerja_informal"
"RT0040","tanpa_jaminan_kesehatan"
"RT0041","bahan_bakar_kayu"
"RT0041","kepala_rt_pendidikan_rendah"
"RT0041","pekerja_informal"
"RT0041","tanpa_jaminan_kesehatan"
"RT0041","tanpa_listrik_memadai"
"RT0041","tanpa_tabungan"
"RT0042","atap_lantai_tak_layak"
"RT0042","sanitasi_tak_layak"
"RT0043","air_tak_layak"
"RT0043","bahan_bakar_kayu"
"RT0043","kepala_rt_pendidikan_rendah"
"RT0043","pekerja_informal"
"RT0043","rumah_sempit"
"RT0043","sanitasi_tak_layak"
"RT0043","tanpa_listrik_memadai"
"RT0043","tanpa_tabungan"
"RT0044","atap_lantai_tak_layak"
"RT0044","bahan_bakar_kayu"
"RT0044","kepala_rt_pendidikan_rendah"
"RT0044","pekerja_informal"
"RT0044","tanpa_jaminan_kesehatan"
"RT0044","tanpa_tabungan"
"RT0045","tanpa_jaminan_kesehatan"
"RT0046","bahan_bakar_kayu"
"RT0046","tanpa_internet"
"RT0046","tanpa_tabungan"
"RT0047","bahan_bakar_kayu"
"RT0047","rumah_sempit"
"RT0047","tanpa_jaminan_kesehatan"
"RT0047","tanpa_listrik_memadai"
"RT0047","tanpa_tabungan"
"RT0048","bahan_bakar_kayu"
"RT0048","kepala_rt_pendidikan_rendah"
"RT0049","anak_putus_sekolah"
"RT0049","kepala_rt_pendidikan_rendah"
"RT0049","pekerja_informal"
"RT0049","rumah_sempit"
"RT0049","tanpa_internet"
"RT0049","tanpa_jaminan_kesehatan"
"RT0049","tanpa_listrik_memadai"
"RT0049","tanpa_tabungan"
"RT0050","bahan_bakar_kayu"
"RT0050","pekerja_informal"
"RT0050","sanitasi_tak_layak"
"RT0050","tanpa_internet"
"RT0050","tanpa_jaminan_kesehatan"
"RT0050","tanpa_listrik_memadai"
"RT0051","pekerja_informal"
"RT0051","tanpa_jaminan_kesehatan"
"RT0051","tanpa_listrik_memadai"
"RT0052","bahan_bakar_kayu"
"RT0052","pekerja_informal"
"RT0052","rumah_sempit"
"RT0052","tanpa_internet"
"RT0052","tanpa_listrik_memadai"
"RT0053","atap_lantai_tak_layak"
"RT0053","pekerja_informal"
"RT0053","sanitasi_tak_layak"
"RT0053","tanpa_jaminan_kesehatan"
"RT0053","tanpa_tabungan"
"RT0054","anak_putus_sekolah"
"RT0054","kepala_rt_pendidikan_rendah"
"RT0054","pekerja_informal"
"RT0054","rumah_sempit"
"RT0054","tanpa_tabungan"
"RT0056","air_tak_layak"
"RT0056","atap_lantai_tak_layak"
"RT0056","sanitasi_tak_layak"
"RT0057","pekerja_informal"
"RT0057","tanpa_internet"
"RT0057","tanpa_jaminan_kesehatan"
"RT0057","tanpa_listrik_memadai"
"RT0057","tanpa_tabungan"
"RT0058","rumah_sempit"
"RT0058","tanpa_jaminan_kesehatan"
"RT0059","air_tak_layak"
"RT0059","pekerja_informal"
"RT0059","tanpa_internet"
"RT0059","tanpa_jaminan_kesehatan"
"RT0060","tanpa_internet"
"RT0061","bahan_bakar_kayu"
"RT0061","pekerja_informal"
"RT0061","tanpa_jaminan_kesehatan"
"RT0061","tanpa_listrik_memadai"
"RT0062","kepala_rt_pendidikan_rendah"
"RT0062","pekerja_informal"
"RT0062","tanpa_jaminan_kesehatan"
"RT0062","tanpa_listrik_memadai"
"RT0062","tanpa_tabungan"
"RT0063","air_tak_layak"
"RT0063","atap_lantai_tak_layak"
"RT0063","bahan_bakar_kayu"
"RT0063","pekerja_informal"
"RT0063","sanitasi_tak_layak"
"RT0063","tanpa_internet"
"RT0063","tanpa_jaminan_kesehatan"
"RT0063","tanpa_listrik_memadai"
"RT0064","air_tak_layak"
"RT0064","atap_lantai_tak_layak"
"RT0064","kepala_rt_pendidikan_rendah"
"RT0064","sanitasi_tak_layak"
"RT0064","tanpa_jaminan_kesehatan"
"RT0065","rumah_sempit"
"RT0066","pekerja_informal"
"RT0066","rumah_sempit"
"RT0066","tanpa_tabungan"
"RT0067","atap_lantai_tak_layak"
"RT0068","kepala_rt_pendidikan_rendah"
"RT0068","pekerja_informal"
"RT0068","tanpa_jaminan_kesehatan"
"RT0069","air_tak_layak"
"RT0069","tanpa_internet"
"RT0069","tanpa_tabungan"
"RT0070","air_tak_layak"
"RT0070","atap_lantai_tak_layak"
"RT0070","bahan_bakar_kayu"
"RT0070","pekerja_informal"
"RT0070","sanitasi_tak_layak"
"RT0070","tanpa_internet"
"RT0070","tanpa_tabungan"
"RT0071","pekerja_informal"
"RT0071","tanpa_jaminan_kesehatan"
"RT0071","tanpa_tabungan"
"RT0072","pekerja_informal"
"RT0072","tanpa_jaminan_kesehatan"
"RT0073","pekerja_informal"
"RT0073","tanpa_jaminan_kesehatan"
"RT0074","bahan_bakar_kayu"
"RT0074","rumah_sempit"
"RT0075","air_tak_layak"
"RT0075","atap_lantai_tak_layak"
"RT0075","rumah_sempit"
"RT0075","sanitasi_tak_layak"
"RT0075","tanpa_internet"
"RT0075","tanpa_tabungan"
"RT0077","pekerja_informal"
"RT0077","tanpa_jaminan_kesehatan"
"RT0077","tanpa_tabungan"
"RT0078","pekerja_informal"
"RT0078","rumah_sempit"
"RT0078","tanpa_jaminan_kesehatan"
"RT0078","tanpa_tabungan"
"RT0079","kepala_rt_pendidikan_rendah"
"RT0079","pekerja_informal"
"RT0079","sanitasi_tak_layak"
"RT0079","tanpa_jaminan_kesehatan"
"RT0080","pekerja_informal"
"RT0080","sanitasi_tak_layak"
"RT0080","tanpa_jaminan_kesehatan"
"RT0081","pekerja_informal"
"RT0082","tanpa_internet"
"RT0083","anak_putus_sekolah"
"RT0083","pekerja_informal"
"RT0083","tanpa_tabungan"
"RT0084","atap_lantai_tak_layak"
"RT0084","sanitasi_tak_layak"
"RT0085","anak_putus_sekolah"
"RT0085","kepala_rt_pendidikan_rendah"
"RT0085","pekerja_informal"
"RT0085","tanpa_jaminan_kesehatan"
"RT0086","tanpa_internet"
"RT0087","air_tak_layak"
"RT0087","atap_lantai_tak_layak"
"RT0087","rumah_sempit"
"RT0087","tanpa_internet"
"RT0087","tanpa_jaminan_kesehatan"
"RT0088","kepala_rt_pendidikan_rendah"
"RT0089","anak_putus_sekolah"
"RT0089","atap_lantai_tak_layak"
"RT0089","kepala_rt_pendidikan_rendah"
"RT0089","pekerja_informal"
"RT0089","sanitasi_tak_layak"
"RT0089","tanpa_listrik_memadai"
"RT0089","tanpa_tabungan"
"RT0090","air_tak_layak"
"RT0090","pekerja_informal"
"RT0090","tanpa_jaminan_kesehatan"
"RT0090","tanpa_tabungan"
"RT0091","kepala_rt_pendidikan_rendah"
"RT0091","pekerja_informal"
"RT0091","rumah_sempit"
"RT0091","tanpa_jaminan_kesehatan"
"RT0091","tanpa_tabungan"
"RT0092","tanpa_tabungan"
"RT0093","air_tak_layak"
"RT0093","atap_lantai_tak_layak"
"RT0093","sanitasi_tak_layak"
"RT0093","tanpa_internet"
"RT0093","tanpa_jaminan_kesehatan"
"RT0094","kepala_rt_pendidikan_rendah"
"RT0094","pekerja_informal"
"RT0094","sanitasi_tak_layak"
"RT0094","tanpa_jaminan_kesehatan"
"RT0095","bahan_bakar_kayu"
"RT0095","pekerja_informal"
"RT0095","tanpa_jaminan_kesehatan"
"RT0095","tanpa_listrik_memadai"
"RT0096","bahan_bakar_kayu"
"RT0096","tanpa_jaminan_kesehatan"
"RT0097","air_tak_layak"
"RT0097","sanitasi_tak_layak"
"RT0097","tanpa_internet"
"RT0097","tanpa_jaminan_kesehatan"
"RT0099","tanpa_internet"
"RT0099","tanpa_tabungan"
"RT0100","rumah_sempit"
"RT0100","sanitasi_tak_layak"
"RT0100","tanpa_internet"
"RT0101","rumah_sempit"
"RT0101","tanpa_internet"
"RT0102","rumah_sempit"
"RT0102","tanpa_internet"
"RT0103","bahan_bakar_kayu"
"RT0103","kepala_rt_pendidikan_rendah"
"RT0103","pekerja_informal"
"RT0103","tanpa_internet"
"RT0103","tanpa_jaminan_kesehatan"
"RT0103","tanpa_tabungan"
"RT0104","pekerja_informal"
"RT0105","bahan_bakar_kayu"
"RT0105","kepala_rt_pendidikan_rendah"
"RT0105","pekerja_informal"
"RT0105","tanpa_internet"
"RT0105","tanpa_jaminan_kesehatan"
"RT0105","tanpa_listrik_memadai"
"RT0106","air_tak_layak"
"RT0106","atap_lantai_tak_layak"
"RT0106","bahan_bakar_kayu"
"RT0106","sanitasi_tak_layak"
"RT0106","tanpa_listrik_memadai"
"RT0107","bahan_bakar_kayu"
"RT0107","kepala_rt_pendidikan_rendah"
"RT0107","pekerja_informal"
"RT0107","tanpa_listrik_memadai"
"RT0107","tanpa_tabungan"
"RT0108","pekerja_informal"
"RT0108","tanpa_internet"
"RT0109","rumah_sempit"
"RT0110","bahan_bakar_kayu"
"RT0110","pekerja_informal"
"RT0110","tanpa_listrik_memadai"
"RT0111","kepala_rt_pendidikan_rendah"
"RT0111","pekerja_informal"
"RT0111","tanpa_jaminan_kesehatan"
"RT0111","tanpa_tabungan"
"RT0112","pekerja_informal"
"RT0112","sanitasi_tak_layak"
"RT0112","tanpa_internet"
"RT0112","tanpa_tabungan"
"RT0113","bahan_bakar_kayu"
"RT0113","tanpa_tabungan"
"RT0114","atap_lantai_tak_layak"
"RT0114","sanitasi_tak_layak"
"RT0115","air_tak_layak"
"RT0115","atap_lantai_tak_layak"
"RT0115","bahan_bakar_kayu"
"RT0115","pekerja_informal"
"RT0115","sanitasi_tak_layak"
"RT0115","tanpa_internet"
"RT0115","tanpa_jaminan_kesehatan"
"RT0115","tanpa_listrik_memadai"
"RT0116","kepala_rt_pendidikan_rendah"
"RT0116","pekerja_informal"
"RT0116","sanitasi_tak_layak"
"RT0116","tanpa_jaminan_kesehatan"
"RT0116","tanpa_tabungan"
"RT0117","air_tak_layak"
"RT0117","sanitasi_tak_layak"
"RT0118","kepala_rt_pendidikan_rendah"
"RT0118","pekerja_informal"
"RT0118","rumah_sempit"
"RT0119","air_tak_layak"
"RT0119","atap_lantai_tak_layak"
"RT0119","sanitasi_tak_layak"
"RT0120","air_tak_layak"
"RT0120","pekerja_informal"
"RT0120","rumah_sempit"
"RT0120","sanitasi_tak_layak"
"RT0120","tanpa_jaminan_kesehatan"
"RT0120","tanpa_tabungan"
"RT0121","kepala_rt_pendidikan_rendah"
"RT0121","pekerja_informal"
"RT0122","bahan_bakar_kayu"
"RT0122","pekerja_informal"
"RT0122","tanpa_jaminan_kesehatan"
"RT0122","tanpa_listrik_memadai"
"RT0122","tanpa_tabungan"
"RT0123","atap_lantai_tak_layak"
"RT0123","kepala_rt_pendidikan_rendah"
"RT0123","pekerja_informal"
"RT0123","tanpa_internet"
"RT0123","tanpa_jaminan_kesehatan"
"RT0123","tanpa_tabungan"
"RT0124","air_tak_layak"
"RT0124","atap_lantai_tak_layak"
"RT0124","sanitasi_tak_layak"
"RT0124","tanpa_internet"
"RT0124","tanpa_jaminan_kesehatan"
"RT0125","rumah_sempit"
"RT0125","tanpa_jaminan_kesehatan"
"RT0126","bahan_bakar_kayu"
"RT0126","kepala_rt_pendidikan_rendah"
"RT0126","pekerja_informal"
"RT0126","rumah_sempit"
"RT0126","tanpa_listrik_memadai"
"RT0127","bahan_bakar_kayu"
"RT0127","pekerja_informal"
"RT0127","rumah_sempit"
"RT0127","tanpa_internet"
"RT0127","tanpa_jaminan_kesehatan"
"RT0127","tanpa_listrik_memadai"
"RT0127","tanpa_tabungan"
"RT0128","air_tak_layak"
"RT0128","atap_lantai_tak_layak"
"RT0128","pekerja_informal"
"RT0128","rumah_sempit"
"RT0128","sanitasi_tak_layak"
"RT0128","tanpa_jaminan_kesehatan"
"RT0128","tanpa_listrik_memadai"
"RT0129","air_tak_layak"
"RT0130","pekerja_informal"
"RT0130","rumah_sempit"
"RT0130","tanpa_jaminan_kesehatan"
"RT0130","tanpa_tabungan"
"RT0131","bahan_bakar_kayu"
"RT0131","tanpa_listrik_memadai"
"RT0131","tanpa_tabungan"
"RT0132","tanpa_tabungan"
"RT0133","pekerja_informal"
"RT0133","tanpa_jaminan_kesehatan"
"RT0133","tanpa_tabungan"
"RT0134","air_tak_layak"
"RT0134","rumah_sempit"
"RT0135","air_tak_layak"
"RT0135","atap_lantai_tak_layak"
"RT0135","pekerja_informal"
"RT0135","sanitasi_tak_layak"
"RT0135","tanpa_jaminan_kesehatan"
"RT0135","tanpa_listrik_memadai"
"RT0135","tanpa_tabungan"
"RT0136","bahan_bakar_kayu"
"RT0136","pekerja_informal"
"RT0136","tanpa_jaminan_kesehatan"
"RT0136","tanpa_listrik_memadai"
"RT0137","kepala_rt_pendidikan_rendah"
"RT0137","pekerja_informal"
"RT0138","atap_lantai_tak_layak"
"RT0138","kepala_rt_pendidikan_rendah"
"RT0138","sanitasi_tak_layak"
"RT0138","tanpa_internet"
"RT0139","anak_putus_sekolah"
"RT0139","kepala_rt_pendidikan_rendah"
"RT0139","pekerja_informal"
"RT0139","tanpa_jaminan_kesehatan"
"RT0140","air_tak_layak"
"RT0140","atap_lantai_tak_layak"
"RT0140","pekerja_informal"
"RT0140","tanpa_jaminan_kesehatan"
"RT0140","tanpa_tabungan"
"RT0141","pekerja_informal"
"RT0141","tanpa_jaminan_kesehatan"
"RT0142","air_tak_layak"
"RT0142","atap_lantai_tak_layak"
"RT0142","pekerja_informal"
"RT0142","sanitasi_tak_layak"
"RT0142","tanpa_internet"
"RT0143","tanpa_jaminan_kesehatan"
"RT0144","kepala_rt_pendidikan_rendah"
"RT0144","tanpa_jaminan_kesehatan"
"RT0145","air_tak_layak"
"RT0145","kepala_rt_pendidikan_rendah"
"RT0145","pekerja_informal"
"RT0145","tanpa_jaminan_kesehatan"
"RT0146","pekerja_informal"
"RT0146","tanpa_internet"
"RT0146","tanpa_tabungan"
"RT0147","rumah_sempit"
"RT0147","tanpa_internet"
"RT0147","tanpa_listrik_memadai"
"RT0148","kepala_rt_pendidikan_rendah"
"RT0148","pekerja_informal"
"RT0148","tanpa_jaminan_kesehatan"
"RT0149","air_tak_layak"
"RT0149","rumah_sempit"
"RT0149","tanpa_internet"
"RT0149","tanpa_tabungan"
"RT0150","air_tak_layak"
"RT0150","atap_lantai_tak_layak"
"RT0150","kepala_rt_pendidikan_rendah"
"RT0150","pekerja_informal"
"RT0150","rumah_sempit"
"RT0150","sanitasi_tak_layak"
"RT0150","tanpa_jaminan_kesehatan"
"RT0150","tanpa_tabungan"
"RT0151","air_tak_layak"
"RT0151","atap_lantai_tak_layak"
"RT0151","sanitasi_tak_layak"
"RT0151","tanpa_listrik_memadai"
"RT0152","pekerja_informal"
"RT0152","tanpa_internet"
"RT0152","tanpa_jaminan_kesehatan"
"RT0152","tanpa_tabungan"
"RT0153","bahan_bakar_kayu"
"RT0153","rumah_sempit"
"RT0153","tanpa_listrik_memadai"
"RT0154","pekerja_informal"
"RT0154","tanpa_jaminan_kesehatan"
"RT0154","tanpa_tabungan"
"RT0155","air_tak_layak"
"RT0155","atap_lantai_tak_layak"
"RT0155","bahan_bakar_kayu"
"RT0155","pekerja_informal"
"RT0155","sanitasi_tak_layak"
"RT0155","tanpa_tabungan"
"RT0156","anak_putus_sekolah"
"RT0156","atap_lantai_tak_layak"
"RT0156","kepala_rt_pendidikan_rendah"
"RT0156","pekerja_informal"
"RT0156","tanpa_jaminan_kesehatan"
"RT0156","tanpa_tabungan"
"RT0157","anak_putus_sekolah"
"RT0157","kepala_rt_pendidikan_rendah"
"RT0157","pekerja_informal"
"RT0157","rumah_sempit"
"RT0157","sanitasi_tak_layak"
"RT0157","tanpa_jaminan_kesehatan"
"RT0157","tanpa_tabungan"
"RT0158","air_tak_layak"
"RT0158","atap_lantai_tak_layak"
"RT0158","kepala_rt_pendidikan_rendah"
"RT0158","pekerja_informal"
"RT0158","rumah_sempit"
"RT0158","sanitasi_tak_layak"
"RT0158","tanpa_jaminan_kesehatan"
"RT0158","tanpa_tabungan"
"RT0160","kepala_rt_pendidikan_rendah"
"RT0160","pekerja_informal"
"RT0160","tanpa_internet"
"RT0160","tanpa_jaminan_kesehatan"
"RT0161","rumah_sempit"
"RT0161","tanpa_jaminan_kesehatan"
"RT0162","kepala_rt_pendidikan_rendah"
"RT0162","pekerja_informal"
"RT0162","sanitasi_tak_layak"
"RT0163","bahan_bakar_kayu"
"RT0163","tanpa_listrik_memadai"
"RT0164","atap_lantai_tak_layak"
"RT0164","kepala_rt_pendidikan_rendah"
"RT0164","pekerja_informal"
"RT0164","tanpa_jaminan_kesehatan"
"RT0165","air_tak_layak"
"RT0165","pekerja_informal"
"RT0165","rumah_sempit"
"RT0165","sanitasi_tak_layak"
"RT0165","tanpa_jaminan_kesehatan"
"RT0166","air_tak_layak"
"RT0166","atap_lantai_tak_layak"
"RT0166","pekerja_informal"
"RT0166","sanitasi_tak_layak"
"RT0166","tanpa_listrik_memadai"
"RT0167","kepala_rt_pendidikan_rendah"
"RT0167","rumah_sempit"
"RT0167","tanpa_tabungan"
"RT0168","kepala_rt_pendidikan_rendah"
"RT0168","pekerja_informal"
"RT0168","tanpa_internet"
"RT0168","tanpa_jaminan_kesehatan"
"RT0168","tanpa_tabungan"
"RT0169","anak_putus_sekolah"
"RT0169","tanpa_internet"
"RT0169","tanpa_tabungan"
"RT0170","bahan_bakar_kayu"
"RT0170","tanpa_listrik_memadai"
"RT0171","air_tak_layak"
"RT0171","atap_lantai_tak_layak"
"RT0172","air_tak_layak"
"RT0172","atap_lantai_tak_layak"
"RT0172","bahan_bakar_kayu"
"RT0172","kepala_rt_pendidikan_rendah"
"RT0172","pekerja_informal"
"RT0172","sanitasi_tak_layak"
"RT0172","tanpa_tabungan"
"RT0173","pekerja_informal"
"RT0173","sanitasi_tak_layak"
"RT0173","tanpa_internet"
"RT0174","bahan_bakar_kayu"
"RT0174","tanpa_jaminan_kesehatan"
"RT0175","air_tak_layak"
"RT0175","atap_lantai_tak_layak"
"RT0175","kepala_rt_pendidikan_rendah"
"RT0175","pekerja_informal"
"RT0175","sanitasi_tak_layak"
"RT0176","pekerja_informal"
"RT0176","tanpa_internet"
"RT0176","tanpa_jaminan_kesehatan"
"RT0177","air_tak_layak"
"RT0177","pekerja_informal"
"RT0177","sanitasi_tak_layak"
"RT0177","tanpa_internet"
"RT0177","tanpa_tabungan"
"RT0178","pekerja_informal"
"RT0178","tanpa_jaminan_kesehatan"
"RT0179","kepala_rt_pendidikan_rendah"
"RT0179","pekerja_informal"
"RT0179","tanpa_jaminan_kesehatan"
"RT0180","tanpa_tabungan"
"RT0181","kepala_rt_pendidikan_rendah"
"RT0181","pekerja_informal"
"RT0181","sanitasi_tak_layak"
"RT0182","air_tak_layak"
"RT0182","kepala_rt_pendidikan_rendah"
"RT0182","pekerja_informal"
"RT0182","tanpa_internet"
"RT0182","tanpa_jaminan_kesehatan"
"RT0182","tanpa_listrik_memadai"
"RT0182","tanpa_tabungan"
"RT0183","air_tak_layak"
"RT0183","atap_lantai_tak_layak"
"RT0183","pekerja_informal"
"RT0183","sanitasi_tak_layak"
"RT0183","tanpa_jaminan_kesehatan"
"RT0183","tanpa_tabungan"
"RT0184","air_tak_layak"
"RT0184","rumah_sempit"
"RT0184","tanpa_jaminan_kesehatan"
"RT0185","tanpa_jaminan_kesehatan"
"RT0186","tanpa_jaminan_kesehatan"
"RT0187","pekerja_informal"
"RT0187","rumah_sempit"
"RT0187","tanpa_jaminan_kesehatan"
"RT0188","anak_putus_sekolah"
"RT0188","kepala_rt_pendidikan_rendah"
"RT0188","pekerja_informal"
"RT0189","air_tak_layak"
"RT0189","bahan_bakar_kayu"
"RT0189","sanitasi_tak_layak"
"RT0189","tanpa_internet"
"RT0189","tanpa_jaminan_kesehatan"
"RT0190","pekerja_informal"
"RT0190","tanpa_jaminan_kesehatan"
"RT0190","tanpa_tabungan"
"RT0191","air_tak_layak"
"RT0191","atap_lantai_tak_layak"
"RT0191","kepala_rt_pendidikan_rendah"
"RT0191","pekerja_informal"
"RT0191","sanitasi_tak_layak"
"RT0191","tanpa_jaminan_kesehatan"
"RT0192","kepala_rt_pendidikan_rendah"
"RT0193","rumah_sempit"
"RT0193","tanpa_internet"
"RT0193","tanpa_tabungan"
"RT0194","pekerja_informal"
"RT0194","tanpa_tabungan"
"RT0195","air_tak_layak"
"RT0195","kepala_rt_pendidikan_rendah"
"RT0195","pekerja_informal"
"RT0195","tanpa_jaminan_kesehatan"
"RT0195","tanpa_tabungan"
"RT0196","rumah_sempit"
"RT0197","air_tak_layak"
"RT0197","kepala_rt_pendidikan_rendah"
"RT0197","sanitasi_tak_layak"
"RT0197","tanpa_internet"
"RT0198","air_tak_layak"
"RT0198","atap_lantai_tak_layak"
"RT0198","pekerja_informal"
"RT0198","rumah_sempit"
"RT0198","sanitasi_tak_layak"
"RT0198","tanpa_internet"
"RT0198","tanpa_tabungan"
"RT0199","air_tak_layak"
"RT0199","anak_putus_sekolah"
"RT0199","atap_lantai_tak_layak"
"RT0199","bahan_bakar_kayu"
"RT0199","pekerja_informal"
"RT0199","sanitasi_tak_layak"
"RT0199","tanpa_jaminan_kesehatan"
"RT0199","tanpa_listrik_memadai"
"RT0200","bahan_bakar_kayu"
"RT0200","pekerja_informal"
"RT0200","tanpa_internet"
"RT0200","tanpa_listrik_memadai"
"RT0200","tanpa_tabungan"
"RT0201","kepala_rt_pendidikan_rendah"
"RT0201","pekerja_informal"
"RT0201","tanpa_tabungan"
"RT0202","atap_lantai_tak_layak"
"RT0202","pekerja_informal"
"RT0202","rumah_sempit"
"RT0202","sanitasi_tak_layak"
"RT0203","anak_putus_sekolah"
"RT0203","kepala_rt_pendidikan_rendah"
"RT0203","pekerja_informal"
"RT0203","tanpa_jaminan_kesehatan"
"RT0203","tanpa_tabungan"
"RT0204","anak_putus_sekolah"
"RT0204","bahan_bakar_kayu"
"RT0204","kepala_rt_pendidikan_rendah"
"RT0204","tanpa_internet"
"RT0204","tanpa_listrik_memadai"
"RT0205","air_tak_layak"
"RT0205","pekerja_informal"
"RT0205","sanitasi_tak_layak"
"RT0205","tanpa_jaminan_kesehatan"
"RT0206","kepala_rt_pendidikan_rendah"
"RT0206","pekerja_informal"
"RT0206","tanpa_internet"
"RT0206","tanpa_jaminan_kesehatan"
"RT0207","atap_lantai_tak_layak"
"RT0207","bahan_bakar_kayu"
"RT0207","kepala_rt_pendidikan_rendah"
"RT0207","pekerja_informal"
"RT0207","sanitasi_tak_layak"
"RT0207","tanpa_jaminan_kesehatan"
"RT0208","pekerja_informal"
"RT0208","rumah_sempit"
"RT0208","tanpa_internet"
"RT0209","pekerja_informal"
"RT0209","sanitasi_tak_layak"
"RT0210","sanitasi_tak_layak"
"RT0210","tanpa_tabungan"
"RT0211","bahan_bakar_kayu"
"RT0211","tanpa_jaminan_kesehatan"
"RT0212","atap_lantai_tak_layak"
"RT0212","pekerja_informal"
"RT0212","rumah_sempit"
"RT0212","tanpa_jaminan_kesehatan"
"RT0213","air_tak_layak"
"RT0213","bahan_bakar_kayu"
"RT0213","kepala_rt_pendidikan_rendah"
"RT0213","pekerja_informal"
"RT0213","rumah_sempit"
"RT0213","sanitasi_tak_layak"
"RT0213","tanpa_jaminan_kesehatan"
"RT0215","pekerja_informal"
"RT0215","rumah_sempit"
"RT0215","tanpa_jaminan_kesehatan"
"RT0216","air_tak_layak"
"RT0216","pekerja_informal"
"RT0216","tanpa_tabungan"
"RT0217","atap_lantai_tak_layak"
"RT0217","kepala_rt_pendidikan_rendah"
"RT0217","pekerja_informal"
"RT0217","rumah_sempit"
"RT0217","sanitasi_tak_layak"
"RT0217","tanpa_jaminan_kesehatan"
"RT0217","tanpa_tabungan"
"RT0218","air_tak_layak"
"RT0218","atap_lantai_tak_layak"
"RT0218","sanitasi_tak_layak"
"RT0219","air_tak_layak"
"RT0219","sanitasi_tak_layak"
"RT0219","tanpa_jaminan_kesehatan"
"RT0220","kepala_rt_pendidikan_rendah"
"RT0220","pekerja_informal"
"RT0220","rumah_sempit"
"RT0220","tanpa_listrik_memadai"
"RT0220","tanpa_tabungan"
"RT0221","anak_putus_sekolah"
"RT0221","kepala_rt_pendidikan_rendah"
"RT0221","sanitasi_tak_layak"
"RT0221","tanpa_internet"
"RT0221","tanpa_tabungan"
"RT0222","kepala_rt_pendidikan_rendah"
"RT0222","pekerja_informal"
"RT0222","rumah_sempit"
"RT0222","tanpa_internet"
"RT0222","tanpa_jaminan_kesehatan"
"RT0222","tanpa_tabungan"
"RT0223","atap_lantai_tak_layak"
"RT0223","pekerja_informal"
"RT0223","sanitasi_tak_layak"
"RT0223","tanpa_internet"
"RT0223","tanpa_jaminan_kesehatan"
"RT0223","tanpa_listrik_memadai"
"RT0224","air_tak_layak"
"RT0224","atap_lantai_tak_layak"
"RT0224","sanitasi_tak_layak"
"RT0224","tanpa_jaminan_kesehatan"
"RT0225","pekerja_informal"
"RT0225","rumah_sempit"
"RT0226","sanitasi_tak_layak"
"RT0227","kepala_rt_pendidikan_rendah"
"RT0227","pekerja_informal"
"RT0227","tanpa_jaminan_kesehatan"
"RT0227","tanpa_tabungan"
"RT0228","bahan_bakar_kayu"
"RT0228","kepala_rt_pendidikan_rendah"
"RT0228","pekerja_informal"
"RT0228","tanpa_internet"
"RT0228","tanpa_tabungan"
"RT0229","bahan_bakar_kayu"
"RT0229","pekerja_informal"
"RT0229","tanpa_internet"
"RT0229","tanpa_tabungan"
"RT0230","tanpa_jaminan_kesehatan"
"RT0230","tanpa_listrik_memadai"
"RT0232","air_tak_layak"
"RT0232","bahan_bakar_kayu"
"RT0232","pekerja_informal"
"RT0232","sanitasi_tak_layak"
"RT0232","tanpa_listrik_memadai"
"RT0232","tanpa_tabungan"
"RT0233","air_tak_layak"
"RT0233","atap_lantai_tak_layak"
"RT0233","bahan_bakar_kayu"
"RT0233","tanpa_listrik_memadai"
"RT0233","tanpa_tabungan"
"RT0234","pekerja_informal"
"RT0234","tanpa_internet"
"RT0234","tanpa_jaminan_kesehatan"
"RT0234","tanpa_tabungan"
"RT0235","pekerja_informal"
"RT0235","tanpa_jaminan_kesehatan"
"RT0236","kepala_rt_pendidikan_rendah"
"RT0236","tanpa_internet"
"RT0236","tanpa_jaminan_kesehatan"
"RT0237","air_tak_layak"
"RT0237","atap_lantai_tak_layak"
"RT0237","sanitasi_tak_layak"
"RT0237","tanpa_internet"
"RT0238","air_tak_layak"
"RT0238","pekerja_informal"
"RT0238","sanitasi_tak_layak"
"RT0239","kepala_rt_pendidikan_rendah"
"RT0239","pekerja_informal"
"RT0239","tanpa_tabungan"
"RT0240","pekerja_informal"
"RT0240","tanpa_tabungan"
"RT0242","air_tak_layak"
"RT0242","atap_lantai_tak_layak"
"RT0242","pekerja_informal"
"RT0242","rumah_sempit"
"RT0242","sanitasi_tak_layak"
"RT0242","tanpa_jaminan_kesehatan"
"RT0243","air_tak_layak"
"RT0243","atap_lantai_tak_layak"
"RT0243","pekerja_informal"
"RT0243","sanitasi_tak_layak"
"RT0243","tanpa_jaminan_kesehatan"
"RT0244","kepala_rt_pendidikan_rendah"
"RT0244","pekerja_informal"
"RT0244","tanpa_internet"
"RT0245","pekerja_informal"
"RT0245","tanpa_internet"
"RT0246","air_tak_layak"
"RT0246","kepala_rt_pendidikan_rendah"
"RT0246","pekerja_informal"
"RT0246","tanpa_jaminan_kesehatan"
"RT0246","tanpa_tabungan"
"RT0247","atap_lantai_tak_layak"
"RT0247","bahan_bakar_kayu"
"RT0247","pekerja_informal"
"RT0247","rumah_sempit"
"RT0247","tanpa_internet"
"RT0247","tanpa_jaminan_kesehatan"
"RT0248","bahan_bakar_kayu"
"RT0248","pekerja_informal"
"RT0248","tanpa_internet"
"RT0248","tanpa_listrik_memadai"
"RT0248","tanpa_tabungan"
"RT0249","air_tak_layak"
"RT0249","rumah_sempit"
"RT0249","sanitasi_tak_layak"
"RT0250","kepala_rt_pendidikan_rendah"
"RT0250","tanpa_internet"
"RT0250","tanpa_tabungan"
"RT0251","tanpa_listrik_memadai"
"RT0252","atap_lantai_tak_layak"
"RT0252","kepala_rt_pendidikan_rendah"
"RT0252","pekerja_informal"
"RT0252","tanpa_tabungan"
"RT0253","kepala_rt_pendidikan_rendah"
"RT0253","pekerja_informal"
"RT0253","tanpa_jaminan_kesehatan"
"RT0254","rumah_sempit"
"RT0254","tanpa_listrik_memadai"
"RT0255","bahan_bakar_kayu"
"RT0255","kepala_rt_pendidikan_rendah"
"RT0255","pekerja_informal"
"RT0255","sanitasi_tak_layak"
"RT0255","tanpa_internet"
"RT0255","tanpa_jaminan_kesehatan"
"RT0255","tanpa_listrik_memadai"
"RT0255","tanpa_tabungan"
"RT0256","kepala_rt_pendidikan_rendah"
"RT0256","pekerja_informal"
"RT0256","tanpa_tabungan"
"RT0257","air_tak_layak"
"RT0257","anak_putus_sekolah"
"RT0257","atap_lantai_tak_layak"
"RT0257","kepala_rt_pendidikan_rendah"
"RT0257","pekerja_informal"
"RT0257","sanitasi_tak_layak"
"RT0258","atap_lantai_tak_layak"
"RT0258","kepala_rt_pendidikan_rendah"
"RT0258","pekerja_informal"
"RT0258","sanitasi_tak_layak"
"RT0258","tanpa_tabungan"
"RT0259","pekerja_informal"
"RT0259","sanitasi_tak_layak"
"RT0260","bahan_bakar_kayu"
"RT0260","pekerja_informal"
"RT0260","tanpa_internet"
"RT0260","tanpa_listrik_memadai"
"RT0260","tanpa_tabungan"
"RT0261","atap_lantai_tak_layak"
"RT0262","air_tak_layak"
"RT0262","atap_lantai_tak_layak"
"RT0262","sanitasi_tak_layak"
"RT0262","tanpa_jaminan_kesehatan"
"RT0262","tanpa_tabungan"
"RT0263","air_tak_layak"
"RT0263","bahan_bakar_kayu"
"RT0263","kepala_rt_pendidikan_rendah"
"RT0263","sanitasi_tak_layak"
"RT0263","tanpa_internet"
"RT0263","tanpa_jaminan_kesehatan"
"RT0264","atap_lantai_tak_layak"
"RT0264","tanpa_internet"
"RT0265","atap_lantai_tak_layak"
"RT0265","pekerja_informal"
"RT0265","tanpa_internet"
"RT0266","pekerja_informal"
"RT0266","tanpa_jaminan_kesehatan"
"RT0267","air_tak_layak"
"RT0267","kepala_rt_pendidikan_rendah"
"RT0267","pekerja_informal"
"RT0267","sanitasi_tak_layak"
"RT0267","tanpa_tabungan"
"RT0268","kepala_rt_pendidikan_rendah"
"RT0268","pekerja_informal"
"RT0268","tanpa_jaminan_kesehatan"
"RT0269","kepala_rt_pendidikan_rendah"
"RT0269","pekerja_informal"
"RT0269","rumah_sempit"
"RT0269","tanpa_tabungan"
"RT0270","tanpa_internet"
"RT0270","tanpa_jaminan_kesehatan"
"RT0271","pekerja_informal"
"RT0271","tanpa_jaminan_kesehatan"
"RT0271","tanpa_tabungan"
"RT0272","atap_lantai_tak_layak"
"RT0272","bahan_bakar_kayu"
"RT0272","sanitasi_tak_layak"
"RT0272","tanpa_listrik_memadai"
"RT0272","tanpa_tabungan"
"RT0273","kepala_rt_pendidikan_rendah"
"RT0274","air_tak_layak"
"RT0274","atap_lantai_tak_layak"
"RT0274","bahan_bakar_kayu"
"RT0274","pekerja_informal"
"RT0274","sanitasi_tak_layak"
"RT0274","tanpa_internet"
"RT0274","tanpa_jaminan_kesehatan"
"RT0274","tanpa_listrik_memadai"
"RT0274","tanpa_tabungan"
"RT0275","rumah_sempit"
"RT0275","tanpa_internet"
"RT0276","pekerja_informal"
"RT0276","rumah_sempit"
"RT0276","tanpa_internet"
"RT0276","tanpa_tabungan"
"RT0277","tanpa_tabungan"
"RT0278","tanpa_jaminan_kesehatan"
"RT0279","atap_lantai_tak_layak"
"RT0279","pekerja_informal"
"RT0279","tanpa_internet"
"RT0279","tanpa_jaminan_kesehatan"
"RT0279","tanpa_tabungan"
"RT0280","kepala_rt_pendidikan_rendah"
"RT0280","tanpa_listrik_memadai"
"RT0281","atap_lantai_tak_layak"
"RT0281","tanpa_jaminan_kesehatan"
"RT0281","tanpa_tabungan"
"RT0282","tanpa_internet"
"RT0282","tanpa_jaminan_kesehatan"
"RT0283","atap_lantai_tak_layak"
"RT0283","kepala_rt_pendidikan_rendah"
"RT0283","pekerja_informal"
"RT0283","tanpa_jaminan_kesehatan"
"RT0284","pekerja_informal"
"RT0284","rumah_sempit"
"RT0284","sanitasi_tak_layak"
"RT0284","tanpa_internet"
"RT0284","tanpa_jaminan_kesehatan"
"RT0285","air_tak_layak"
"RT0285","atap_lantai_tak_layak"
"RT0285","kepala_rt_pendidikan_rendah"
"RT0285","pekerja_informal"
"RT0285","rumah_sempit"
"RT0285","sanitasi_tak_layak"
"RT0285","tanpa_jaminan_kesehatan"
"RT0285","tanpa_tabungan"
"RT0286","air_tak_layak"
"RT0286","bahan_bakar_kayu"
"RT0286","pekerja_informal"
"RT0286","tanpa_jaminan_kesehatan"
"RT0286","tanpa_listrik_memadai"
"RT0286","tanpa_tabungan"
"RT0287","air_tak_layak"
"RT0287","bahan_bakar_kayu"
"RT0287","pekerja_informal"
"RT0287","tanpa_tabungan"
"RT0288","atap_lantai_tak_layak"
"RT0288","sanitasi_tak_layak"
"RT0288","tanpa_tabungan"
"RT0289","air_tak_layak"
"RT0289","sanitasi_tak_layak"
"RT0290","air_tak_layak"
"RT0290","kepala_rt_pendidikan_rendah"
"RT0290","pekerja_informal"
"RT0290","tanpa_internet"
"RT0290","tanpa_jaminan_kesehatan"
"RT0291","bahan_bakar_kayu"
"RT0291","pekerja_informal"
"RT0291","rumah_sempit"
"RT0291","tanpa_tabungan"
"RT0292","kepala_rt_pendidikan_rendah"
"RT0292","pekerja_informal"
"RT0292","tanpa_internet"
"RT0292","tanpa_tabungan"
"RT0293","atap_lantai_tak_layak"
"RT0293","kepala_rt_pendidikan_rendah"
"RT0293","pekerja_informal"
"RT0293","sanitasi_tak_layak"
"RT0294","pekerja_informal"
"RT0294","sanitasi_tak_layak"
"RT0294","tanpa_tabungan"
"RT0295","kepala_rt_pendidikan_rendah"
"RT0295","pekerja_informal"
"RT0295","tanpa_tabungan"
"RT0296","anak_putus_sekolah"
"RT0296","kepala_rt_pendidikan_rendah"
"RT0296","pekerja_informal"
"RT0296","rumah_sempit"
"RT0296","tanpa_jaminan_kesehatan"
"RT0296","tanpa_tabungan"
"RT0297","tanpa_jaminan_kesehatan"
"RT0297","tanpa_tabungan"
"RT0298","atap_lantai_tak_layak"
"RT0298","bahan_bakar_kayu"
"RT0298","pekerja_informal"
"RT0298","sanitasi_tak_layak"
"RT0298","tanpa_jaminan_kesehatan"
"RT0298","tanpa_tabungan"
"RT0299","tanpa_internet"
"RT0299","tanpa_tabungan"
"RT0300","air_tak_layak"
"RT0300","sanitasi_tak_layak"
"RT0301","anak_putus_sekolah"
"RT0301","kepala_rt_pendidikan_rendah"
"RT0301","tanpa_listrik_memadai"
"RT0301","tanpa_tabungan"
"RT0302","air_tak_layak"
"RT0303","tanpa_internet"
"RT0303","tanpa_jaminan_kesehatan"
"RT0303","tanpa_tabungan"
"RT0304","kepala_rt_pendidikan_rendah"
"RT0304","pekerja_informal"
"RT0304","tanpa_internet"
"RT0304","tanpa_jaminan_kesehatan"
"RT0305","kepala_rt_pendidikan_rendah"
"RT0305","pekerja_informal"
"RT0305","tanpa_jaminan_kesehatan"
"RT0306","kepala_rt_pendidikan_rendah"
"RT0306","pekerja_informal"
"RT0306","sanitasi_tak_layak"
"RT0307","rumah_sempit"
"RT0308","bahan_bakar_kayu"
"RT0308","kepala_rt_pendidikan_rendah"
"RT0308","pekerja_informal"
"RT0308","tanpa_jaminan_kesehatan"
"RT0308","tanpa_listrik_memadai"
"RT0309","kepala_rt_pendidikan_rendah"
"RT0309","tanpa_internet"
"RT0310","pekerja_informal"
"RT0310","sanitasi_tak_layak"
"RT0310","tanpa_internet"
"RT0310","tanpa_jaminan_kesehatan"
"RT0310","tanpa_tabungan"
"RT0311","anak_putus_sekolah"
"RT0311","kepala_rt_pendidikan_rendah"
"RT0311","rumah_sempit"
"RT0311","tanpa_jaminan_kesehatan"
"RT0312","pekerja_informal"
"RT0312","tanpa_jaminan_kesehatan"
"RT0312","tanpa_tabungan"
"RT0313","atap_lantai_tak_layak"
"RT0313","pekerja_informal"
"RT0313","tanpa_internet"
"RT0314","pekerja_informal"
"RT0314","tanpa_jaminan_kesehatan"
"RT0314","tanpa_tabungan"
"RT0315","bahan_bakar_kayu"
"RT0315","pekerja_informal"
"RT0315","tanpa_internet"
"RT0315","tanpa_jaminan_kesehatan"
"RT0316","pekerja_informal"
"RT0316","tanpa_jaminan_kesehatan"
"RT0317","tanpa_listrik_memadai"
"RT0317","tanpa_tabungan"
"RT0318","pekerja_informal"
"RT0318","tanpa_internet"
"RT0318","tanpa_tabungan"
"RT0319","rumah_sempit"
"RT0319","sanitasi_tak_layak"
"RT0319","tanpa_listrik_memadai"
"RT0319","tanpa_tabungan"
"RT0320","anak_putus_sekolah"
"RT0320","kepala_rt_pendidikan_rendah"
"RT0320","tanpa_listrik_memadai"
"RT0320","tanpa_tabungan"
"RT0321","atap_lantai_tak_layak"
"RT0321","tanpa_internet"
"RT0321","tanpa_tabungan"
"RT0322","bahan_bakar_kayu"
"RT0322","kepala_rt_pendidikan_rendah"
"RT0322","pekerja_informal"
"RT0322","tanpa_jaminan_kesehatan"
"RT0322","tanpa_listrik_memadai"
"RT0323","tanpa_tabungan"
"RT0325","air_tak_layak"
"RT0325","atap_lantai_tak_layak"
"RT0325","pekerja_informal"
"RT0325","sanitasi_tak_layak"
"RT0327","atap_lantai_tak_layak"
"RT0327","rumah_sempit"
"RT0327","sanitasi_tak_layak"
"RT0327","tanpa_tabungan"
"RT0328","anak_putus_sekolah"
"RT0328","kepala_rt_pendidikan_rendah"
"RT0328","pekerja_informal"
"RT0328","tanpa_tabungan"
"RT0329","kepala_rt_pendidikan_rendah"
"RT0329","pekerja_informal"
"RT0329","sanitasi_tak_layak"
"RT0329","tanpa_internet"
"RT0329","tanpa_jaminan_kesehatan"
"RT0331","bahan_bakar_kayu"
"RT0331","kepala_rt_pendidikan_rendah"
"RT0331","pekerja_informal"
"RT0331","rumah_sempit"
"RT0331","tanpa_listrik_memadai"
"RT0331","tanpa_tabungan"
"RT0332","pekerja_informal"
"RT0332","tanpa_tabungan"
"RT0333","bahan_bakar_kayu"
"RT0333","rumah_sempit"
"RT0333","tanpa_jaminan_kesehatan"
"RT0334","pekerja_informal"
"RT0334","tanpa_jaminan_kesehatan"
"RT0335","pekerja_informal"
"RT0335","tanpa_internet"
"RT0335","tanpa_jaminan_kesehatan"
"RT0336","kepala_rt_pendidikan_rendah"
"RT0336","pekerja_informal"
"RT0336","sanitasi_tak_layak"
"RT0336","tanpa_jaminan_kesehatan"
"RT0336","tanpa_tabungan"
"RT0339","pekerja_informal"
"RT0339","tanpa_tabungan"
"RT0340","pekerja_informal"
"RT0340","sanitasi_tak_layak"
"RT0340","tanpa_jaminan_kesehatan"
"RT0340","tanpa_tabungan"
"RT0341","kepala_rt_pendidikan_rendah"
"RT0341","pekerja_informal"
"RT0341","tanpa_jaminan_kesehatan"
"RT0341","tanpa_tabungan"
"RT0342","kepala_rt_pendidikan_rendah"
"RT0342","pekerja_informal"
"RT0342","tanpa_internet"
"RT0342","tanpa_jaminan_kesehatan"
"RT0342","tanpa_tabungan"
"RT0343","kepala_rt_pendidikan_rendah"
"RT0343","pekerja_informal"
"RT0343","rumah_sempit"
"RT0343","tanpa_internet"
"RT0343","tanpa_jaminan_kesehatan"
"RT0344","atap_lantai_tak_layak"
"RT0344","bahan_bakar_kayu"
"RT0344","kepala_rt_pendidikan_rendah"
"RT0344","pekerja_informal"
"RT0344","sanitasi_tak_layak"
"RT0345","bahan_bakar_kayu"
"RT0345","kepala_rt_pendidikan_rendah"
"RT0345","pekerja_informal"
"RT0345","tanpa_listrik_memadai"
"RT0346","air_tak_layak"
"RT0346","pekerja_informal"
"RT0346","sanitasi_tak_layak"
"RT0346","tanpa_jaminan_kesehatan"
"RT0346","tanpa_tabungan"
"RT0347","bahan_bakar_kayu"
"RT0347","tanpa_internet"
"RT0347","tanpa_listrik_memadai"
"RT0348","air_tak_layak"
"RT0348","atap_lantai_tak_layak"
"RT0348","rumah_sempit"
"RT0348","sanitasi_tak_layak"
"RT0348","tanpa_internet"
"RT0348","tanpa_jaminan_kesehatan"
"RT0349","tanpa_tabungan"
"RT0350","air_tak_layak"
"RT0350","atap_lantai_tak_layak"
"RT0350","kepala_rt_pendidikan_rendah"
"RT0350","rumah_sempit"
"RT0350","sanitasi_tak_layak"
"RT0350","tanpa_listrik_memadai"
"RT0351","kepala_rt_pendidikan_rendah"
"RT0351","tanpa_internet"
"RT0352","air_tak_layak"
"RT0352","anak_putus_sekolah"
"RT0352","kepala_rt_pendidikan_rendah"
"RT0352","pekerja_informal"
"RT0352","sanitasi_tak_layak"
"RT0352","tanpa_jaminan_kesehatan"
"RT0352","tanpa_tabungan"
"RT0353","bahan_bakar_kayu"
"RT0353","pekerja_informal"
"RT0353","sanitasi_tak_layak"
"RT0353","tanpa_jaminan_kesehatan"
"RT0353","tanpa_listrik_memadai"
"RT0354","air_tak_layak"
"RT0354","atap_lantai_tak_layak"
"RT0354","bahan_bakar_kayu"
"RT0354","kepala_rt_pendidikan_rendah"
"RT0354","pekerja_informal"
"RT0354","rumah_sempit"
"RT0354","sanitasi_tak_layak"
"RT0354","tanpa_jaminan_kesehatan"
"RT0354","tanpa_listrik_memadai"
"RT0354","tanpa_tabungan"
"RT0356","pekerja_informal"
"RT0356","tanpa_internet"
"RT0356","tanpa_tabungan"
"RT0357","air_tak_layak"
"RT0357","rumah_sempit"
"RT0358","air_tak_layak"
"RT0358","atap_lantai_tak_layak"
"RT0358","sanitasi_tak_layak"
"RT0358","tanpa_internet"
"RT0359","air_tak_layak"
"RT0359","kepala_rt_pendidikan_rendah"
"RT0359","pekerja_informal"
"RT0359","sanitasi_tak_layak"
"RT0360","anak_putus_sekolah"
"RT0360","kepala_rt_pendidikan_rendah"
"RT0360","pekerja_informal"
"RT0360","rumah_sempit"
"RT0360","tanpa_jaminan_kesehatan"
"RT0360","tanpa_tabungan"
"RT0361","pekerja_informal"
"RT0362","atap_lantai_tak_layak"
"RT0362","pekerja_informal"
"RT0362","sanitasi_tak_layak"
"RT0363","tanpa_internet"
"RT0363","tanpa_tabungan"
"RT0364","air_tak_layak"
"RT0364","atap_lantai_tak_layak"
"RT0364","kepala_rt_pendidikan_rendah"
"RT0364","pekerja_informal"
"RT0364","sanitasi_tak_layak"
"RT0364","tanpa_jaminan_kesehatan"
"RT0365","bahan_bakar_kayu"
"RT0365","rumah_sempit"
"RT0365","tanpa_jaminan_kesehatan"
"RT0365","tanpa_listrik_memadai"
"RT0366","air_tak_layak"
"RT0366","bahan_bakar_kayu"
"RT0366","kepala_rt_pendidikan_rendah"
"RT0366","pekerja_informal"
"RT0366","rumah_sempit"
"RT0366","tanpa_listrik_memadai"
"RT0366","tanpa_tabungan"
"RT0367","anak_putus_sekolah"
"RT0367","kepala_rt_pendidikan_rendah"
"RT0367","pekerja_informal"
"RT0368","kepala_rt_pendidikan_rendah"
"RT0368","pekerja_informal"
"RT0368","tanpa_jaminan_kesehatan"
"RT0369","pekerja_informal"
"RT0369","sanitasi_tak_layak"
"RT0370","tanpa_internet"
"RT0371","pekerja_informal"
"RT0371","tanpa_tabungan"
"RT0372","kepala_rt_pendidikan_rendah"
"RT0372","tanpa_internet"
"RT0373","pekerja_informal"
"RT0373","rumah_sempit"
"RT0373","tanpa_jaminan_kesehatan"
"RT0373","tanpa_tabungan"
"RT0374","bahan_bakar_kayu"
"RT0375","air_tak_layak"
"RT0375","tanpa_internet"
"RT0375","tanpa_listrik_memadai"
"RT0376","air_tak_layak"
"RT0376","pekerja_informal"
"RT0376","sanitasi_tak_layak"
"RT0376","tanpa_jaminan_kesehatan"
"RT0376","tanpa_tabungan"
"RT0377","kepala_rt_pendidikan_rendah"
"RT0377","pekerja_informal"
"RT0377","rumah_sempit"
"RT0377","tanpa_jaminan_kesehatan"
"RT0378","atap_lantai_tak_layak"
"RT0378","kepala_rt_pendidikan_rendah"
"RT0378","pekerja_informal"
"RT0378","tanpa_jaminan_kesehatan"
"RT0379","anak_putus_sekolah"
"RT0379","atap_lantai_tak_layak"
"RT0379","pekerja_informal"
"RT0379","sanitasi_tak_layak"
"RT0379","tanpa_tabungan"
"RT0380","air_tak_layak"
"RT0380","atap_lantai_tak_layak"
"RT0380","sanitasi_tak_layak"
"RT0381","kepala_rt_pendidikan_rendah"
"RT0381","pekerja_informal"
"RT0382","atap_lantai_tak_layak"
"RT0382","kepala_rt_pendidikan_rendah"
"RT0382","pekerja_informal"
"RT0382","sanitasi_tak_layak"
"RT0383","pekerja_informal"
"RT0383","tanpa_tabungan"
"RT0384","tanpa_internet"
"RT0384","tanpa_listrik_memadai"
"RT0384","tanpa_tabungan"
"RT0385","air_tak_layak"
"RT0385","bahan_bakar_kayu"
"RT0385","pekerja_informal"
"RT0385","rumah_sempit"
"RT0385","sanitasi_tak_layak"
"RT0385","tanpa_internet"
"RT0385","tanpa_listrik_memadai"
"RT0385","tanpa_tabungan"
"RT0386","atap_lantai_tak_layak"
"RT0386","kepala_rt_pendidikan_rendah"
"RT0386","sanitasi_tak_layak"
"RT0386","tanpa_listrik_memadai"
"RT0387","pekerja_informal"
"RT0387","tanpa_jaminan_kesehatan"
"RT0387","tanpa_tabungan"
"RT0388","pekerja_informal"
"RT0388","rumah_sempit"
"RT0388","sanitasi_tak_layak"
"RT0388","tanpa_jaminan_kesehatan"
"RT0389","air_tak_layak"
"RT0389","atap_lantai_tak_layak"
"RT0389","sanitasi_tak_layak"
"RT0389","tanpa_jaminan_kesehatan"
"RT0390","air_tak_layak"
"RT0390","bahan_bakar_kayu"
"RT0390","pekerja_informal"
"RT0390","sanitasi_tak_layak"
"RT0390","tanpa_jaminan_kesehatan"
"RT0390","tanpa_listrik_memadai"
"RT0391","bahan_bakar_kayu"
"RT0391","kepala_rt_pendidikan_rendah"
"RT0391","pekerja_informal"
"RT0391","rumah_sempit"
"RT0391","tanpa_internet"
"RT0391","tanpa_jaminan_kesehatan"
"RT0391","tanpa_listrik_memadai"
"RT0391","tanpa_tabungan"
"RT0392","pekerja_informal"
"RT0392","sanitasi_tak_layak"
"RT0392","tanpa_jaminan_kesehatan"
"RT0393","pekerja_informal"
"RT0393","tanpa_internet"
"RT0393","tanpa_jaminan_kesehatan"
"RT0394","air_tak_layak"
"RT0394","bahan_bakar_kayu"
"RT0394","rumah_sempit"
"RT0394","sanitasi_tak_layak"
"RT0394","tanpa_internet"
"RT0394","tanpa_jaminan_kesehatan"
"RT0394","tanpa_listrik_memadai"
"RT0394","tanpa_tabungan"
"RT0395","kepala_rt_pendidikan_rendah"
"RT0395","rumah_sempit"
"RT0396","air_tak_layak"
"RT0396","bahan_bakar_kayu"
"RT0396","pekerja_informal"
"RT0396","tanpa_jaminan_kesehatan"
"RT0396","tanpa_listrik_memadai"
"RT0397","tanpa_internet"
"RT0397","tanpa_tabungan"
"RT0398","bahan_bakar_kayu"
"RT0398","pekerja_informal"
"RT0398","tanpa_internet"
"RT0398","tanpa_listrik_memadai"
"RT0399","tanpa_internet"
"RT0400","pekerja_informal"
"RT0400","tanpa_tabungan"
"RT0401","kepala_rt_pendidikan_rendah"
"RT0401","rumah_sempit"
"RT0401","tanpa_internet"
"RT0401","tanpa_jaminan_kesehatan"
"RT0402","tanpa_tabungan"
"RT0403","air_tak_layak"
"RT0403","atap_lantai_tak_layak"
"RT0403","sanitasi_tak_layak"
"RT0403","tanpa_internet"
"RT0404","pekerja_informal"
"RT0404","rumah_sempit"
"RT0404","tanpa_jaminan_kesehatan"
"RT0404","tanpa_listrik_memadai"
"RT0405","atap_lantai_tak_layak"
"RT0405","kepala_rt_pendidikan_rendah"
"RT0405","pekerja_informal"
"RT0405","sanitasi_tak_layak"
"RT0405","tanpa_jaminan_kesehatan"
"RT0406","air_tak_layak"
"RT0406","sanitasi_tak_layak"
"RT0406","tanpa_internet"
"RT0408","atap_lantai_tak_layak"
"RT0408","pekerja_informal"
"RT0408","tanpa_tabungan"
"RT0410","atap_lantai_tak_layak"
"RT0410","pekerja_informal"
"RT0410","sanitasi_tak_layak"
"RT0411","anak_putus_sekolah"
"RT0411","atap_lantai_tak_layak"
"RT0411","bahan_bakar_kayu"
"RT0411","kepala_rt_pendidikan_rendah"
"RT0411","pekerja_informal"
"RT0411","tanpa_jaminan_kesehatan"
"RT0411","tanpa_tabungan"
"RT0412","pekerja_informal"
"RT0412","tanpa_jaminan_kesehatan"
"RT0413","kepala_rt_pendidikan_rendah"
"RT0413","pekerja_informal"
"RT0413","tanpa_tabungan"
"RT0414","kepala_rt_pendidikan_rendah"
"RT0414","pekerja_informal"
"RT0414","tanpa_jaminan_kesehatan"
"RT0415","atap_lantai_tak_layak"
"RT0415","pekerja_informal"
"RT0415","sanitasi_tak_layak"
"RT0415","tanpa_tabungan"
"RT0416","pekerja_informal"
"RT0416","tanpa_jaminan_kesehatan"
"RT0416","tanpa_tabungan"
"RT0417","air_tak_layak"
"RT0417","atap_lantai_tak_layak"
"RT0417","sanitasi_tak_layak"
"RT0417","tanpa_jaminan_kesehatan"
"RT0417","tanpa_listrik_memadai"
"RT0418","atap_lantai_tak_layak"
"RT0418","pekerja_informal"
"RT0418","sanitasi_tak_layak"
"RT0418","tanpa_jaminan_kesehatan"
"RT0419","atap_lantai_tak_layak"
"RT0419","tanpa_listrik_memadai"
"RT0420","pekerja_informal"
"RT0420","tanpa_internet"
"RT0420","tanpa_tabungan"
"RT0421","bahan_bakar_kayu"
"RT0421","pekerja_informal"
"RT0421","rumah_sempit"
"RT0421","tanpa_jaminan_kesehatan"
"RT0421","tanpa_listrik_memadai"
"RT0422","bahan_bakar_kayu"
"RT0422","kepala_rt_pendidikan_rendah"
"RT0422","pekerja_informal"
"RT0422","tanpa_jaminan_kesehatan"
"RT0422","tanpa_listrik_memadai"
"RT0423","pekerja_informal"
"RT0423","rumah_sempit"
"RT0423","tanpa_jaminan_kesehatan"
"RT0424","anak_putus_sekolah"
"RT0424","kepala_rt_pendidikan_rendah"
"RT0424","rumah_sempit"
"RT0424","tanpa_tabungan"
"RT0425","atap_lantai_tak_layak"
"RT0425","kepala_rt_pendidikan_rendah"
"RT0425","pekerja_informal"
"RT0425","rumah_sempit"
"RT0425","sanitasi_tak_layak"
"RT0425","tanpa_tabungan"
"RT0426","kepala_rt_pendidikan_rendah"
"RT0426","sanitasi_tak_layak"
"RT0426","tanpa_internet"
"RT0426","tanpa_tabungan"
"RT0427","tanpa_jaminan_kesehatan"
"RT0428","rumah_sempit"
"RT0429","pekerja_informal"
"RT0430","air_tak_layak"
"RT0430","kepala_rt_pendidikan_rendah"
"RT0430","pekerja_informal"
"RT0430","rumah_sempit"
"RT0430","sanitasi_tak_layak"
"RT0430","tanpa_jaminan_kesehatan"
"RT0431","air_tak_layak"
"RT0431","kepala_rt_pendidikan_rendah"
"RT0431","tanpa_internet"
"RT0432","air_tak_layak"
"RT0432","bahan_bakar_kayu"
"RT0432","pekerja_informal"
"RT0432","tanpa_tabungan"
"RT0433","air_tak_layak"
"RT0433","atap_lantai_tak_layak"
"RT0433","pekerja_informal"
"RT0433","sanitasi_tak_layak"
"RT0433","tanpa_internet"
"RT0433","tanpa_tabungan"
"RT0434","air_tak_layak"
"RT0434","kepala_rt_pendidikan_rendah"
"RT0434","pekerja_informal"
"RT0435","anak_putus_sekolah"
"RT0435","atap_lantai_tak_layak"
"RT0435","kepala_rt_pendidikan_rendah"
"RT0435","rumah_sempit"
"RT0435","sanitasi_tak_layak"
"RT0435","tanpa_tabungan"
"RT0436","air_tak_layak"
"RT0436","atap_lantai_tak_layak"
"RT0436","kepala_rt_pendidikan_rendah"
"RT0436","sanitasi_tak_layak"
"RT0437","bahan_bakar_kayu"
"RT0437","pekerja_informal"
"RT0437","rumah_sempit"
"RT0437","tanpa_internet"
"RT0437","tanpa_jaminan_kesehatan"
"RT0437","tanpa_listrik_memadai"
"RT0437","tanpa_tabungan"
"RT0438","pekerja_informal"
"RT0438","tanpa_jaminan_kesehatan"
"RT0438","tanpa_listrik_memadai"
"RT0439","pekerja_informal"
"RT0439","tanpa_jaminan_kesehatan"
"RT0439","tanpa_tabungan"
"RT0440","pekerja_informal"
"RT0440","tanpa_tabungan"
"RT0441","air_tak_layak"
"RT0441","atap_lantai_tak_layak"
"RT0441","sanitasi_tak_layak"
"RT0441","tanpa_internet"
"RT0442","kepala_rt_pendidikan_rendah"
"RT0442","pekerja_informal"
"RT0442","tanpa_internet"
"RT0442","tanpa_jaminan_kesehatan"
"RT0443","pekerja_informal"
"RT0443","tanpa_tabungan"
"RT0444","air_tak_layak"
"RT0444","atap_lantai_tak_layak"
"RT0444","pekerja_informal"
"RT0444","rumah_sempit"
"RT0444","sanitasi_tak_layak"
"RT0444","tanpa_internet"
"RT0444","tanpa_jaminan_kesehatan"
"RT0444","tanpa_tabungan"
"RT0445","pekerja_informal"
"RT0445","rumah_sempit"
"RT0445","tanpa_jaminan_kesehatan"
"RT0446","air_tak_layak"
"RT0446","bahan_bakar_kayu"
"RT0446","sanitasi_tak_layak"
"RT0446","tanpa_listrik_memadai"
"RT0446","tanpa_tabungan"
"RT0447","pekerja_informal"
"RT0447","tanpa_listrik_memadai"
"RT0447","tanpa_tabungan"
"RT0448","pekerja_informal"
"RT0449","air_tak_layak"
"RT0449","atap_lantai_tak_layak"
"RT0449","pekerja_informal"
"RT0449","sanitasi_tak_layak"
"RT0449","tanpa_tabungan"
"RT0450","air_tak_layak"
"RT0450","atap_lantai_tak_layak"
"RT0450","pekerja_informal"
"RT0450","sanitasi_tak_layak"
"RT0450","tanpa_tabungan"
"RT0451","tanpa_jaminan_kesehatan"
"RT0452","air_tak_layak"
"RT0452","pekerja_informal"
"RT0452","tanpa_internet"
"RT0452","tanpa_jaminan_kesehatan"
"RT0452","tanpa_tabungan"
"RT0453","bahan_bakar_kayu"
"RT0453","kepala_rt_pendidikan_rendah"
"RT0453","tanpa_internet"
"RT0454","kepala_rt_pendidikan_rendah"
"RT0454","rumah_sempit"
"RT0454","sanitasi_tak_layak"
"RT0455","bahan_bakar_kayu"
"RT0455","kepala_rt_pendidikan_rendah"
"RT0455","tanpa_internet"
"RT0455","tanpa_listrik_memadai"
"RT0456","pekerja_informal"
"RT0456","rumah_sempit"
"RT0457","anak_putus_sekolah"
"RT0457","kepala_rt_pendidikan_rendah"
"RT0457","pekerja_informal"
"RT0457","tanpa_jaminan_kesehatan"
"RT0457","tanpa_tabungan"
"RT0458","rumah_sempit"
"RT0458","sanitasi_tak_layak"
"RT0458","tanpa_jaminan_kesehatan"
"RT0459","anak_putus_sekolah"
"RT0459","kepala_rt_pendidikan_rendah"
"RT0459","tanpa_internet"
"RT0460","anak_putus_sekolah"
"RT0460","kepala_rt_pendidikan_rendah"
"RT0461","tanpa_internet"
"RT0461","tanpa_tabungan"
"RT0464","rumah_sempit"
"RT0464","tanpa_internet"
"RT0464","tanpa_tabungan"
"RT0465","air_tak_layak"
"RT0465","sanitasi_tak_layak"
"RT0466","pekerja_informal"
"RT0466","rumah_sempit"
"RT0466","tanpa_internet"
"RT0466","tanpa_jaminan_kesehatan"
"RT0466","tanpa_listrik_memadai"
"RT0466","tanpa_tabungan"
"RT0467","atap_lantai_tak_layak"
"RT0467","bahan_bakar_kayu"
"RT0467","kepala_rt_pendidikan_rendah"
"RT0467","rumah_sempit"
"RT0467","tanpa_jaminan_kesehatan"
"RT0467","tanpa_listrik_memadai"
"RT0468","anak_putus_sekolah"
"RT0468","kepala_rt_pendidikan_rendah"
"RT0468","tanpa_jaminan_kesehatan"
"RT0468","tanpa_tabungan"
"RT0469","rumah_sempit"
"RT0470","anak_putus_sekolah"
"RT0470","kepala_rt_pendidikan_rendah"
"RT0470","pekerja_informal"
"RT0470","tanpa_tabungan"
"RT0471","bahan_bakar_kayu"
"RT0471","kepala_rt_pendidikan_rendah"
"RT0471","pekerja_informal"
"RT0471","tanpa_listrik_memadai"
"RT0472","bahan_bakar_kayu"
"RT0472","pekerja_informal"
"RT0472","tanpa_internet"
"RT0472","tanpa_jaminan_kesehatan"
"RT0472","tanpa_listrik_memadai"
"RT0473","anak_putus_sekolah"
"RT0473","bahan_bakar_kayu"
"RT0473","kepala_rt_pendidikan_rendah"
"RT0473","rumah_sempit"
"RT0473","tanpa_internet"
"RT0473","tanpa_tabungan"
"RT0474","pekerja_informal"
"RT0474","rumah_sempit"
"RT0474","tanpa_listrik_memadai"
"RT0474","tanpa_tabungan"
"RT0475","pekerja_informal"
"RT0475","rumah_sempit"
"RT0475","tanpa_internet"
"RT0475","tanpa_jaminan_kesehatan"
"RT0475","tanpa_tabungan"
"RT0477","air_tak_layak"
"RT0477","anak_putus_sekolah"
"RT0477","kepala_rt_pendidikan_rendah"
"RT0477","pekerja_informal"
"RT0477","sanitasi_tak_layak"
"RT0477","tanpa_tabungan"
"RT0478","air_tak_layak"
"RT0478","atap_lantai_tak_layak"
"RT0478","sanitasi_tak_layak"
"RT0479","atap_lantai_tak_layak"
"RT0479","pekerja_informal"
"RT0479","tanpa_internet"
"RT0479","tanpa_tabungan"
"RT0480","kepala_rt_pendidikan_rendah"
"RT0480","pekerja_informal"
"RT0481","pekerja_informal"
"RT0481","rumah_sempit"
"RT0482","sanitasi_tak_layak"
"RT0482","tanpa_jaminan_kesehatan"
"RT0482","tanpa_tabungan"
"RT0483","atap_lantai_tak_layak"
"RT0483","pekerja_informal"
"RT0483","rumah_sempit"
"RT0483","sanitasi_tak_layak"
"RT0483","tanpa_internet"
"RT0483","tanpa_jaminan_kesehatan"
"RT0484","tanpa_internet"
"RT0484","tanpa_listrik_memadai"
"RT0484","tanpa_tabungan"
"RT0485","atap_lantai_tak_layak"
"RT0485","kepala_rt_pendidikan_rendah"
"RT0485","rumah_sempit"
"RT0485","sanitasi_tak_layak"
"RT0485","tanpa_internet"
"RT0486","kepala_rt_pendidikan_rendah"
"RT0487","pekerja_informal"
"RT0487","rumah_sempit"
"RT0487","sanitasi_tak_layak"
"RT0487","tanpa_internet"
"RT0487","tanpa_jaminan_kesehatan"
"RT0488","tanpa_tabungan"
"RT0489","pekerja_informal"
"RT0489","tanpa_jaminan_kesehatan"
"RT0489","tanpa_tabungan"
"RT0490","rumah_sempit"
"RT0490","tanpa_listrik_memadai"
"RT0491","air_tak_layak"
"RT0491","bahan_bakar_kayu"
"RT0491","sanitasi_tak_layak"
"RT0491","tanpa_internet"
"RT0491","tanpa_listrik_memadai"
"RT0492","sanitasi_tak_layak"
"RT0492","tanpa_internet"
"RT0492","tanpa_tabungan"
"RT0493","kepala_rt_pendidikan_rendah"
"RT0493","pekerja_informal"
"RT0494","air_tak_layak"
"RT0494","atap_lantai_tak_layak"
"RT0494","pekerja_informal"
"RT0494","rumah_sempit"
"RT0494","sanitasi_tak_layak"
"RT0494","tanpa_jaminan_kesehatan"
"RT0494","tanpa_tabungan"
"RT0495","bahan_bakar_kayu"
"RT0495","pekerja_informal"
"RT0495","tanpa_jaminan_kesehatan"
"RT0497","air_tak_layak"
"RT0497","pekerja_informal"
"RT0497","sanitasi_tak_layak"
"RT0497","tanpa_internet"
"RT0497","tanpa_jaminan_kesehatan"
"RT0498","anak_putus_sekolah"
"RT0498","kepala_rt_pendidikan_rendah"
"RT0498","rumah_sempit"
"RT0498","sanitasi_tak_layak"
"RT0499","bahan_bakar_kayu"
"RT0499","pekerja_informal"
"RT0499","tanpa_listrik_memadai"
"RT0499","tanpa_tabungan"
"RT0500","pekerja_informal"
"RT0500","rumah_sempit"
"RT0500","tanpa_jaminan_kesehatan"
"RT0501","anak_putus_sekolah"
"RT0501","atap_lantai_tak_layak"
"RT0501","kepala_rt_pendidikan_rendah"
"RT0501","sanitasi_tak_layak"
"RT0501","tanpa_tabungan"
"RT0502","atap_lantai_tak_layak"
"RT0502","pekerja_informal"
"RT0502","sanitasi_tak_layak"
"RT0503","kepala_rt_pendidikan_rendah"
"RT0503","pekerja_informal"
"RT0503","tanpa_internet"
"RT0503","tanpa_tabungan"
"RT0504","bahan_bakar_kayu"
"RT0504","pekerja_informal"
"RT0504","tanpa_internet"
"RT0504","tanpa_listrik_memadai"
"RT0505","tanpa_tabungan"
"RT0506","air_tak_layak"
"RT0506","atap_lantai_tak_layak"
"RT0506","sanitasi_tak_layak"
"RT0506","tanpa_tabungan"
"RT0507","kepala_rt_pendidikan_rendah"
"RT0507","pekerja_informal"
"RT0507","tanpa_internet"
"RT0508","rumah_sempit"
"RT0508","tanpa_jaminan_kesehatan"
"RT0508","tanpa_tabungan"
"RT0509","bahan_bakar_kayu"
"RT0509","kepala_rt_pendidikan_rendah"
"RT0509","pekerja_informal"
"RT0509","tanpa_jaminan_kesehatan"
"RT0509","tanpa_listrik_memadai"
"RT0510","pekerja_informal"
"RT0510","tanpa_internet"
"RT0512","atap_lantai_tak_layak"
"RT0512","pekerja_informal"
"RT0512","rumah_sempit"
"RT0512","sanitasi_tak_layak"
"RT0513","atap_lantai_tak_layak"
"RT0513","rumah_sempit"
"RT0513","sanitasi_tak_layak"
"RT0513","tanpa_jaminan_kesehatan"
"RT0514","air_tak_layak"
"RT0514","tanpa_listrik_memadai"
"RT0515","bahan_bakar_kayu"
"RT0515","kepala_rt_pendidikan_rendah"
"RT0515","tanpa_listrik_memadai"
"RT0515","tanpa_tabungan"
"RT0516","air_tak_layak"
"RT0516","atap_lantai_tak_layak"
"RT0516","sanitasi_tak_layak"
"RT0517","air_tak_layak"
"RT0517","atap_lantai_tak_layak"
"RT0517","pekerja_informal"
"RT0517","sanitasi_tak_layak"
"RT0517","tanpa_jaminan_kesehatan"
"RT0517","tanpa_tabungan"
"RT0518","pekerja_informal"
"RT0518","tanpa_internet"
"RT0518","tanpa_tabungan"
"RT0519","rumah_sempit"
"RT0521","sanitasi_tak_layak"
"RT0522","bahan_bakar_kayu"
"RT0522","kepala_rt_pendidikan_rendah"
"RT0522","tanpa_listrik_memadai"
"RT0522","tanpa_tabungan"
"RT0523","kepala_rt_pendidikan_rendah"
"RT0523","pekerja_informal"
"RT0523","tanpa_internet"
"RT0523","tanpa_tabungan"
"RT0524","kepala_rt_pendidikan_rendah"
"RT0524","sanitasi_tak_layak"
"RT0525","anak_putus_sekolah"
"RT0525","kepala_rt_pendidikan_rendah"
"RT0525","tanpa_internet"
"RT0526","air_tak_layak"
"RT0526","sanitasi_tak_layak"
"RT0526","tanpa_jaminan_kesehatan"
"RT0527","bahan_bakar_kayu"
"RT0527","pekerja_informal"
"RT0527","tanpa_jaminan_kesehatan"
"RT0527","tanpa_listrik_memadai"
"RT0527","tanpa_tabungan"
"RT0528","kepala_rt_pendidikan_rendah"
"RT0528","tanpa_listrik_memadai"
"RT0529","air_tak_layak"
"RT0529","anak_putus_sekolah"
"RT0529","kepala_rt_pendidikan_rendah"
"RT0529","pekerja_informal"
"RT0529","rumah_sempit"
"RT0529","sanitasi_tak_layak"
"RT0529","tanpa_jaminan_kesehatan"
"RT0529","tanpa_tabungan"
"RT0530","pekerja_informal"
"RT0530","tanpa_jaminan_kesehatan"
"RT0530","tanpa_listrik_memadai"
"RT0531","pekerja_informal"
"RT0531","tanpa_internet"
"RT0531","tanpa_jaminan_kesehatan"
"RT0532","air_tak_layak"
"RT0532","atap_lantai_tak_layak"
"RT0532","kepala_rt_pendidikan_rendah"
"RT0532","pekerja_informal"
"RT0532","sanitasi_tak_layak"
"RT0532","tanpa_jaminan_kesehatan"
"RT0533","tanpa_jaminan_kesehatan"
"RT0534","atap_lantai_tak_layak"
"RT0534","pekerja_informal"
"RT0535","pekerja_informal"
"RT0535","rumah_sempit"
"RT0536","kepala_rt_pendidikan_rendah"
"RT0536","pekerja_informal"
"RT0536","tanpa_listrik_memadai"
"RT0537","anak_putus_sekolah"
"RT0537","bahan_bakar_kayu"
"RT0537","kepala_rt_pendidikan_rendah"
"RT0537","tanpa_jaminan_kesehatan"
"RT0537","tanpa_tabungan"
"RT0538","pekerja_informal"
"RT0538","sanitasi_tak_layak"
"RT0539","pekerja_informal"
"RT0540","bahan_bakar_kayu"
"RT0540","tanpa_listrik_memadai"
"RT0541","atap_lantai_tak_layak"
"RT0541","bahan_bakar_kayu"
"RT0541","pekerja_informal"
"RT0541","sanitasi_tak_layak"
"RT0541","tanpa_listrik_memadai"
"RT0541","tanpa_tabungan"
"RT0542","kepala_rt_pendidikan_rendah"
"RT0542","pekerja_informal"
"RT0542","rumah_sempit"
"RT0543","pekerja_informal"
"RT0543","tanpa_jaminan_kesehatan"
"RT0543","tanpa_tabungan"
"RT0544","kepala_rt_pendidikan_rendah"
"RT0544","pekerja_informal"
"RT0545","air_tak_layak"
"RT0545","atap_lantai_tak_layak"
"RT0545","bahan_bakar_kayu"
"RT0545","sanitasi_tak_layak"
"RT0545","tanpa_listrik_memadai"
"RT0546","air_tak_layak"
"RT0546","anak_putus_sekolah"
"RT0546","atap_lantai_tak_layak"
"RT0546","kepala_rt_pendidikan_rendah"
"RT0546","sanitasi_tak_layak"
"RT0546","tanpa_tabungan"
"RT0547","pekerja_informal"
"RT0547","tanpa_internet"
"RT0547","tanpa_tabungan"
"RT0548","air_tak_layak"
"RT0548","kepala_rt_pendidikan_rendah"
"RT0548","pekerja_informal"
"RT0548","sanitasi_tak_layak"
"RT0548","tanpa_internet"
"RT0548","tanpa_jaminan_kesehatan"
"RT0549","kepala_rt_pendidikan_rendah"
"RT0549","pekerja_informal"
"RT0549","rumah_sempit"
"RT0549","tanpa_jaminan_kesehatan"
"RT0550","kepala_rt_pendidikan_rendah"
"RT0550","pekerja_informal"
"RT0550","rumah_sempit"
"RT0550","tanpa_internet"
"RT0550","tanpa_jaminan_kesehatan"
"RT0550","tanpa_listrik_memadai"
"RT0551","kepala_rt_pendidikan_rendah"
"RT0551","pekerja_informal"
"RT0551","tanpa_tabungan"
"RT0552","pekerja_informal"
"RT0552","rumah_sempit"
"RT0552","tanpa_internet"
"RT0553","tanpa_internet"
"RT0554","kepala_rt_pendidikan_rendah"
"RT0554","pekerja_informal"
"RT0554","tanpa_internet"
"RT0554","tanpa_jaminan_kesehatan"
"RT0555","bahan_bakar_kayu"
"RT0556","atap_lantai_tak_layak"
"RT0556","rumah_sempit"
"RT0556","sanitasi_tak_layak"
"RT0557","air_tak_layak"
"RT0557","bahan_bakar_kayu"
"RT0557","pekerja_informal"
"RT0557","sanitasi_tak_layak"
"RT0557","tanpa_listrik_memadai"
"RT0557","tanpa_tabungan"
"RT0558","air_tak_layak"
"RT0558","atap_lantai_tak_layak"
"RT0558","tanpa_internet"
"RT0559","bahan_bakar_kayu"
"RT0559","tanpa_listrik_memadai"
"RT0559","tanpa_tabungan"
"RT0560","tanpa_jaminan_kesehatan"
"RT0560","tanpa_listrik_memadai"
"RT0561","atap_lantai_tak_layak"
"RT0561","pekerja_informal"
"RT0561","tanpa_jaminan_kesehatan"
"RT0562","pekerja_informal"
"RT0562","tanpa_internet"
"RT0562","tanpa_jaminan_kesehatan"
"RT0562","tanpa_tabungan"
"RT0563","kepala_rt_pendidikan_rendah"
"RT0563","pekerja_informal"
"RT0563","tanpa_internet"
"RT0563","tanpa_jaminan_kesehatan"
"RT0563","tanpa_listrik_memadai"
"RT0563","tanpa_tabungan"
"RT0564","pekerja_informal"
"RT0564","tanpa_listrik_memadai"
"RT0565","atap_lantai_tak_layak"
"RT0565","rumah_sempit"
"RT0566","pekerja_informal"
"RT0567","rumah_sempit"
"RT0567","tanpa_internet"
"RT0567","tanpa_jaminan_kesehatan"
"RT0567","tanpa_tabungan"
"RT0568","air_tak_layak"
"RT0568","atap_lantai_tak_layak"
"RT0568","bahan_bakar_kayu"
"RT0568","pekerja_informal"
"RT0568","rumah_sempit"
"RT0568","sanitasi_tak_layak"
"RT0568","tanpa_tabungan"
"RT0569","tanpa_jaminan_kesehatan"
"RT0570","pekerja_informal"
"RT0570","tanpa_tabungan"
"RT0571","tanpa_internet"
"RT0572","kepala_rt_pendidikan_rendah"
"RT0572","tanpa_internet"
"RT0572","tanpa_tabungan"
"RT0573","bahan_bakar_kayu"
"RT0573","kepala_rt_pendidikan_rendah"
"RT0573","pekerja_informal"
"RT0573","tanpa_jaminan_kesehatan"
"RT0573","tanpa_tabungan"
"RT0574","pekerja_informal"
"RT0574","rumah_sempit"
"RT0574","tanpa_internet"
"RT0575","anak_putus_sekolah"
"RT0575","atap_lantai_tak_layak"
"RT0575","bahan_bakar_kayu"
"RT0575","kepala_rt_pendidikan_rendah"
"RT0575","rumah_sempit"
"RT0575","tanpa_internet"
"RT0575","tanpa_jaminan_kesehatan"
"RT0575","tanpa_listrik_memadai"
"RT0575","tanpa_tabungan"
"RT0577","atap_lantai_tak_layak"
"RT0577","pekerja_informal"
"RT0577","rumah_sempit"
"RT0577","tanpa_internet"
"RT0577","tanpa_tabungan"
"RT0578","bahan_bakar_kayu"
"RT0578","kepala_rt_pendidikan_rendah"
"RT0578","pekerja_informal"
"RT0578","rumah_sempit"
"RT0578","tanpa_jaminan_kesehatan"
"RT0578","tanpa_tabungan"
"RT0579","bahan_bakar_kayu"
"RT0580","atap_lantai_tak_layak"
"RT0580","pekerja_informal"
"RT0580","sanitasi_tak_layak"
"RT0580","tanpa_internet"
"RT0580","tanpa_jaminan_kesehatan"
"RT0581","kepala_rt_pendidikan_rendah"
"RT0581","pekerja_informal"
"RT0581","tanpa_jaminan_kesehatan"
"RT0582","tanpa_internet"
"RT0583","air_tak_layak"
"RT0583","bahan_bakar_kayu"
"RT0583","sanitasi_tak_layak"
"RT0584","anak_putus_sekolah"
"RT0584","kepala_rt_pendidikan_rendah"
"RT0584","pekerja_informal"
"RT0584","rumah_sempit"
"RT0584","tanpa_jaminan_kesehatan"
"RT0584","tanpa_tabungan"
"RT0585","air_tak_layak"
"RT0585","atap_lantai_tak_layak"
"RT0585","kepala_rt_pendidikan_rendah"
"RT0585","pekerja_informal"
"RT0585","sanitasi_tak_layak"
"RT0585","tanpa_tabungan"
"RT0586","bahan_bakar_kayu"
"RT0587","atap_lantai_tak_layak"
"RT0587","pekerja_informal"
"RT0587","rumah_sempit"
"RT0587","tanpa_internet"
"RT0587","tanpa_jaminan_kesehatan"
"RT0587","tanpa_listrik_memadai"
"RT0588","air_tak_layak"
"RT0588","atap_lantai_tak_layak"
"RT0588","rumah_sempit"
"RT0588","sanitasi_tak_layak"
"RT0589","pekerja_informal"
"RT0590","pekerja_informal"
"RT0590","rumah_sempit"
"RT0590","tanpa_jaminan_kesehatan"
"RT0591","pekerja_informal"
"RT0591","rumah_sempit"
"RT0591","tanpa_internet"
"RT0591","tanpa_jaminan_kesehatan"
"RT0592","pekerja_informal"
"RT0592","tanpa_tabungan"
"RT0593","atap_lantai_tak_layak"
"RT0593","tanpa_internet"
"RT0594","pekerja_informal"
"RT0594","tanpa_internet"
"RT0594","tanpa_jaminan_kesehatan"
"RT0595","air_tak_layak"
"RT0595","anak_putus_sekolah"
"RT0595","kepala_rt_pendidikan_rendah"
"RT0595","pekerja_informal"
"RT0595","sanitasi_tak_layak"
"RT0595","tanpa_internet"
"RT0595","tanpa_tabungan"
"RT0596","anak_putus_sekolah"
"RT0596","kepala_rt_pendidikan_rendah"
"RT0596","tanpa_listrik_memadai"
"RT0596","tanpa_tabungan"
"RT0597","atap_lantai_tak_layak"
"RT0597","pekerja_informal"
"RT0597","sanitasi_tak_layak"
"RT0597","tanpa_jaminan_kesehatan"
"RT0598","kepala_rt_pendidikan_rendah"
"RT0598","pekerja_informal"
"RT0598","tanpa_internet"
"RT0598","tanpa_jaminan_kesehatan"
"RT0599","atap_lantai_tak_layak"
"RT0599","bahan_bakar_kayu"
"RT0599","pekerja_informal"
"RT0599","tanpa_internet"
"RT0599","tanpa_listrik_memadai"
"RT0599","tanpa_tabungan"
"RT0600","rumah_sempit"
"RT0600","tanpa_listrik_memadai"
"RT0601","anak_putus_sekolah"
"RT0601","tanpa_tabungan"
"RT0602","rumah_sempit"
"RT0602","tanpa_internet"
"RT0603","kepala_rt_pendidikan_rendah"
"RT0603","pekerja_informal"
"RT0603","tanpa_listrik_memadai"
"RT0603","tanpa_tabungan"
"RT0604","atap_lantai_tak_layak"
"RT0605","tanpa_internet"
"RT0605","tanpa_tabungan"
"RT0607","atap_lantai_tak_layak"
"RT0607","pekerja_informal"
"RT0607","sanitasi_tak_layak"
"RT0607","tanpa_internet"
"RT0608","kepala_rt_pendidikan_rendah"
"RT0608","pekerja_informal"
"RT0608","tanpa_internet"
"RT0608","tanpa_jaminan_kesehatan"
"RT0609","bahan_bakar_kayu"
"RT0609","pekerja_informal"
"RT0609","tanpa_internet"
"RT0609","tanpa_jaminan_kesehatan"
"RT0609","tanpa_listrik_memadai"
"RT0609","tanpa_tabungan"
"RT0610","kepala_rt_pendidikan_rendah"
"RT0610","pekerja_informal"
"RT0610","tanpa_jaminan_kesehatan"
"RT0610","tanpa_listrik_memadai"
"RT0611","pekerja_informal"
"RT0611","tanpa_internet"
"RT0611","tanpa_jaminan_kesehatan"
"RT0612","air_tak_layak"
"RT0612","bahan_bakar_kayu"
"RT0612","kepala_rt_pendidikan_rendah"
"RT0612","pekerja_informal"
"RT0612","sanitasi_tak_layak"
"RT0613","air_tak_layak"
"RT0613","sanitasi_tak_layak"
"RT0613","tanpa_internet"
"RT0614","pekerja_informal"
"RT0614","tanpa_internet"
"RT0614","tanpa_jaminan_kesehatan"
"RT0615","air_tak_layak"
"RT0615","atap_lantai_tak_layak"
"RT0615","kepala_rt_pendidikan_rendah"
"RT0615","sanitasi_tak_layak"
"RT0615","tanpa_tabungan"
"RT0616","tanpa_tabungan"
"RT0617","tanpa_tabungan"
"RT0618","tanpa_jaminan_kesehatan"
"RT0619","kepala_rt_pendidikan_rendah"
"RT0619","pekerja_informal"
"RT0619","tanpa_internet"
"RT0619","tanpa_tabungan"
"RT0620","air_tak_layak"
"RT0620","bahan_bakar_kayu"
"RT0620","rumah_sempit"
"RT0620","sanitasi_tak_layak"
"RT0620","tanpa_listrik_memadai"
"RT0620","tanpa_tabungan"
"RT0621","bahan_bakar_kayu"
"RT0621","kepala_rt_pendidikan_rendah"
"RT0621","pekerja_informal"
"RT0621","rumah_sempit"
"RT0621","tanpa_listrik_memadai"
"RT0622","tanpa_internet"
"RT0623","kepala_rt_pendidikan_rendah"
"RT0623","pekerja_informal"
"RT0623","tanpa_internet"
"RT0623","tanpa_tabungan"
"RT0624","sanitasi_tak_layak"
"RT0624","tanpa_jaminan_kesehatan"
"RT0624","tanpa_listrik_memadai"
"RT0624","tanpa_tabungan"
"RT0625","pekerja_informal"
"RT0626","bahan_bakar_kayu"
"RT0626","sanitasi_tak_layak"
"RT0626","tanpa_internet"
"RT0626","tanpa_listrik_memadai"
"RT0627","sanitasi_tak_layak"
"RT0627","tanpa_internet"
"RT0627","tanpa_tabungan"
"RT0628","anak_putus_sekolah"
"RT0628","kepala_rt_pendidikan_rendah"
"RT0628","rumah_sempit"
"RT0628","tanpa_internet"
"RT0628","tanpa_tabungan"
"RT0629","rumah_sempit"
"RT0629","tanpa_internet"
"RT0630","bahan_bakar_kayu"
"RT0630","sanitasi_tak_layak"
"RT0631","tanpa_jaminan_kesehatan"
"RT0632","anak_putus_sekolah"
"RT0632","kepala_rt_pendidikan_rendah"
"RT0632","pekerja_informal"
"RT0632","rumah_sempit"
"RT0632","tanpa_jaminan_kesehatan"
"RT0632","tanpa_tabungan"
"RT0633","air_tak_layak"
"RT0633","atap_lantai_tak_layak"
"RT0633","bahan_bakar_kayu"
"RT0633","pekerja_informal"
"RT0633","sanitasi_tak_layak"
"RT0633","tanpa_internet"
"RT0633","tanpa_jaminan_kesehatan"
"RT0633","tanpa_listrik_memadai"
"RT0633","tanpa_tabungan"
"RT0634","kepala_rt_pendidikan_rendah"
"RT0634","pekerja_informal"
"RT0634","rumah_sempit"
"RT0634","tanpa_jaminan_kesehatan"
"RT0635","kepala_rt_pendidikan_rendah"
"RT0635","pekerja_informal"
"RT0636","air_tak_layak"
"RT0636","sanitasi_tak_layak"
"RT0637","atap_lantai_tak_layak"
"RT0637","pekerja_informal"
"RT0637","tanpa_jaminan_kesehatan"
"RT0637","tanpa_tabungan"
"RT0638","kepala_rt_pendidikan_rendah"
"RT0639","pekerja_informal"
"RT0639","tanpa_jaminan_kesehatan"
"RT0639","tanpa_tabungan"
"RT0640","atap_lantai_tak_layak"
"RT0640","kepala_rt_pendidikan_rendah"
"RT0640","tanpa_jaminan_kesehatan"
"RT0641","air_tak_layak"
"RT0641","sanitasi_tak_layak"
"RT0642","atap_lantai_tak_layak"
"RT0642","rumah_sempit"
"RT0642","tanpa_internet"
"RT0643","atap_lantai_tak_layak"
"RT0643","kepala_rt_pendidikan_rendah"
"RT0643","pekerja_informal"
"RT0644","anak_putus_sekolah"
"RT0644","kepala_rt_pendidikan_rendah"
"RT0644","tanpa_tabungan"
"RT0645","kepala_rt_pendidikan_rendah"
"RT0645","pekerja_informal"
"RT0645","tanpa_jaminan_kesehatan"
"RT0645","tanpa_tabungan"
"RT0646","pekerja_informal"
"RT0646","tanpa_jaminan_kesehatan"
"RT0647","atap_lantai_tak_layak"
"RT0647","bahan_bakar_kayu"
"RT0647","pekerja_informal"
"RT0647","sanitasi_tak_layak"
"RT0647","tanpa_jaminan_kesehatan"
"RT0648","tanpa_tabungan"
"RT0649","rumah_sempit"
"RT0650","rumah_sempit"
"RT0651","air_tak_layak"
"RT0651","kepala_rt_pendidikan_rendah"
"RT0651","sanitasi_tak_layak"
"RT0651","tanpa_internet"
"RT0652","air_tak_layak"
"RT0652","pekerja_informal"
"RT0652","sanitasi_tak_layak"
"RT0652","tanpa_jaminan_kesehatan"
"RT0652","tanpa_tabungan"
"RT0653","tanpa_internet"
"RT0653","tanpa_jaminan_kesehatan"
"RT0653","tanpa_tabungan"
"RT0654","atap_lantai_tak_layak"
"RT0654","tanpa_tabungan"
"RT0655","rumah_sempit"
"RT0655","tanpa_internet"
"RT0656","atap_lantai_tak_layak"
"RT0656","sanitasi_tak_layak"
"RT0656","tanpa_jaminan_kesehatan"
"RT0657","bahan_bakar_kayu"
"RT0657","tanpa_internet"
"RT0657","tanpa_jaminan_kesehatan"
"RT0657","tanpa_listrik_memadai"
"RT0658","kepala_rt_pendidikan_rendah"
"RT0658","tanpa_jaminan_kesehatan"
"RT0659","tanpa_tabungan"
"RT0660","sanitasi_tak_layak"
"RT0660","tanpa_tabungan"
"RT0661","pekerja_informal"
"RT0661","tanpa_internet"
"RT0661","tanpa_jaminan_kesehatan"
"RT0661","tanpa_listrik_memadai"
"RT0661","tanpa_tabungan"
"RT0662","bahan_bakar_kayu"
"RT0662","pekerja_informal"
"RT0662","sanitasi_tak_layak"
"RT0662","tanpa_jaminan_kesehatan"
"RT0662","tanpa_tabungan"
"RT0663","bahan_bakar_kayu"
"RT0663","pekerja_informal"
"RT0663","tanpa_jaminan_kesehatan"
"RT0663","tanpa_listrik_memadai"
"RT0663","tanpa_tabungan"
"RT0664","kepala_rt_pendidikan_rendah"
"RT0664","pekerja_informal"
"RT0664","tanpa_jaminan_kesehatan"
"RT0665","atap_lantai_tak_layak"
"RT0665","kepala_rt_pendidikan_rendah"
"RT0665","pekerja_informal"
"RT0665","rumah_sempit"
"RT0665","tanpa_internet"
"RT0665","tanpa_listrik_memadai"
"RT0665","tanpa_tabungan"
"RT0666","air_tak_layak"
"RT0666","kepala_rt_pendidikan_rendah"
"RT0666","pekerja_informal"
"RT0666","tanpa_jaminan_kesehatan"
"RT0666","tanpa_tabungan"
"RT0667","air_tak_layak"
"RT0667","atap_lantai_tak_layak"
"RT0667","kepala_rt_pendidikan_rendah"
"RT0667","pekerja_informal"
"RT0667","rumah_sempit"
"RT0667","sanitasi_tak_layak"
"RT0667","tanpa_internet"
"RT0667","tanpa_jaminan_kesehatan"
"RT0668","kepala_rt_pendidikan_rendah"
"RT0668","pekerja_informal"
"RT0668","rumah_sempit"
"RT0668","tanpa_internet"
"RT0668","tanpa_jaminan_kesehatan"
"RT0668","tanpa_tabungan"
"RT0669","bahan_bakar_kayu"
"RT0669","rumah_sempit"
"RT0670","atap_lantai_tak_layak"
"RT0670","pekerja_informal"
"RT0670","rumah_sempit"
"RT0670","tanpa_jaminan_kesehatan"
"RT0671","pekerja_informal"
"RT0671","rumah_sempit"
"RT0671","tanpa_jaminan_kesehatan"
"RT0671","tanpa_listrik_memadai"
"RT0672","sanitasi_tak_layak"
"RT0673","air_tak_layak"
"RT0673","pekerja_informal"
"RT0673","tanpa_jaminan_kesehatan"
"RT0674","kepala_rt_pendidikan_rendah"
"RT0674","rumah_sempit"
"RT0674","tanpa_tabungan"
"RT0675","rumah_sempit"
"RT0676","atap_lantai_tak_layak"
"RT0676","pekerja_informal"
"RT0676","rumah_sempit"
"RT0676","sanitasi_tak_layak"
"RT0677","atap_lantai_tak_layak"
"RT0677","rumah_sempit"
"RT0677","sanitasi_tak_layak"
"RT0677","tanpa_tabungan"
"RT0678","air_tak_layak"
"RT0678","atap_lantai_tak_layak"
"RT0678","sanitasi_tak_layak"
"RT0679","tanpa_internet"
"RT0679","tanpa_tabungan"
"RT0680","bahan_bakar_kayu"
"RT0680","pekerja_informal"
"RT0680","tanpa_jaminan_kesehatan"
"RT0680","tanpa_listrik_memadai"
"RT0681","tanpa_tabungan"
"RT0683","air_tak_layak"
"RT0683","pekerja_informal"
"RT0683","sanitasi_tak_layak"
"RT0683","tanpa_internet"
"RT0683","tanpa_jaminan_kesehatan"
"RT0683","tanpa_tabungan"
"RT0684","anak_putus_sekolah"
"RT0684","kepala_rt_pendidikan_rendah"
"RT0684","tanpa_internet"
"RT0685","pekerja_informal"
"RT0685","tanpa_jaminan_kesehatan"
"RT0685","tanpa_listrik_memadai"
"RT0685","tanpa_tabungan"
"RT0686","rumah_sempit"
"RT0686","tanpa_jaminan_kesehatan"
"RT0687","bahan_bakar_kayu"
"RT0687","pekerja_informal"
"RT0687","tanpa_tabungan"
"RT0688","bahan_bakar_kayu"
"RT0688","kepala_rt_pendidikan_rendah"
"RT0688","pekerja_informal"
"RT0688","sanitasi_tak_layak"
"RT0688","tanpa_jaminan_kesehatan"
"RT0688","tanpa_tabungan"
"RT0689","pekerja_informal"
"RT0689","rumah_sempit"
"RT0689","sanitasi_tak_layak"
"RT0689","tanpa_jaminan_kesehatan"
"RT0689","tanpa_tabungan"
"RT0690","atap_lantai_tak_layak"
"RT0690","pekerja_informal"
"RT0690","tanpa_jaminan_kesehatan"
"RT0691","atap_lantai_tak_layak"
"RT0691","sanitasi_tak_layak"
"RT0693","atap_lantai_tak_layak"
"RT0693","pekerja_informal"
"RT0693","tanpa_jaminan_kesehatan"
"RT0694","atap_lantai_tak_layak"
"RT0694","bahan_bakar_kayu"
"RT0694","kepala_rt_pendidikan_rendah"
"RT0694","pekerja_informal"
"RT0694","sanitasi_tak_layak"
"RT0694","tanpa_listrik_memadai"
"RT0694","tanpa_tabungan"
"RT0695","air_tak_layak"
"RT0695","atap_lantai_tak_layak"
"RT0695","pekerja_informal"
"RT0695","rumah_sempit"
"RT0695","sanitasi_tak_layak"
"RT0695","tanpa_jaminan_kesehatan"
"RT0695","tanpa_tabungan"
"RT0696","bahan_bakar_kayu"
"RT0696","pekerja_informal"
"RT0696","tanpa_jaminan_kesehatan"
"RT0696","tanpa_listrik_memadai"
"RT0696","tanpa_tabungan"
"RT0697","bahan_bakar_kayu"
"RT0697","pekerja_informal"
"RT0697","tanpa_jaminan_kesehatan"
"RT0697","tanpa_tabungan"
"RT0698","air_tak_layak"
"RT0698","anak_putus_sekolah"
"RT0698","atap_lantai_tak_layak"
"RT0698","bahan_bakar_kayu"
"RT0698","kepala_rt_pendidikan_rendah"
"RT0698","pekerja_informal"
"RT0698","sanitasi_tak_layak"
"RT0698","tanpa_internet"
"RT0698","tanpa_tabungan"
"RT0699","rumah_sempit"
"RT0699","tanpa_listrik_memadai"
"RT0700","air_tak_layak"
"RT0700","anak_putus_sekolah"
"RT0700","kepala_rt_pendidikan_rendah"
"RT0700","pekerja_informal"
"RT0700","sanitasi_tak_layak"
"RT0700","tanpa_internet"
"RT0700","tanpa_tabungan"
"RT0701","air_tak_layak"
"RT0701","atap_lantai_tak_layak"
"RT0701","rumah_sempit"
"RT0701","sanitasi_tak_layak"
"RT0702","sanitasi_tak_layak"
"RT0702","tanpa_jaminan_kesehatan"
"RT0702","tanpa_listrik_memadai"
"RT0703","anak_putus_sekolah"
"RT0703","kepala_rt_pendidikan_rendah"
"RT0703","pekerja_informal"
"RT0703","rumah_sempit"
"RT0703","tanpa_internet"
"RT0703","tanpa_jaminan_kesehatan"
"RT0703","tanpa_tabungan"
"RT0704","tanpa_internet"
"RT0704","tanpa_jaminan_kesehatan"
"RT0704","tanpa_tabungan"
"RT0705","tanpa_internet"
"RT0705","tanpa_tabungan"
"RT0706","air_tak_layak"
"RT0706","sanitasi_tak_layak"
"RT0707","pekerja_informal"
"RT0707","tanpa_internet"
"RT0707","tanpa_jaminan_kesehatan"
"RT0708","atap_lantai_tak_layak"
"RT0708","pekerja_informal"
"RT0708","tanpa_internet"
"RT0709","bahan_bakar_kayu"
"RT0709","sanitasi_tak_layak"
"RT0710","kepala_rt_pendidikan_rendah"
"RT0710","rumah_sempit"
"RT0710","tanpa_internet"
"RT0710","tanpa_tabungan"
"RT0711","atap_lantai_tak_layak"
"RT0711","bahan_bakar_kayu"
"RT0711","rumah_sempit"
"RT0711","sanitasi_tak_layak"
"RT0711","tanpa_internet"
"RT0711","tanpa_listrik_memadai"
"RT0711","tanpa_tabungan"
"RT0712","bahan_bakar_kayu"
"RT0712","kepala_rt_pendidikan_rendah"
"RT0712","pekerja_informal"
"RT0712","tanpa_internet"
"RT0712","tanpa_jaminan_kesehatan"
"RT0712","tanpa_listrik_memadai"
"RT0713","tanpa_listrik_memadai"
"RT0714","air_tak_layak"
"RT0714","pekerja_informal"
"RT0714","rumah_sempit"
"RT0714","tanpa_jaminan_kesehatan"
"RT0714","tanpa_tabungan"
"RT0715","anak_putus_sekolah"
"RT0715","kepala_rt_pendidikan_rendah"
"RT0715","pekerja_informal"
"RT0715","sanitasi_tak_layak"
"RT0715","tanpa_jaminan_kesehatan"
"RT0715","tanpa_tabungan"
"RT0716","pekerja_informal"
"RT0716","rumah_sempit"
"RT0716","tanpa_jaminan_kesehatan"
"RT0717","pekerja_informal"
"RT0717","rumah_sempit"
"RT0717","tanpa_jaminan_kesehatan"
"RT0718","kepala_rt_pendidikan_rendah"
"RT0718","pekerja_informal"
"RT0718","tanpa_jaminan_kesehatan"
"RT0719","air_tak_layak"
"RT0719","atap_lantai_tak_layak"
"RT0719","pekerja_informal"
"RT0719","sanitasi_tak_layak"
"RT0719","tanpa_jaminan_kesehatan"
"RT0719","tanpa_tabungan"
"RT0720","air_tak_layak"
"RT0720","kepala_rt_pendidikan_rendah"
"RT0720","rumah_sempit"
"RT0720","sanitasi_tak_layak"
"RT0720","tanpa_jaminan_kesehatan"
"RT0720","tanpa_listrik_memadai"
"RT0721","rumah_sempit"
"RT0721","tanpa_internet"
"RT0723","tanpa_jaminan_kesehatan"
"RT0724","atap_lantai_tak_layak"
"RT0724","pekerja_informal"
"RT0724","sanitasi_tak_layak"
"RT0724","tanpa_tabungan"
"RT0725","anak_putus_sekolah"
"RT0725","kepala_rt_pendidikan_rendah"
"RT0725","pekerja_informal"
"RT0725","tanpa_jaminan_kesehatan"
"RT0725","tanpa_tabungan"
"RT0726","pekerja_informal"
"RT0726","sanitasi_tak_layak"
"RT0726","tanpa_internet"
"RT0726","tanpa_listrik_memadai"
"RT0727","air_tak_layak"
"RT0727","kepala_rt_pendidikan_rendah"
"RT0727","pekerja_informal"
"RT0727","rumah_sempit"
"RT0727","sanitasi_tak_layak"
"RT0727","tanpa_jaminan_kesehatan"
"RT0727","tanpa_tabungan"
"RT0728","air_tak_layak"
"RT0728","atap_lantai_tak_layak"
"RT0728","rumah_sempit"
"RT0728","sanitasi_tak_layak"
"RT0728","tanpa_tabungan"
"RT0729","atap_lantai_tak_layak"
"RT0729","kepala_rt_pendidikan_rendah"
"RT0729","sanitasi_tak_layak"
"RT0729","tanpa_tabungan"
"RT0730","atap_lantai_tak_layak"
"RT0730","kepala_rt_pendidikan_rendah"
"RT0730","pekerja_informal"
"RT0730","tanpa_jaminan_kesehatan"
"RT0731","atap_lantai_tak_layak"
"RT0731","kepala_rt_pendidikan_rendah"
"RT0731","pekerja_informal"
"RT0732","rumah_sempit"
"RT0733","pekerja_informal"
"RT0733","rumah_sempit"
"RT0733","sanitasi_tak_layak"
"RT0733","tanpa_jaminan_kesehatan"
"RT0734","kepala_rt_pendidikan_rendah"
"RT0734","pekerja_informal"
"RT0734","rumah_sempit"
"RT0734","tanpa_listrik_memadai"
"RT0735","air_tak_layak"
"RT0735","atap_lantai_tak_layak"
"RT0735","kepala_rt_pendidikan_rendah"
"RT0735","pekerja_informal"
"RT0735","sanitasi_tak_layak"
"RT0736","anak_putus_sekolah"
"RT0736","kepala_rt_pendidikan_rendah"
"RT0736","tanpa_listrik_memadai"
"RT0736","tanpa_tabungan"
"RT0737","air_tak_layak"
"RT0737","atap_lantai_tak_layak"
"RT0737","sanitasi_tak_layak"
"RT0737","tanpa_jaminan_kesehatan"
"RT0738","kepala_rt_pendidikan_rendah"
"RT0738","pekerja_informal"
"RT0738","tanpa_jaminan_kesehatan"
"RT0739","pekerja_informal"
"RT0739","tanpa_jaminan_kesehatan"
"RT0739","tanpa_listrik_memadai"
"RT0740","atap_lantai_tak_layak"
"RT0740","pekerja_informal"
"RT0740","rumah_sempit"
"RT0740","tanpa_jaminan_kesehatan"
"RT0741","rumah_sempit"
"RT0741","tanpa_internet"
"RT0741","tanpa_jaminan_kesehatan"
"RT0741","tanpa_tabungan"
"RT0742","bahan_bakar_kayu"
"RT0742","tanpa_internet"
"RT0743","air_tak_layak"
"RT0743","atap_lantai_tak_layak"
"RT0743","bahan_bakar_kayu"
"RT0743","rumah_sempit"
"RT0743","sanitasi_tak_layak"
"RT0743","tanpa_internet"
"RT0744","air_tak_layak"
"RT0744","rumah_sempit"
"RT0744","sanitasi_tak_layak"
"RT0744","tanpa_jaminan_kesehatan"
"RT0744","tanpa_tabungan"
"RT0745","tanpa_tabungan"
"RT0746","bahan_bakar_kayu"
"RT0746","pekerja_informal"
"RT0746","rumah_sempit"
"RT0746","tanpa_jaminan_kesehatan"
"RT0746","tanpa_listrik_memadai"
"RT0746","tanpa_tabungan"
"RT0747","atap_lantai_tak_layak"
"RT0747","kepala_rt_pendidikan_rendah"
"RT0747","pekerja_informal"
"RT0747","tanpa_internet"
"RT0747","tanpa_tabungan"
"RT0748","pekerja_informal"
"RT0748","tanpa_jaminan_kesehatan"
"RT0748","tanpa_listrik_memadai"
"RT0748","tanpa_tabungan"
"RT0749","atap_lantai_tak_layak"
"RT0749","pekerja_informal"
"RT0749","rumah_sempit"
"RT0749","sanitasi_tak_layak"
"RT0749","tanpa_jaminan_kesehatan"
"RT0750","tanpa_jaminan_kesehatan"
"RT0751","kepala_rt_pendidikan_rendah"
"RT0751","tanpa_internet"
"RT0752","pekerja_informal"
"RT0752","tanpa_internet"
"RT0752","tanpa_jaminan_kesehatan"
"RT0752","tanpa_listrik_memadai"
"RT0753","pekerja_informal"
"RT0753","rumah_sempit"
"RT0753","tanpa_internet"
"RT0753","tanpa_tabungan"
"RT0754","air_tak_layak"
"RT0754","atap_lantai_tak_layak"
"RT0754","pekerja_informal"
"RT0754","sanitasi_tak_layak"
"RT0754","tanpa_jaminan_kesehatan"
"RT0754","tanpa_tabungan"
"RT0755","air_tak_layak"
"RT0755","sanitasi_tak_layak"
"RT0755","tanpa_internet"
"RT0756","air_tak_layak"
"RT0756","atap_lantai_tak_layak"
"RT0756","kepala_rt_pendidikan_rendah"
"RT0756","pekerja_informal"
"RT0756","sanitasi_tak_layak"
"RT0756","tanpa_jaminan_kesehatan"
"RT0756","tanpa_tabungan"
"RT0757","atap_lantai_tak_layak"
"RT0757","pekerja_informal"
"RT0757","rumah_sempit"
"RT0758","air_tak_layak"
"RT0758","atap_lantai_tak_layak"
"RT0758","rumah_sempit"
"RT0758","tanpa_tabungan"
"RT0759","kepala_rt_pendidikan_rendah"
"RT0759","pekerja_informal"
"RT0759","rumah_sempit"
"RT0760","kepala_rt_pendidikan_rendah"
"RT0760","pekerja_informal"
"RT0760","rumah_sempit"
"RT0760","tanpa_jaminan_kesehatan"
"RT0761","atap_lantai_tak_layak"
"RT0761","kepala_rt_pendidikan_rendah"
"RT0761","pekerja_informal"
"RT0761","tanpa_internet"
"RT0762","anak_putus_sekolah"
"RT0762","atap_lantai_tak_layak"
"RT0762","kepala_rt_pendidikan_rendah"
"RT0762","pekerja_informal"
"RT0762","sanitasi_tak_layak"
"RT0762","tanpa_jaminan_kesehatan"
"RT0762","tanpa_tabungan"
"RT0763","air_tak_layak"
"RT0763","sanitasi_tak_layak"
"RT0763","tanpa_tabungan"
"RT0764","sanitasi_tak_layak"
"RT0764","tanpa_tabungan"
"RT0765","atap_lantai_tak_layak"
"RT0765","pekerja_informal"
"RT0765","sanitasi_tak_layak"
"RT0765","tanpa_listrik_memadai"
"RT0766","air_tak_layak"
"RT0766","atap_lantai_tak_layak"
"RT0766","bahan_bakar_kayu"
"RT0766","rumah_sempit"
"RT0766","tanpa_internet"
"RT0767","kepala_rt_pendidikan_rendah"
"RT0767","pekerja_informal"
"RT0767","tanpa_internet"
"RT0768","kepala_rt_pendidikan_rendah"
"RT0768","pekerja_informal"
"RT0768","tanpa_jaminan_kesehatan"
"RT0768","tanpa_tabungan"
"RT0769","kepala_rt_pendidikan_rendah"
"RT0769","pekerja_informal"
"RT0769","tanpa_internet"
"RT0769","tanpa_jaminan_kesehatan"
"RT0770","bahan_bakar_kayu"
"RT0770","kepala_rt_pendidikan_rendah"
"RT0770","tanpa_jaminan_kesehatan"
"RT0770","tanpa_listrik_memadai"
"RT0771","bahan_bakar_kayu"
"RT0771","sanitasi_tak_layak"
"RT0772","air_tak_layak"
"RT0772","atap_lantai_tak_layak"
"RT0772","kepala_rt_pendidikan_rendah"
"RT0772","sanitasi_tak_layak"
"RT0773","air_tak_layak"
"RT0773","sanitasi_tak_layak"
"RT0773","tanpa_internet"
"RT0774","rumah_sempit"
"RT0774","tanpa_internet"
"RT0774","tanpa_jaminan_kesehatan"
"RT0775","bahan_bakar_kayu"
"RT0775","tanpa_internet"
"RT0775","tanpa_jaminan_kesehatan"
"RT0775","tanpa_listrik_memadai"
"RT0776","kepala_rt_pendidikan_rendah"
"RT0776","pekerja_informal"
"RT0776","tanpa_jaminan_kesehatan"
"RT0776","tanpa_listrik_memadai"
"RT0776","tanpa_tabungan"
"RT0777","anak_putus_sekolah"
"RT0777","bahan_bakar_kayu"
"RT0777","kepala_rt_pendidikan_rendah"
"RT0777","tanpa_internet"
"RT0777","tanpa_listrik_memadai"
"RT0777","tanpa_tabungan"
"RT0778","kepala_rt_pendidikan_rendah"
"RT0778","pekerja_informal"
"RT0778","sanitasi_tak_layak"
"RT0778","tanpa_jaminan_kesehatan"
"RT0778","tanpa_tabungan"
"RT0779","pekerja_informal"
"RT0779","rumah_sempit"
"RT0779","tanpa_tabungan"
"RT0780","tanpa_tabungan"
"RT0781","bahan_bakar_kayu"
"RT0781","pekerja_informal"
"RT0781","tanpa_jaminan_kesehatan"
"RT0782","atap_lantai_tak_layak"
"RT0782","rumah_sempit"
"RT0782","tanpa_tabungan"
"RT0783","atap_lantai_tak_layak"
"RT0783","pekerja_informal"
"RT0783","rumah_sempit"
"RT0783","tanpa_jaminan_kesehatan"
"RT0784","tanpa_listrik_memadai"
"RT0784","tanpa_tabungan"
"RT0785","pekerja_informal"
"RT0785","rumah_sempit"
"RT0785","tanpa_jaminan_kesehatan"
"RT0785","tanpa_tabungan"
"RT0786","atap_lantai_tak_layak"
"RT0787","pekerja_informal"
"RT0787","tanpa_jaminan_kesehatan"
"RT0787","tanpa_tabungan"
"RT0788","kepala_rt_pendidikan_rendah"
"RT0788","pekerja_informal"
"RT0788","tanpa_listrik_memadai"
"RT0789","bahan_bakar_kayu"
"RT0789","rumah_sempit"
"RT0789","sanitasi_tak_layak"
"RT0790","pekerja_informal"
"RT0790","tanpa_jaminan_kesehatan"
"RT0790","tanpa_listrik_memadai"
"RT0791","tanpa_internet"
"RT0792","air_tak_layak"
"RT0792","atap_lantai_tak_layak"
"RT0792","bahan_bakar_kayu"
"RT0792","pekerja_informal"
"RT0792","rumah_sempit"
"RT0792","sanitasi_tak_layak"
"RT0792","tanpa_jaminan_kesehatan"
"RT0793","air_tak_layak"
"RT0793","pekerja_informal"
"RT0793","tanpa_internet"
"RT0793","tanpa_jaminan_kesehatan"
"RT0793","tanpa_tabungan"
"RT0794","pekerja_informal"
"RT0794","rumah_sempit"
"RT0794","tanpa_internet"
"RT0794","tanpa_jaminan_kesehatan"
"RT0795","pekerja_informal"
"RT0795","sanitasi_tak_layak"
"RT0795","tanpa_tabungan"
"RT0796","air_tak_layak"
"RT0796","atap_lantai_tak_layak"
"RT0796","pekerja_informal"
"RT0796","rumah_sempit"
"RT0796","sanitasi_tak_layak"
"RT0797","atap_lantai_tak_layak"
"RT0797","bahan_bakar_kayu"
"RT0797","kepala_rt_pendidikan_rendah"
"RT0797","tanpa_listrik_memadai"
"RT0798","atap_lantai_tak_layak"
"RT0798","sanitasi_tak_layak"
"RT0798","tanpa_jaminan_kesehatan"
"RT0799","atap_lantai_tak_layak"
"RT0799","pekerja_informal"
"RT0800","pekerja_informal"
"RT0800","tanpa_tabungan"
"RT0801","anak_putus_sekolah"
"RT0801","kepala_rt_pendidikan_rendah"
"RT0801","tanpa_internet"
"RT0801","tanpa_tabungan"
"RT0802","kepala_rt_pendidikan_rendah"
"RT0802","pekerja_informal"
"RT0804","air_tak_layak"
"RT0804","kepala_rt_pendidikan_rendah"
"RT0804","pekerja_informal"
"RT0804","tanpa_internet"
"RT0804","tanpa_jaminan_kesehatan"
"RT0804","tanpa_listrik_memadai"
"RT0804","tanpa_tabungan"
"RT0805","air_tak_layak"
"RT0805","atap_lantai_tak_layak"
"RT0805","pekerja_informal"
"RT0805","rumah_sempit"
"RT0806","kepala_rt_pendidikan_rendah"
"RT0806","rumah_sempit"
"RT0807","air_tak_layak"
"RT0807","atap_lantai_tak_layak"
"RT0807","sanitasi_tak_layak"
"RT0807","tanpa_internet"
"RT0807","tanpa_jaminan_kesehatan"
"RT0808","tanpa_internet"
"RT0808","tanpa_tabungan"
"RT0809","tanpa_internet"
"RT0809","tanpa_tabungan"
"RT0810","kepala_rt_pendidikan_rendah"
"RT0810","pekerja_informal"
"RT0810","tanpa_jaminan_kesehatan"
"RT0810","tanpa_listrik_memadai"
"RT0811","air_tak_layak"
"RT0811","pekerja_informal"
"RT0811","rumah_sempit"
"RT0811","tanpa_jaminan_kesehatan"
"RT0812","sanitasi_tak_layak"
"RT0813","atap_lantai_tak_layak"
"RT0813","pekerja_informal"
"RT0813","sanitasi_tak_layak"
"RT0813","tanpa_jaminan_kesehatan"
"RT0814","kepala_rt_pendidikan_rendah"
"RT0814","pekerja_informal"
"RT0814","rumah_sempit"
"RT0814","tanpa_internet"
"RT0814","tanpa_jaminan_kesehatan"
"RT0814","tanpa_tabungan"
"RT0815","bahan_bakar_kayu"
"RT0815","tanpa_listrik_memadai"
"RT0817","pekerja_informal"
"RT0817","rumah_sempit"
"RT0817","tanpa_tabungan"
"RT0819","pekerja_informal"
"RT0819","tanpa_internet"
"RT0819","tanpa_tabungan"
"RT0820","air_tak_layak"
"RT0820","anak_putus_sekolah"
"RT0820","pekerja_informal"
"RT0820","tanpa_internet"
"RT0820","tanpa_tabungan"
"RT0821","air_tak_layak"
"RT0821","kepala_rt_pendidikan_rendah"
"RT0821","pekerja_informal"
"RT0821","rumah_sempit"
"RT0821","sanitasi_tak_layak"
"RT0821","tanpa_jaminan_kesehatan"
"RT0822","tanpa_internet"
"RT0823","pekerja_informal"
"RT0823","sanitasi_tak_layak"
"RT0823","tanpa_listrik_memadai"
"RT0824","kepala_rt_pendidikan_rendah"
"RT0824","pekerja_informal"
"RT0824","tanpa_jaminan_kesehatan"
"RT0824","tanpa_tabungan"
"RT0825","air_tak_layak"
"RT0825","atap_lantai_tak_layak"
"RT0825","bahan_bakar_kayu"
"RT0825","kepala_rt_pendidikan_rendah"
"RT0825","rumah_sempit"
"RT0825","sanitasi_tak_layak"
"RT0825","tanpa_internet"
"RT0825","tanpa_tabungan"
"RT0826","atap_lantai_tak_layak"
"RT0826","kepala_rt_pendidikan_rendah"
"RT0826","pekerja_informal"
"RT0827","kepala_rt_pendidikan_rendah"
"RT0827","pekerja_informal"
"RT0827","tanpa_jaminan_kesehatan"
"RT0828","bahan_bakar_kayu"
"RT0828","tanpa_tabungan"
"RT0829","bahan_bakar_kayu"
"RT0829","tanpa_internet"
"RT0829","tanpa_listrik_memadai"
"RT0830","pekerja_informal"
"RT0830","tanpa_jaminan_kesehatan"
"RT0831","air_tak_layak"
"RT0831","kepala_rt_pendidikan_rendah"
"RT0831","pekerja_informal"
"RT0831","sanitasi_tak_layak"
"RT0831","tanpa_internet"
"RT0831","tanpa_listrik_memadai"
"RT0831","tanpa_tabungan"
"RT0832","air_tak_layak"
"RT0832","atap_lantai_tak_layak"
"RT0832","kepala_rt_pendidikan_rendah"
"RT0832","pekerja_informal"
"RT0832","rumah_sempit"
"RT0832","tanpa_jaminan_kesehatan"
"RT0833","atap_lantai_tak_layak"
"RT0833","pekerja_informal"
"RT0833","tanpa_jaminan_kesehatan"
"RT0833","tanpa_tabungan"
"RT0834","air_tak_layak"
"RT0834","atap_lantai_tak_layak"
"RT0834","rumah_sempit"
"RT0834","sanitasi_tak_layak"
"RT0834","tanpa_tabungan"
"RT0835","atap_lantai_tak_layak"
"RT0835","kepala_rt_pendidikan_rendah"
"RT0836","air_tak_layak"
"RT0836","pekerja_informal"
"RT0836","rumah_sempit"
"RT0836","tanpa_tabungan"
"RT0837","kepala_rt_pendidikan_rendah"
"RT0837","tanpa_jaminan_kesehatan"
"RT0837","tanpa_tabungan"
"RT0838","pekerja_informal"
"RT0838","rumah_sempit"
"RT0838","tanpa_jaminan_kesehatan"
"RT0838","tanpa_tabungan"
"RT0839","bahan_bakar_kayu"
"RT0839","kepala_rt_pendidikan_rendah"
"RT0839","tanpa_listrik_memadai"
"RT0840","bahan_bakar_kayu"
"RT0840","tanpa_internet"
"RT0840","tanpa_listrik_memadai"
"RT0840","tanpa_tabungan"
"RT0841","pekerja_informal"
"RT0841","tanpa_listrik_memadai"
"RT0842","bahan_bakar_kayu"
"RT0842","kepala_rt_pendidikan_rendah"
"RT0842","tanpa_internet"
"RT0842","tanpa_listrik_memadai"
"RT0843","rumah_sempit"
"RT0843","tanpa_jaminan_kesehatan"
"RT0844","kepala_rt_pendidikan_rendah"
"RT0844","pekerja_informal"
"RT0844","tanpa_internet"
"RT0844","tanpa_jaminan_kesehatan"
"RT0845","air_tak_layak"
"RT0845","atap_lantai_tak_layak"
"RT0845","bahan_bakar_kayu"
"RT0845","kepala_rt_pendidikan_rendah"
"RT0845","pekerja_informal"
"RT0845","sanitasi_tak_layak"
"RT0845","tanpa_listrik_memadai"
"RT0845","tanpa_tabungan"
"RT0846","air_tak_layak"
"RT0846","atap_lantai_tak_layak"
"RT0846","pekerja_informal"
"RT0846","sanitasi_tak_layak"
"RT0846","tanpa_internet"
"RT0846","tanpa_jaminan_kesehatan"
"RT0847","kepala_rt_pendidikan_rendah"
"RT0847","pekerja_informal"
"RT0847","sanitasi_tak_layak"
"RT0847","tanpa_jaminan_kesehatan"
"RT0848","air_tak_layak"
"RT0848","atap_lantai_tak_layak"
"RT0848","bahan_bakar_kayu"
"RT0848","pekerja_informal"
"RT0848","sanitasi_tak_layak"
"RT0848","tanpa_jaminan_kesehatan"
"RT0848","tanpa_listrik_memadai"
"RT0848","tanpa_tabungan"
"RT0849","atap_lantai_tak_layak"
"RT0849","pekerja_informal"
"RT0849","sanitasi_tak_layak"
"RT0849","tanpa_internet"
"RT0849","tanpa_jaminan_kesehatan"
"RT0849","tanpa_tabungan"
"RT0850","atap_lantai_tak_layak"
"RT0850","kepala_rt_pendidikan_rendah"
"RT0850","pekerja_informal"
"RT0850","tanpa_tabungan"
"RT0851","kepala_rt_pendidikan_rendah"
"RT0851","pekerja_informal"
"RT0851","tanpa_jaminan_kesehatan"
"RT0853","air_tak_layak"
"RT0853","sanitasi_tak_layak"
"RT0853","tanpa_tabungan"
"RT0854","air_tak_layak"
"RT0854","pekerja_informal"
"RT0854","tanpa_internet"
"RT0854","tanpa_tabungan"
"RT0855","pekerja_informal"
"RT0855","tanpa_internet"
"RT0855","tanpa_tabungan"
"RT0856","tanpa_listrik_memadai"
"RT0856","tanpa_tabungan"
"RT0857","kepala_rt_pendidikan_rendah"
"RT0857","pekerja_informal"
"RT0857","tanpa_jaminan_kesehatan"
"RT0857","tanpa_tabungan"
"RT0858","kepala_rt_pendidikan_rendah"
"RT0858","rumah_sempit"
"RT0858","tanpa_jaminan_kesehatan"
"RT0858","tanpa_listrik_memadai"
"RT0859","air_tak_layak"
"RT0859","atap_lantai_tak_layak"
"RT0859","pekerja_informal"
"RT0859","sanitasi_tak_layak"
"RT0859","tanpa_jaminan_kesehatan"
"RT0860","kepala_rt_pendidikan_rendah"
"RT0860","rumah_sempit"
"RT0861","bahan_bakar_kayu"
"RT0861","kepala_rt_pendidikan_rendah"
"RT0861","pekerja_informal"
"RT0861","tanpa_listrik_memadai"
"RT0862","air_tak_layak"
"RT0862","pekerja_informal"
"RT0862","tanpa_tabungan"
"RT0863","atap_lantai_tak_layak"
"RT0863","kepala_rt_pendidikan_rendah"
"RT0863","pekerja_informal"
"RT0863","rumah_sempit"
"RT0863","sanitasi_tak_layak"
"RT0863","tanpa_internet"
"RT0863","tanpa_listrik_memadai"
"RT0864","air_tak_layak"
"RT0864","atap_lantai_tak_layak"
"RT0864","pekerja_informal"
"RT0864","sanitasi_tak_layak"
"RT0864","tanpa_tabungan"
"RT0865","air_tak_layak"
"RT0865","atap_lantai_tak_layak"
"RT0865","pekerja_informal"
"RT0865","rumah_sempit"
"RT0865","tanpa_tabungan"
"RT0866","kepala_rt_pendidikan_rendah"
"RT0866","pekerja_informal"
"RT0866","tanpa_internet"
"RT0867","tanpa_internet"
"RT0868","air_tak_layak"
"RT0868","pekerja_informal"
"RT0868","sanitasi_tak_layak"
"RT0869","bahan_bakar_kayu"
"RT0869","pekerja_informal"
"RT0869","tanpa_internet"
"RT0869","tanpa_jaminan_kesehatan"
"RT0870","air_tak_layak"
"RT0870","atap_lantai_tak_layak"
"RT0870","bahan_bakar_kayu"
"RT0870","pekerja_informal"
"RT0870","sanitasi_tak_layak"
"RT0870","tanpa_tabungan"
"RT0871","atap_lantai_tak_layak"
"RT0871","kepala_rt_pendidikan_rendah"
"RT0871","pekerja_informal"
"RT0871","sanitasi_tak_layak"
"RT0871","tanpa_jaminan_kesehatan"
"RT0872","air_tak_layak"
"RT0872","atap_lantai_tak_layak"
"RT0872","sanitasi_tak_layak"
"RT0872","tanpa_internet"
"RT0872","tanpa_jaminan_kesehatan"
"RT0873","pekerja_informal"
"RT0873","rumah_sempit"
"RT0873","tanpa_jaminan_kesehatan"
"RT0873","tanpa_listrik_memadai"
"RT0873","tanpa_tabungan"
"RT0874","atap_lantai_tak_layak"
"RT0874","pekerja_informal"
"RT0874","rumah_sempit"
"RT0875","kepala_rt_pendidikan_rendah"
"RT0875","pekerja_informal"
"RT0875","sanitasi_tak_layak"
"RT0875","tanpa_internet"
"RT0875","tanpa_jaminan_kesehatan"
"RT0875","tanpa_listrik_memadai"
"RT0875","tanpa_tabungan"
"RT0876","air_tak_layak"
"RT0876","atap_lantai_tak_layak"
"RT0876","kepala_rt_pendidikan_rendah"
"RT0876","pekerja_informal"
"RT0876","sanitasi_tak_layak"
"RT0876","tanpa_jaminan_kesehatan"
"RT0877","bahan_bakar_kayu"
"RT0877","pekerja_informal"
"RT0877","rumah_sempit"
"RT0877","tanpa_jaminan_kesehatan"
"RT0877","tanpa_listrik_memadai"
"RT0877","tanpa_tabungan"
"RT0878","air_tak_layak"
"RT0878","atap_lantai_tak_layak"
"RT0878","pekerja_informal"
"RT0878","rumah_sempit"
"RT0878","sanitasi_tak_layak"
"RT0878","tanpa_internet"
"RT0878","tanpa_jaminan_kesehatan"
"RT0878","tanpa_listrik_memadai"
"RT0879","air_tak_layak"
"RT0879","bahan_bakar_kayu"
"RT0880","air_tak_layak"
"RT0880","kepala_rt_pendidikan_rendah"
"RT0880","pekerja_informal"
"RT0880","sanitasi_tak_layak"
"RT0880","tanpa_jaminan_kesehatan"
"RT0880","tanpa_tabungan"
"RT0881","anak_putus_sekolah"
"RT0881","atap_lantai_tak_layak"
"RT0881","kepala_rt_pendidikan_rendah"
"RT0881","pekerja_informal"
"RT0881","sanitasi_tak_layak"
"RT0881","tanpa_jaminan_kesehatan"
"RT0881","tanpa_listrik_memadai"
"RT0881","tanpa_tabungan"
"RT0882","pekerja_informal"
"RT0882","tanpa_tabungan"
"RT0883","air_tak_layak"
"RT0883","atap_lantai_tak_layak"
"RT0883","kepala_rt_pendidikan_rendah"
"RT0883","pekerja_informal"
"RT0883","sanitasi_tak_layak"
"RT0883","tanpa_jaminan_kesehatan"
"RT0883","tanpa_listrik_memadai"
"RT0884","air_tak_layak"
"RT0884","anak_putus_sekolah"
"RT0884","atap_lantai_tak_layak"
"RT0884","kepala_rt_pendidikan_rendah"
"RT0884","sanitasi_tak_layak"
"RT0884","tanpa_tabungan"
"RT0885","pekerja_informal"
"RT0885","rumah_sempit"
"RT0885","tanpa_tabungan"
"RT0886","air_tak_layak"
"RT0886","anak_putus_sekolah"
"RT0886","bahan_bakar_kayu"
"RT0886","kepala_rt_pendidikan_rendah"
"RT0886","pekerja_informal"
"RT0886","tanpa_listrik_memadai"
"RT0886","tanpa_tabungan"
"RT0887","pekerja_informal"
"RT0887","tanpa_jaminan_kesehatan"
"RT0887","tanpa_tabungan"
"RT0888","air_tak_layak"
"RT0888","bahan_bakar_kayu"
"RT0888","kepala_rt_pendidikan_rendah"
"RT0888","pekerja_informal"
"RT0888","sanitasi_tak_layak"
"RT0889","air_tak_layak"
"RT0889","atap_lantai_tak_layak"
"RT0889","rumah_sempit"
"RT0889","sanitasi_tak_layak"
"RT0889","tanpa_internet"
"RT0889","tanpa_tabungan"
"RT0891","air_tak_layak"
"RT0891","atap_lantai_tak_layak"
"RT0891","sanitasi_tak_layak"
"RT0891","tanpa_tabungan"
"RT0892","air_tak_layak"
"RT0892","pekerja_informal"
"RT0892","sanitasi_tak_layak"
"RT0892","tanpa_listrik_memadai"
"RT0893","atap_lantai_tak_layak"
"RT0893","bahan_bakar_kayu"
"RT0893","pekerja_informal"
"RT0893","sanitasi_tak_layak"
"RT0893","tanpa_jaminan_kesehatan"
"RT0894","pekerja_informal"
"RT0894","rumah_sempit"
"RT0894","tanpa_tabungan"
"RT0895","air_tak_layak"
"RT0895","atap_lantai_tak_layak"
"RT0895","pekerja_informal"
"RT0895","rumah_sempit"
"RT0895","sanitasi_tak_layak"
"RT0895","tanpa_internet"
"RT0895","tanpa_jaminan_kesehatan"
"RT0895","tanpa_tabungan"
"RT0896","anak_putus_sekolah"
"RT0896","atap_lantai_tak_layak"
"RT0896","bahan_bakar_kayu"
"RT0896","kepala_rt_pendidikan_rendah"
"RT0896","pekerja_informal"
"RT0896","tanpa_tabungan"
"RT0897","pekerja_informal"
"RT0897","rumah_sempit"
"RT0897","tanpa_jaminan_kesehatan"
"RT0897","tanpa_tabungan"
"RT0898","kepala_rt_pendidikan_rendah"
"RT0898","pekerja_informal"
"RT0898","rumah_sempit"
"RT0898","tanpa_internet"
"RT0899","rumah_sempit"
"RT0900","rumah_sempit"
"RT0900","sanitasi_tak_layak"
