"id_transaksi","item"
"T0001","buah"
"T0001","cokelat"
"T0001","deterjen"
"T0001","gula"
"T0001","minyak_goreng"
"T0001","susu"
"T0002","air_mineral"
"T0002","beras"
"T0002","gula"
"T0002","mentega"
"T0002","minyak_goreng"
"T0002","roti"
"T0002","sabun"
"T0003","air_mineral"
"T0003","beras"
"T0003","sampo"
"T0003","susu"
"T0004","air_mineral"
"T0004","beras"
"T0004","biskuit"
"T0004","minyak_goreng"
"T0005","air_mineral"
"T0005","biskuit"
"T0005","buah"
"T0005","susu"
"T0006","air_mineral"
"T0006","beras"
"T0006","deterjen"
"T0006","mi_instan"
"T0006","minyak_goreng"
"T0007","air_mineral"
"T0007","beras"
"T0007","mi_instan"
"T0007","sabun"
"T0007","selai"
"T0007","teh"
"T0007","telur"
"T0008","beras"
"T0008","biskuit"
"T0008","buah"
"T0008","gula"
"T0008","mentega"
"T0008","popok"
"T0008","roti"
"T0008","susu"
"T0008","teh"
"T0009","air_mineral"
"T0009","beras"
"T0009","buah"
"T0009","sabun"
"T0010","air_mineral"
"T0010","kopi"
"T0010","mi_instan"
"T0011","air_mineral"
"T0011","gula"
"T0011","kopi"
"T0011","mi_instan"
"T0011","sampo"
"T0011","teh"
"T0011","telur"
"T0012","air_mineral"
"T0012","cokelat"
"T0012","keju"
"T0012","roti"
"T0013","buah"
"T0013","gula"
"T0013","teh"
"T0014","sabun"
"T0014","sampo"
"T0014","susu"
"T0015","kopi"
"T0015","minyak_goreng"
"T0016","air_mineral"
"T0016","roti"
"T0016","selai"
"T0017","air_mineral"
"T0017","biskuit"
"T0017","popok"
"T0017","roti"
"T0017","selai"
"T0017","susu"
"T0018","beras"
"T0018","biskuit"
"T0019","air_mineral"
"T0019","deterjen"
"T0019","popok"
"T0019","susu"
"T0019","telur"
"T0020","air_mineral"
"T0020","gula"
"T0020","kopi"
"T0020","roti"
"T0020","selai"
"T0020","susu"
"T0021","air_mineral"
"T0021","beras"
"T0021","buah"
"T0022","air_mineral"
"T0022","beras"
"T0022","mi_instan"
"T0022","roti"
"T0022","selai"
"T0023","kopi"
"T0023","sampo"
"T0023","selai"
"T0024","telur"
"T0025","air_mineral"
"T0026","deterjen"
"T0026","minyak_goreng"
"T0026","selai"
"T0026","susu"
"T0027","air_mineral"
"T0027","buah"
"T0027","roti"
"T0027","sampo"
"T0027","selai"
"T0027","teh"
"T0027","telur"
"T0028","air_mineral"
"T0028","buah"
"T0028","gula"
"T0028","kopi"
"T0028","mentega"
"T0028","roti"
"T0028","susu"
"T0028","telur"
"T0029","beras"
"T0029","susu"
"T0030","air_mineral"
"T0030","gula"
"T0030","keju"
"T0030","minyak_goreng"
"T0030","roti"
"T0030","teh"
"T0030","telur"
"T0031","air_mineral"
"T0031","gula"
"T0032","air_mineral"
"T0032","gula"
"T0032","mentega"
"T0032","mi_instan"
"T0032","minyak_goreng"
"T0033","air_mineral"
"T0034","buah"
"T0034","deterjen"
"T0034","gula"
"T0034","kopi"
"T0034","telur"
"T0035","air_mineral"
"T0035","mi_instan"
"T0035","minyak_goreng"
"T0035","roti"
"T0035","selai"
"T0036","air_mineral"
"T0036","cokelat"
"T0036","deterjen"
"T0036","roti"
"T0036","selai"
"T0036","telur"
"T0037","beras"
"T0037","mi_instan"
"T0037","roti"
"T0037","sabun"
"T0038","beras"
"T0038","buah"
"T0038","deterjen"
"T0038","mi_instan"
"T0038","sabun"
"T0038","susu"
"T0038","teh"
"T0039","air_mineral"
"T0039","buah"
"T0039","keju"
"T0039","mi_instan"
"T0039","susu"
"T0039","telur"
"T0040","beras"
"T0040","gula"
"T0040","telur"
"T0041","mi_instan"
"T0041","minyak_goreng"
"T0041","sampo"
"T0041","susu"
"T0042","air_mineral"
"T0042","popok"
"T0042","sampo"
"T0042","susu"
"T0042","telur"
"T0043","beras"
"T0043","biskuit"
"T0043","teh"
"T0043","telur"
"T0044","beras"
"T0044","kopi"
"T0044","mi_instan"
"T0044","popok"
"T0044","telur"
"T0045","keju"
"T0045","minyak_goreng"
"T0045","roti"
"T0045","selai"
"T0045","telur"
"T0046","beras"
"T0046","kopi"
"T0046","mi_instan"
"T0046","minyak_goreng"
"T0046","selai"
"T0047","air_mineral"
"T0047","beras"
"T0047","buah"
"T0047","cokelat"
"T0047","minyak_goreng"
"T0047","sabun"
"T0047","sampo"
"T0047","telur"
"T0048","beras"
"T0048","mentega"
"T0048","mi_instan"
"T0049","air_mineral"
"T0049","deterjen"
"T0049","sabun"
"T0050","gula"
"T0050","kopi"
"T0050","mi_instan"
"T0050","susu"
"T0050","teh"
"T0051","roti"
"T0051","sampo"
"T0051","selai"
"T0051","teh"
"T0052","telur"
"T0053","air_mineral"
"T0053","beras"
"T0053","mi_instan"
"T0054","air_mineral"
"T0054","buah"
"T0054","minyak_goreng"
"T0054","susu"
"T0055","beras"
"T0055","buah"
"T0056","air_mineral"
"T0057","beras"
"T0057","buah"
"T0057","keju"
"T0057","roti"
"T0057","telur"
"T0058","air_mineral"
"T0058","beras"
"T0058","gula"
"T0058","kopi"
"T0058","teh"
"T0059","roti"
"T0059","sampo"
"T0059","susu"
"T0060","air_mineral"
"T0060","beras"
"T0060","buah"
"T0060","roti"
"T0060","susu"
"T0061","beras"
"T0061","sampo"
"T0061","teh"
"T0061","telur"
"T0062","air_mineral"
"T0062","gula"
"T0062","kopi"
"T0062","mi_instan"
"T0062","telur"
"T0063","air_mineral"
"T0063","buah"
"T0063","cokelat"
"T0063","deterjen"
"T0063","mi_instan"
"T0063","roti"
"T0063","sabun"
"T0063","susu"
"T0064","air_mineral"
"T0064","beras"
"T0064","buah"
"T0064","keju"
"T0064","roti"
"T0064","susu"
"T0064","telur"
"T0065","air_mineral"
"T0065","beras"
"T0065","biskuit"
"T0065","sabun"
"T0065","sampo"
"T0065","susu"
"T0065","telur"
"T0066","air_mineral"
"T0066","beras"
"T0066","minyak_goreng"
"T0066","sabun"
"T0066","selai"
"T0067","air_mineral"
"T0067","beras"
"T0067","gula"
"T0068","air_mineral"
"T0068","biskuit"
"T0068","deterjen"
"T0068","mi_instan"
"T0069","air_mineral"
"T0070","minyak_goreng"
"T0070","susu"
"T0070","teh"
"T0071","air_mineral"
"T0071","deterjen"
"T0071","gula"
"T0071","mentega"
"T0071","susu"
"T0072","air_mineral"
"T0072","cokelat"
"T0072","gula"
"T0072","kopi"
"T0072","minyak_goreng"
"T0072","teh"
"T0073","air_mineral"
"T0073","gula"
"T0073","susu"
"T0074","roti"
"T0074","sampo"
"T0075","biskuit"
"T0075","deterjen"
"T0075","gula"
"T0075","roti"
"T0075","selai"
"T0075","telur"
"T0076","gula"
"T0076","kopi"
"T0076","roti"
"T0076","sabun"
"T0076","selai"
"T0076","teh"
"T0077","gula"
"T0077","mi_instan"
"T0077","susu"
"T0077","telur"
"T0078","air_mineral"
"T0078","cokelat"
"T0078","deterjen"
"T0078","susu"
"T0079","air_mineral"
"T0080","air_mineral"
"T0080","biskuit"
"T0080","deterjen"
"T0080","mi_instan"
"T0080","susu"
"T0081","air_mineral"
"T0081","minyak_goreng"
"T0081","popok"
"T0081","susu"
"T0081","telur"
"T0082","mi_instan"
"T0082","minyak_goreng"
"T0082","teh"
"T0083","air_mineral"
"T0083","beras"
"T0083","deterjen"
"T0083","gula"
"T0083","kopi"
"T0083","sabun"
"T0084","buah"
"T0084","deterjen"
"T0084","mi_instan"
"T0084","roti"
"T0084","selai"
"T0084","susu"
"T0085","air_mineral"
"T0085","buah"
"T0085","roti"
"T0085","sabun"
"T0086","air_mineral"
"T0086","biskuit"
"T0086","mi_instan"
"T0086","sampo"
"T0087","air_mineral"
"T0087","cokelat"
"T0087","deterjen"
"T0087","gula"
"T0087","popok"
"T0087","susu"
"T0087","teh"
"T0088","deterjen"
"T0088","teh"
"T0088","telur"
"T0089","air_mineral"
"T0089","cokelat"
"T0089","sabun"
"T0090","biskuit"
"T0090","buah"
"T0090","gula"
"T0090","kopi"
"T0090","teh"
"T0091","air_mineral"
"T0091","sampo"
"T0092","air_mineral"
"T0092","mentega"
"T0092","popok"
"T0092","susu"
"T0093","air_mineral"
"T0093","biskuit"
"T0093","buah"
"T0093","telur"
"T0094","air_mineral"
"T0094","gula"
"T0094","kopi"
"T0094","mentega"
"T0094","teh"
"T0095","air_mineral"
"T0095","beras"
"T0095","biskuit"
"T0095","gula"
"T0095","kopi"
"T0095","minyak_goreng"
"T0095","roti"
"T0095","telur"
"T0096","air_mineral"
"T0096","beras"
"T0096","deterjen"
"T0096","gula"
"T0096","teh"
"T0097","deterjen"
"T0097","sabun"
"T0097","susu"
"T0097","telur"
"T0098","air_mineral"
"T0098","gula"
"T0098","kopi"
"T0098","roti"
"T0098","sabun"
"T0099","air_mineral"
"T0099","beras"
"T0100","mi_instan"
"T0100","roti"
"T0100","susu"
"T0101","air_mineral"
"T0101","deterjen"
"T0101","gula"
"T0101","kopi"
"T0101","telur"
"T0102","air_mineral"
"T0102","buah"
"T0103","kopi"
"T0103","mentega"
"T0103","mi_instan"
"T0104","air_mineral"
"T0104","kopi"
"T0104","minyak_goreng"
"T0104","telur"
"T0105","air_mineral"
"T0105","mentega"
"T0105","teh"
"T0106","biskuit"
"T0106","roti"
"T0106","sabun"
"T0106","teh"
"T0106","telur"
"T0107","air_mineral"
"T0107","buah"
"T0107","keju"
"T0107","minyak_goreng"
"T0107","roti"
"T0108","beras"
"T0108","buah"
"T0108","gula"
"T0108","kopi"
"T0108","mentega"
"T0108","sampo"
"T0108","telur"
"T0109","air_mineral"
"T0109","beras"
"T0109","biskuit"
"T0109","mentega"
"T0109","mi_instan"
"T0109","sabun"
"T0109","teh"
"T0109","telur"
"T0110","air_mineral"
"T0110","gula"
"T0110","keju"
"T0110","roti"
"T0111","air_mineral"
"T0111","buah"
"T0111","minyak_goreng"
"T0111","sampo"
"T0111","telur"
"T0112","deterjen"
"T0112","mentega"
"T0112","telur"
"T0113","air_mineral"
"T0113","gula"
"T0113","roti"
"T0113","selai"
"T0114","air_mineral"
"T0114","mi_instan"
"T0114","teh"
"T0115","air_mineral"
"T0115","susu"
"T0116","air_mineral"
"T0116","beras"
"T0116","mentega"
"T0116","minyak_goreng"
"T0116","sampo"
"T0117","air_mineral"
"T0117","sabun"
"T0117","susu"
"T0118","biskuit"
"T0118","minyak_goreng"
"T0118","telur"
"T0119","air_mineral"
"T0119","buah"
"T0119","deterjen"
"T0119","gula"
"T0119","keju"
"T0119","roti"
"T0120","sampo"
"T0121","minyak_goreng"
"T0121","teh"
"T0121","telur"
"T0122","biskuit"
"T0122","deterjen"
"T0122","roti"
"T0122","selai"
"T0122","susu"
"T0122","teh"
"T0123","biskuit"
"T0123","mi_instan"
"T0123","telur"
"T0124","air_mineral"
"T0124","telur"
"T0125","beras"
"T0125","buah"
"T0125","mentega"
"T0125","roti"
"T0125","sabun"
"T0125","telur"
"T0126","air_mineral"
"T0126","biskuit"
"T0126","cokelat"
"T0126","roti"
"T0126","sampo"
"T0126","selai"
"T0127","air_mineral"
"T0127","biskuit"
"T0127","cokelat"
"T0127","mi_instan"
"T0127","minyak_goreng"
"T0127","roti"
"T0127","sampo"
"T0127","teh"
"T0127","telur"
"T0128","beras"
"T0128","sabun"
"T0128","susu"
"T0129","air_mineral"
"T0129","biskuit"
"T0129","buah"
"T0129","selai"
"T0130","air_mineral"
"T0130","beras"
"T0130","buah"
"T0130","mi_instan"
"T0130","minyak_goreng"
"T0130","sampo"
"T0131","air_mineral"
"T0131","biskuit"
"T0131","cokelat"
"T0131","minyak_goreng"
"T0131","roti"
"T0131","selai"
"T0131","susu"
"T0131","teh"
"T0131","telur"
"T0132","air_mineral"
"T0132","biskuit"
"T0132","selai"
"T0133","air_mineral"
"T0133","buah"
"T0133","popok"
"T0133","susu"
"T0134","air_mineral"
"T0134","popok"
"T0134","roti"
"T0134","selai"
"T0135","air_mineral"
"T0135","beras"
"T0135","cokelat"
"T0135","deterjen"
"T0135","gula"
"T0135","kopi"
"T0135","mi_instan"
"T0135","teh"
"T0136","air_mineral"
"T0136","gula"
"T0137","biskuit"
"T0137","cokelat"
"T0137","minyak_goreng"
"T0137","sabun"
"T0137","selai"
"T0137","susu"
"T0138","biskuit"
"T0138","mi_instan"
"T0138","minyak_goreng"
"T0138","roti"
"T0138","selai"
"T0138","teh"
"T0139","air_mineral"
"T0139","beras"
"T0139","biskuit"
"T0139","buah"
"T0139","deterjen"
"T0139","gula"
"T0139","teh"
"T0140","air_mineral"
"T0140","beras"
"T0140","mentega"
"T0140","mi_instan"
"T0140","popok"
"T0140","roti"
"T0140","susu"
"T0141","air_mineral"
"T0141","cokelat"
"T0141","mi_instan"
"T0141","minyak_goreng"
"T0141","susu"
"T0142","susu"
"T0143","air_mineral"
"T0143","biskuit"
"T0144","air_mineral"
"T0144","mi_instan"
"T0144","minyak_goreng"
"T0144","susu"
"T0144","telur"
"T0145","air_mineral"
"T0145","telur"
"T0146","air_mineral"
"T0146","kopi"
"T0147","air_mineral"
"T0147","buah"
"T0147","mi_instan"
"T0147","telur"
"T0148","air_mineral"
"T0148","biskuit"
"T0148","roti"
"T0149","air_mineral"
"T0149","mi_instan"
"T0149","teh"
"T0150","air_mineral"
"T0150","mentega"
"T0150","minyak_goreng"
"T0150","roti"
"T0150","susu"
"T0151","air_mineral"
"T0151","mentega"
"T0152","beras"
"T0152","mi_instan"
"T0153","air_mineral"
"T0153","biskuit"
"T0153","gula"
"T0153","minyak_goreng"
"T0154","air_mineral"
"T0154","roti"
"T0154","teh"
"T0155","air_mineral"
"T0155","gula"
"T0155","kopi"
"T0155","mi_instan"
"T0156","biskuit"
"T0156","gula"
"T0156","mentega"
"T0156","popok"
"T0156","roti"
"T0156","susu"
"T0156","teh"
"T0157","air_mineral"
"T0157","cokelat"
"T0157","mentega"
"T0157","sabun"
"T0157","telur"
"T0158","air_mineral"
"T0158","beras"
"T0158","kopi"
"T0158","mi_instan"
"T0158","minyak_goreng"
"T0159","cokelat"
"T0159","gula"
"T0159","susu"
"T0160","air_mineral"
"T0160","beras"
"T0160","keju"
"T0160","minyak_goreng"
"T0160","popok"
"T0160","sabun"
"T0160","sampo"
"T0160","susu"
"T0161","beras"
"T0161","biskuit"
"T0161","kopi"
"T0161","mi_instan"
"T0162","air_mineral"
"T0162","buah"
"T0163","air_mineral"
"T0163","beras"
"T0163","buah"
"T0163","telur"
"T0164","beras"
"T0164","cokelat"
"T0164","roti"
"T0164","selai"
"T0164","teh"
"T0165","beras"
"T0165","cokelat"
"T0165","deterjen"
"T0165","sampo"
"T0166","air_mineral"
"T0166","beras"
"T0166","mi_instan"
"T0167","air_mineral"
"T0167","buah"
"T0167","susu"
"T0168","sampo"
"T0168","selai"
"T0169","air_mineral"
"T0169","gula"
"T0169","sampo"
"T0169","susu"
"T0169","teh"
"T0169","telur"
"T0170","gula"
"T0170","popok"
"T0170","roti"
"T0170","sampo"
"T0170","susu"
"T0170","teh"
"T0171","air_mineral"
"T0171","deterjen"
"T0171","gula"
"T0171","kopi"
"T0171","roti"
"T0171","sampo"
"T0172","biskuit"
"T0172","mentega"
"T0172","mi_instan"
"T0172","sampo"
"T0173","air_mineral"
"T0173","mi_instan"
"T0173","roti"
"T0173","sabun"
"T0173","susu"
"T0173","teh"
"T0174","air_mineral"
"T0174","biskuit"
"T0174","mentega"
"T0174","roti"
"T0174","sabun"
"T0174","susu"
"T0175","air_mineral"
"T0175","beras"
"T0175","biskuit"
"T0175","minyak_goreng"
"T0175","popok"
"T0175","susu"
"T0176","air_mineral"
"T0176","biskuit"
"T0176","minyak_goreng"
"T0176","roti"
"T0176","selai"
"T0176","teh"
"T0177","air_mineral"
"T0177","biskuit"
"T0177","gula"
"T0177","mi_instan"
"T0177","teh"
"T0178","gula"
"T0178","selai"
"T0178","susu"
"T0179","beras"
"T0179","buah"
"T0179","telur"
"T0180","air_mineral"
"T0180","biskuit"
"T0180","mentega"
"T0180","telur"
"T0181","air_mineral"
"T0181","biskuit"
"T0181","mi_instan"
"T0181","sampo"
"T0181","susu"
"T0182","air_mineral"
"T0182","beras"
"T0182","biskuit"
"T0182","cokelat"
"T0182","gula"
"T0182","kopi"
"T0182","sampo"
"T0182","susu"
"T0182","telur"
"T0183","air_mineral"
"T0183","biskuit"
"T0183","gula"
"T0183","keju"
"T0183","kopi"
"T0183","roti"
"T0184","beras"
"T0184","gula"
"T0184","minyak_goreng"
"T0184","susu"
"T0185","air_mineral"
"T0186","air_mineral"
"T0186","mi_instan"
"T0186","minyak_goreng"
"T0187","air_mineral"
"T0187","gula"
"T0188","roti"
"T0189","beras"
"T0189","buah"
"T0189","gula"
"T0189","mi_instan"
"T0189","minyak_goreng"
"T0189","telur"
"T0190","air_mineral"
"T0190","biskuit"
"T0190","mi_instan"
"T0190","telur"
"T0191","air_mineral"
"T0191","buah"
"T0191","minyak_goreng"
"T0191","roti"
"T0192","air_mineral"
"T0192","buah"
"T0192","gula"
"T0193","deterjen"
"T0193","roti"
"T0193","susu"
"T0193","teh"
"T0194","beras"
"T0194","buah"
"T0194","deterjen"
"T0194","gula"
"T0194","kopi"
"T0194","mentega"
"T0194","telur"
"T0195","sabun"
"T0196","air_mineral"
"T0196","beras"
"T0196","teh"
"T0196","telur"
"T0197","air_mineral"
"T0197","keju"
"T0197","mi_instan"
"T0197","roti"
"T0197","sampo"
"T0197","susu"
"T0197","telur"
"T0198","air_mineral"
"T0198","beras"
"T0198","buah"
"T0198","deterjen"
"T0198","gula"
"T0198","sabun"
"T0198","teh"
"T0199","biskuit"
"T0199","minyak_goreng"
"T0200","teh"
"T0201","air_mineral"
"T0201","beras"
"T0201","minyak_goreng"
"T0201","roti"
"T0201","telur"
"T0202","air_mineral"
"T0202","beras"
"T0202","sampo"
"T0203","air_mineral"
"T0203","keju"
"T0203","roti"
"T0203","sampo"
"T0203","susu"
"T0204","air_mineral"
"T0204","beras"
"T0204","deterjen"
"T0204","roti"
"T0204","sabun"
"T0204","susu"
"T0205","air_mineral"
"T0205","biskuit"
"T0205","deterjen"
"T0205","mentega"
"T0205","susu"
"T0206","air_mineral"
"T0206","mi_instan"
"T0206","minyak_goreng"
"T0207","air_mineral"
"T0207","gula"
"T0207","mi_instan"
"T0207","sabun"
"T0207","susu"
"T0208","beras"
"T0208","biskuit"
"T0209","popok"
"T0210","biskuit"
"T0210","buah"
"T0210","sabun"
"T0210","selai"
"T0211","air_mineral"
"T0211","beras"
"T0211","cokelat"
"T0211","gula"
"T0211","kopi"
"T0211","mentega"
"T0211","mi_instan"
"T0211","sabun"
"T0211","susu"
"T0211","teh"
"T0212","air_mineral"
"T0212","beras"
"T0212","buah"
"T0212","deterjen"
"T0212","mi_instan"
"T0213","beras"
"T0213","biskuit"
"T0213","buah"
"T0213","keju"
"T0213","mi_instan"
"T0213","minyak_goreng"
"T0213","roti"
"T0213","sabun"
"T0213","telur"
"T0214","buah"
"T0214","gula"
"T0214","kopi"
"T0214","mi_instan"
"T0214","minyak_goreng"
"T0214","roti"
"T0214","sabun"
"T0214","selai"
"T0215","cokelat"
"T0216","air_mineral"
"T0216","deterjen"
"T0216","gula"
"T0216","kopi"
"T0216","telur"
"T0217","buah"
"T0217","gula"
"T0217","kopi"
"T0217","mi_instan"
"T0217","roti"
"T0217","teh"
"T0218","biskuit"
"T0218","buah"
"T0218","roti"
"T0219","air_mineral"
"T0219","buah"
"T0219","gula"
"T0219","popok"
"T0219","susu"
"T0220","biskuit"
"T0220","gula"
"T0220","kopi"
"T0220","mi_instan"
"T0221","air_mineral"
"T0221","gula"
"T0221","mi_instan"
"T0221","teh"
"T0221","telur"
"T0222","air_mineral"
"T0222","gula"
"T0222","keju"
"T0222","popok"
"T0222","susu"
"T0222","telur"
"T0223","air_mineral"
"T0223","beras"
"T0223","cokelat"
"T0223","roti"
"T0223","sabun"
"T0223","susu"
"T0224","beras"
"T0224","biskuit"
"T0224","minyak_goreng"
"T0224","roti"
"T0224","sabun"
"T0225","beras"
"T0225","buah"
"T0225","roti"
"T0225","telur"
"T0226","air_mineral"
"T0226","beras"
"T0227","biskuit"
"T0227","keju"
"T0227","roti"
"T0227","susu"
"T0227","telur"
"T0228","deterjen"
"T0228","telur"
"T0229","biskuit"
"T0229","gula"
"T0229","kopi"
"T0229","minyak_goreng"
"T0229","sabun"
"T0229","susu"
"T0229","teh"
"T0229","telur"
"T0230","deterjen"
"T0230","mi_instan"
"T0230","teh"
"T0230","telur"
"T0231","air_mineral"
"T0231","keju"
"T0231","mi_instan"
"T0232","air_mineral"
"T0232","beras"
"T0233","air_mineral"
"T0233","beras"
"T0233","popok"
"T0233","roti"
"T0233","susu"
"T0233","teh"
"T0234","deterjen"
"T0234","minyak_goreng"
"T0234","teh"
"T0234","telur"
"T0235","air_mineral"
"T0235","beras"
"T0235","buah"
"T0235","sabun"
"T0236","beras"
"T0236","cokelat"
"T0236","telur"
"T0237","air_mineral"
"T0237","gula"
"T0237","sabun"
"T0237","teh"
"T0238","air_mineral"
"T0238","buah"
"T0238","mi_instan"
"T0239","cokelat"
"T0239","gula"
"T0239","mi_instan"
"T0239","sampo"
"T0239","telur"
"T0240","beras"
"T0240","deterjen"
"T0240","mi_instan"
"T0240","roti"
"T0240","sabun"
"T0240","sampo"
"T0240","selai"
"T0240","teh"
"T0240","telur"
"T0241","beras"
"T0241","buah"
"T0241","cokelat"
"T0242","minyak_goreng"
"T0242","susu"
"T0243","buah"
"T0243","teh"
"T0244","biskuit"
"T0245","biskuit"
"T0245","popok"
"T0245","sampo"
"T0245","susu"
"T0246","air_mineral"
"T0246","beras"
"T0246","biskuit"
"T0246","mi_instan"
"T0246","roti"
"T0247","air_mineral"
"T0247","beras"
"T0247","biskuit"
"T0247","mentega"
"T0248","air_mineral"
"T0248","gula"
"T0248","roti"
"T0249","air_mineral"
"T0249","beras"
"T0249","buah"
"T0249","minyak_goreng"
"T0249","susu"
"T0250","deterjen"
"T0250","gula"
"T0250","mi_instan"
"T0250","minyak_goreng"
"T0250","sabun"
"T0250","teh"
"T0251","deterjen"
"T0251","keju"
"T0251","roti"
"T0251","telur"
"T0252","air_mineral"
"T0252","mi_instan"
"T0252","minyak_goreng"
"T0253","air_mineral"
"T0253","buah"
"T0253","minyak_goreng"
"T0253","telur"
"T0254","buah"
"T0254","sabun"
"T0254","sampo"
"T0254","selai"
"T0255","air_mineral"
"T0255","gula"
"T0255","teh"
"T0256","air_mineral"
"T0256","keju"
"T0256","mi_instan"
"T0256","roti"
"T0256","selai"
"T0256","teh"
"T0257","air_mineral"
"T0257","biskuit"
"T0257","cokelat"
"T0257","gula"
"T0257","mi_instan"
"T0257","minyak_goreng"
"T0257","popok"
"T0257","sabun"
"T0257","susu"
"T0258","air_mineral"
"T0258","biskuit"
"T0258","deterjen"
"T0258","kopi"
"T0258","telur"
"T0259","deterjen"
"T0259","gula"
"T0259","keju"
"T0259","roti"
"T0260","air_mineral"
"T0260","gula"
"T0260","susu"
"T0261","air_mineral"
"T0261","sabun"
"T0262","air_mineral"
"T0262","beras"
"T0262","gula"
"T0262","sabun"
"T0262","susu"
"T0262","teh"
"T0263","air_mineral"
"T0263","beras"
"T0263","sabun"
"T0263","sampo"
"T0264","air_mineral"
"T0264","buah"
"T0264","gula"
"T0264","kopi"
"T0264","mi_instan"
"T0264","minyak_goreng"
"T0264","teh"
"T0265","air_mineral"
"T0265","cokelat"
"T0265","susu"
"T0265","telur"
"T0266","minyak_goreng"
"T0267","air_mineral"
"T0267","beras"
"T0267","biskuit"
"T0267","gula"
"T0267","minyak_goreng"
"T0267","susu"
"T0267","teh"
"T0268","beras"
"T0268","sampo"
"T0268","telur"
"T0269","beras"
"T0269","mi_instan"
"T0269","susu"
"T0270","cokelat"
"T0270","gula"
"T0270","kopi"
"T0270","susu"
"T0271","cokelat"
"T0271","gula"
"T0271","roti"
"T0271","selai"
"T0271","susu"
"T0271","teh"
"T0272","beras"
"T0272","sampo"
"T0272","susu"
"T0273","air_mineral"
"T0273","beras"
"T0273","buah"
"T0273","cokelat"
"T0273","minyak_goreng"
"T0273","sabun"
"T0274","air_mineral"
"T0274","teh"
"T0274","telur"
"T0275","air_mineral"
"T0275","beras"
"T0275","mentega"
"T0275","teh"
"T0275","telur"
"T0276","air_mineral"
"T0276","biskuit"
"T0276","sampo"
"T0277","buah"
"T0277","deterjen"
"T0277","gula"
"T0277","kopi"
"T0277","mentega"
"T0277","mi_instan"
"T0277","minyak_goreng"
"T0277","roti"
"T0277","selai"
"T0278","air_mineral"
"T0278","beras"
"T0278","keju"
"T0278","roti"
"T0278","susu"
"T0279","air_mineral"
"T0279","keju"
"T0279","minyak_goreng"
"T0279","roti"
"T0280","beras"
"T0280","buah"
"T0280","cokelat"
"T0281","beras"
"T0281","roti"
"T0281","selai"
"T0281","susu"
"T0281","teh"
"T0282","beras"
"T0282","gula"
"T0282","kopi"
"T0282","roti"
"T0282","teh"
"T0282","telur"
"T0283","air_mineral"
"T0283","cokelat"
"T0283","mi_instan"
"T0283","sabun"
"T0284","air_mineral"
"T0284","biskuit"
"T0284","buah"
"T0284","mentega"
"T0285","beras"
"T0285","gula"
"T0285","kopi"
"T0285","teh"
"T0286","gula"
"T0286","keju"
"T0286","mentega"
"T0287","air_mineral"
"T0287","buah"
"T0287","deterjen"
"T0287","popok"
"T0287","sabun"
"T0287","susu"
"T0287","telur"
"T0288","air_mineral"
"T0288","biskuit"
"T0288","buah"
"T0288","gula"
"T0288","keju"
"T0288","mi_instan"
"T0288","roti"
"T0288","selai"
"T0288","teh"
"T0289","beras"
"T0289","mi_instan"
"T0289","minyak_goreng"
"T0289","teh"
"T0290","gula"
"T0290","kopi"
"T0290","selai"
"T0290","teh"
"T0290","telur"
"T0291","air_mineral"
"T0291","gula"
"T0291","mi_instan"
"T0291","minyak_goreng"
"T0291","roti"
"T0291","sampo"
"T0291","teh"
"T0292","air_mineral"
"T0292","cokelat"
"T0292","roti"
"T0292","sampo"
"T0292","selai"
"T0293","air_mineral"
"T0293","beras"
"T0293","cokelat"
"T0293","mi_instan"
"T0293","sampo"
"T0293","susu"
"T0293","telur"
"T0294","air_mineral"
"T0294","beras"
"T0294","gula"
"T0294","sabun"
"T0294","teh"
"T0295","air_mineral"
"T0295","beras"
"T0295","biskuit"
"T0295","deterjen"
"T0295","roti"
"T0295","telur"
"T0296","air_mineral"
"T0296","beras"
"T0296","mentega"
"T0296","mi_instan"
"T0296","minyak_goreng"
"T0296","sabun"
"T0296","susu"
"T0297","biskuit"
"T0297","minyak_goreng"
"T0297","teh"
"T0298","air_mineral"
"T0298","beras"
"T0298","mentega"
"T0298","mi_instan"
"T0298","minyak_goreng"
"T0298","telur"
"T0299","air_mineral"
"T0299","biskuit"
"T0299","mi_instan"
"T0299","sampo"
"T0299","telur"
"T0300","air_mineral"
"T0300","gula"
"T0300","kopi"
"T0300","mi_instan"
"T0300","sabun"
"T0300","susu"
"T0301","air_mineral"
"T0301","deterjen"
"T0301","roti"
"T0301","sampo"
"T0302","air_mineral"
"T0302","beras"
"T0302","gula"
"T0302","kopi"
"T0302","mentega"
"T0302","susu"
"T0303","air_mineral"
"T0303","biskuit"
"T0303","deterjen"
"T0303","gula"
"T0303","mi_instan"
"T0304","beras"
"T0304","buah"
"T0304","cokelat"
"T0304","kopi"
"T0304","sabun"
"T0304","telur"
"T0305","air_mineral"
"T0305","gula"
"T0305","roti"
"T0305","teh"
"T0306","air_mineral"
"T0306","telur"
"T0307","mentega"
"T0307","minyak_goreng"
"T0307","roti"
"T0307","selai"
"T0307","susu"
"T0308","air_mineral"
"T0308","biskuit"
"T0308","buah"
"T0308","minyak_goreng"
"T0308","roti"
"T0308","telur"
"T0309","air_mineral"
"T0309","minyak_goreng"
"T0310","air_mineral"
"T0310","beras"
"T0310","buah"
"T0310","mentega"
"T0310","minyak_goreng"
"T0310","telur"
"T0311","air_mineral"
"T0311","buah"
"T0311","gula"
"T0312","air_mineral"
"T0312","gula"
"T0312","susu"
"T0313","beras"
"T0313","biskuit"
"T0313","cokelat"
"T0313","sampo"
"T0314","cokelat"
"T0314","minyak_goreng"
"T0314","sabun"
"T0314","susu"
"T0315","air_mineral"
"T0315","sabun"
"T0315","sampo"
"T0316","air_mineral"
"T0316","beras"
"T0316","buah"
"T0316","minyak_goreng"
"T0317","air_mineral"
"T0317","gula"
"T0317","kopi"
"T0317","minyak_goreng"
"T0317","sabun"
"T0317","susu"
"T0318","biskuit"
"T0318","selai"
"T0319","buah"
"T0319","minyak_goreng"
"T0319","susu"
"T0319","telur"
"T0320","air_mineral"
"T0320","cokelat"
"T0320","gula"
"T0320","keju"
"T0320","sabun"
"T0320","susu"
"T0321","air_mineral"
"T0321","buah"
"T0321","gula"
"T0321","kopi"
"T0321","minyak_goreng"
"T0321","roti"
"T0321","sabun"
"T0321","selai"
"T0321","teh"
"T0322","air_mineral"
"T0322","deterjen"
"T0322","sabun"
"T0322","selai"
"T0323","air_mineral"
"T0323","buah"
"T0323","roti"
"T0324","air_mineral"
"T0324","beras"
"T0324","gula"
"T0324","kopi"
"T0324","minyak_goreng"
"T0324","susu"
"T0325","air_mineral"
"T0325","biskuit"
"T0325","keju"
"T0325","roti"
"T0326","air_mineral"
"T0326","gula"
"T0327","buah"
"T0327","cokelat"
"T0327","gula"
"T0327","mentega"
"T0328","gula"
"T0328","kopi"
"T0328","popok"
"T0328","roti"
"T0328","selai"
"T0328","susu"
"T0328","telur"
"T0329","air_mineral"
"T0329","biskuit"
"T0329","gula"
"T0329","kopi"
"T0329","teh"
"T0330","buah"
"T0330","deterjen"
"T0330","roti"
"T0330","sampo"
"T0330","selai"
"T0331","deterjen"
"T0331","teh"
"T0332","biskuit"
"T0332","kopi"
"T0333","cokelat"
"T0333","mi_instan"
"T0333","popok"
"T0333","susu"
"T0333","telur"
"T0334","air_mineral"
"T0334","biskuit"
"T0334","buah"
"T0334","mi_instan"
"T0335","air_mineral"
"T0335","beras"
"T0335","keju"
"T0335","mi_instan"
"T0336","deterjen"
"T0336","gula"
"T0336","kopi"
"T0336","mentega"
"T0336","sabun"
"T0336","teh"
"T0337","deterjen"
"T0337","susu"
"T0338","cokelat"
"T0338","gula"
"T0338","teh"
"T0339","sabun"
"T0339","telur"
"T0340","air_mineral"
"T0340","minyak_goreng"
"T0340","sabun"
"T0340","teh"
"T0341","air_mineral"
"T0341","gula"
"T0341","kopi"
"T0341","minyak_goreng"
"T0341","susu"
"T0342","air_mineral"
"T0343","beras"
"T0343","biskuit"
"T0343","cokelat"
"T0343","gula"
"T0343","mi_instan"
"T0343","roti"
"T0344","biskuit"
"T0344","popok"
"T0344","roti"
"T0344","susu"
"T0345","mentega"
"T0345","mi_instan"
"T0345","roti"
"T0345","susu"
"T0346","air_mineral"
"T0346","buah"
"T0346","minyak_goreng"
"T0346","popok"
"T0346","susu"
"T0347","air_mineral"
"T0347","telur"
"T0348","air_mineral"
"T0348","mi_instan"
"T0348","minyak_goreng"
"T0349","air_mineral"
"T0349","biskuit"
"T0350","air_mineral"
"T0350","deterjen"
"T0350","sabun"
"T0350","telur"
"T0351","air_mineral"
"T0351","cokelat"
"T0351","minyak_goreng"
"T0351","roti"
"T0351","sampo"
"T0351","telur"
"T0352","air_mineral"
"T0352","deterjen"
"T0352","gula"
"T0352","mi_instan"
"T0353","air_mineral"
"T0353","beras"
"T0353","roti"
"T0353","susu"
"T0354","selai"
"T0354","telur"
"T0355","buah"
"T0355","gula"
"T0355","mentega"
"T0355","sabun"
"T0356","beras"
"T0356","gula"
"T0356","kopi"
"T0356","mi_instan"
"T0357","air_mineral"
"T0357","biskuit"
"T0357","kopi"
"T0357","mi_instan"
"T0357","telur"
"T0358","air_mineral"
"T0358","beras"
"T0358","deterjen"
"T0358","kopi"
"T0358","popok"
"T0359","sabun"
"T0359","sampo"
"T0359","telur"
"T0360","air_mineral"
"T0360","beras"
"T0360","buah"
"T0361","air_mineral"
"T0361","keju"
"T0361","kopi"
"T0361","mentega"
"T0361","minyak_goreng"
"T0361","roti"
"T0361","susu"
"T0361","teh"
"T0362","air_mineral"
"T0362","beras"
"T0362","mi_instan"
"T0363","air_mineral"
"T0364","air_mineral"
"T0364","sampo"
"T0364","selai"
"T0365","air_mineral"
"T0365","deterjen"
"T0365","keju"
"T0365","mi_instan"
"T0365","roti"
"T0365","sampo"
"T0365","teh"
"T0365","telur"
"T0366","air_mineral"
"T0366","beras"
"T0366","kopi"
"T0366","sampo"
"T0366","susu"
"T0367","gula"
"T0367","kopi"
"T0367","mi_instan"
"T0367","sabun"
"T0367","susu"
"T0367","teh"
"T0368","air_mineral"
"T0368","mi_instan"
"T0368","roti"
"T0368","selai"
"T0368","susu"
"T0369","air_mineral"
"T0369","sabun"
"T0369","teh"
"T0370","air_mineral"
"T0370","beras"
"T0370","buah"
"T0370","gula"
"T0370","mentega"
"T0370","sampo"
"T0370","selai"
"T0370","susu"
"T0371","susu"
"T0372","air_mineral"
"T0372","buah"
"T0372","keju"
"T0372","roti"
"T0372","sabun"
"T0373","air_mineral"
"T0373","beras"
"T0373","biskuit"
"T0373","sampo"
"T0374","air_mineral"
"T0374","buah"
"T0374","minyak_goreng"
"T0375","beras"
"T0375","mi_instan"
"T0376","air_mineral"
"T0376","buah"
"T0376","telur"
"T0377","air_mineral"
"T0377","buah"
"T0377","sabun"
"T0377","telur"
"T0378","biskuit"
"T0379","air_mineral"
"T0379","beras"
"T0379","deterjen"
"T0379","gula"
"T0379","kopi"
"T0379","roti"
"T0379","susu"
"T0379","telur"
"T0380","beras"
"T0380","mentega"
"T0380","minyak_goreng"
"T0380","sampo"
"T0380","teh"
"T0381","air_mineral"
"T0381","buah"
"T0381","minyak_goreng"
"T0382","beras"
"T0383","air_mineral"
"T0383","beras"
"T0383","buah"
"T0383","deterjen"
"T0383","roti"
"T0383","susu"
"T0384","air_mineral"
"T0384","mi_instan"
"T0384","sabun"
"T0384","telur"
"T0385","air_mineral"
"T0385","buah"
"T0385","mi_instan"
"T0386","air_mineral"
"T0386","biskuit"
"T0386","buah"
"T0386","kopi"
"T0387","beras"
"T0387","gula"
"T0387","kopi"
"T0387","minyak_goreng"
"T0387","telur"
"T0388","air_mineral"
"T0388","buah"
"T0388","deterjen"
"T0388","mi_instan"
"T0388","minyak_goreng"
"T0388","roti"
"T0388","sampo"
"T0388","susu"
"T0389","air_mineral"
"T0389","cokelat"
"T0389","keju"
"T0390","air_mineral"
"T0390","gula"
"T0390","roti"
"T0390","susu"
"T0390","teh"
"T0391","minyak_goreng"
"T0391","roti"
"T0392","air_mineral"
"T0392","deterjen"
"T0392","keju"
"T0392","kopi"
"T0392","roti"
"T0392","sabun"
"T0392","telur"
"T0393","air_mineral"
"T0393","beras"
"T0393","buah"
"T0393","selai"
"T0394","air_mineral"
"T0394","beras"
"T0394","minyak_goreng"
"T0394","roti"
"T0395","air_mineral"
"T0395","sampo"
"T0396","sampo"
"T0396","susu"
"T0396","telur"
"T0397","air_mineral"
"T0397","beras"
"T0397","biskuit"
"T0397","mi_instan"
"T0397","minyak_goreng"
"T0397","sabun"
"T0398","air_mineral"
"T0399","air_mineral"
"T0400","air_mineral"
"T0400","buah"
"T0400","cokelat"
"T0400","minyak_goreng"
"T0401","mentega"
"T0402","air_mineral"
"T0402","gula"
"T0402","kopi"
"T0402","popok"
"T0402","susu"
"T0403","buah"
"T0403","deterjen"
"T0403","susu"
"T0404","buah"
"T0404","kopi"
"T0405","deterjen"
"T0405","mi_instan"
"T0405","minyak_goreng"
"T0405","roti"
"T0405","sampo"
"T0405","susu"
"T0405","telur"
"T0406","air_mineral"
"T0406","teh"
"T0406","telur"
"T0407","air_mineral"
"T0407","deterjen"
"T0407","mi_instan"
"T0408","beras"
"T0408","buah"
"T0408","deterjen"
"T0408","keju"
"T0408","roti"
"T0409","air_mineral"
"T0409","beras"
"T0409","keju"
"T0409","roti"
"T0409","selai"
"T0409","teh"
"T0409","telur"
"T0410","air_mineral"
"T0410","deterjen"
"T0410","gula"
"T0410","mi_instan"
"T0410","minyak_goreng"
"T0410","roti"
"T0410","susu"
"T0410","telur"
"T0411","air_mineral"
"T0411","beras"
"T0411","buah"
"T0411","mentega"
"T0411","mi_instan"
"T0412","beras"
"T0412","gula"
"T0412","kopi"
"T0412","susu"
"T0412","teh"
"T0412","telur"
"T0413","air_mineral"
"T0413","biskuit"
"T0413","gula"
"T0413","popok"
"T0413","susu"
"T0414","air_mineral"
"T0414","keju"
"T0415","mentega"
"T0415","telur"
"T0416","beras"
"T0416","minyak_goreng"
"T0416","sabun"
"T0416","telur"
"T0417","air_mineral"
"T0417","roti"
"T0417","sabun"
"T0417","selai"
"T0418","air_mineral"
"T0418","buah"
"T0419","gula"
"T0419","telur"
"T0420","air_mineral"
"T0420","gula"
"T0420","teh"
"T0421","biskuit"
"T0422","biskuit"
"T0422","kopi"
"T0422","susu"
"T0422","telur"
"T0423","gula"
"T0423","kopi"
"T0423","mi_instan"
"T0423","teh"
"T0423","telur"
"T0424","biskuit"
"T0424","buah"
"T0424","minyak_goreng"
"T0424","popok"
"T0424","selai"
"T0424","susu"
"T0424","telur"
"T0425","air_mineral"
"T0425","beras"
"T0425","gula"
"T0425","kopi"
"T0425","mi_instan"
"T0425","selai"
"T0426","air_mineral"
"T0426","keju"
"T0426","mentega"
"T0426","mi_instan"
"T0427","air_mineral"
"T0427","minyak_goreng"
"T0427","telur"
"T0428","air_mineral"
"T0428","cokelat"
"T0428","sabun"
"T0429","buah"
"T0429","mi_instan"
"T0429","roti"
"T0429","selai"
"T0429","teh"
"T0429","telur"
"T0430","biskuit"
"T0430","keju"
"T0430","mentega"
"T0430","teh"
"T0431","cokelat"
"T0431","minyak_goreng"
"T0431","popok"
"T0431","roti"
"T0431","sabun"
"T0431","susu"
"T0432","air_mineral"
"T0432","buah"
"T0432","minyak_goreng"
"T0432","telur"
"T0433","air_mineral"
"T0433","buah"
"T0433","gula"
"T0433","kopi"
"T0433","sampo"
"T0434","biskuit"
"T0434","deterjen"
"T0434","mentega"
"T0434","roti"
"T0434","sabun"
"T0435","air_mineral"
"T0435","gula"
"T0435","kopi"
"T0435","roti"
"T0435","selai"
"T0435","teh"
"T0436","deterjen"
"T0436","gula"
"T0436","keju"
"T0436","kopi"
"T0436","sabun"
"T0436","teh"
"T0436","telur"
"T0437","air_mineral"
"T0437","mi_instan"
"T0437","popok"
"T0437","susu"
"T0437","teh"
"T0438","mi_instan"
"T0438","minyak_goreng"
"T0438","sampo"
"T0439","cokelat"
"T0439","gula"
"T0439","mentega"
"T0439","roti"
"T0439","selai"
"T0439","teh"
"T0439","telur"
"T0440","air_mineral"
"T0440","biskuit"
"T0440","deterjen"
"T0441","air_mineral"
"T0441","beras"
"T0441","cokelat"
"T0441","susu"
"T0442","beras"
"T0442","biskuit"
"T0442","deterjen"
"T0442","sabun"
"T0442","selai"
"T0443","air_mineral"
"T0443","biskuit"
"T0443","popok"
"T0443","sampo"
"T0443","susu"
"T0444","beras"
"T0444","minyak_goreng"
"T0444","susu"
"T0445","deterjen"
"T0445","roti"
"T0445","sabun"
"T0445","telur"
"T0446","air_mineral"
"T0446","beras"
"T0446","buah"
"T0446","gula"
"T0446","keju"
"T0446","mi_instan"
"T0446","minyak_goreng"
"T0446","roti"
"T0446","sampo"
"T0446","teh"
"T0447","deterjen"
"T0447","minyak_goreng"
"T0448","sabun"
"T0448","teh"
"T0448","telur"
"T0449","air_mineral"
"T0449","beras"
"T0449","biskuit"
"T0449","mi_instan"
"T0449","sampo"
"T0450","beras"
"T0450","gula"
"T0451","air_mineral"
"T0451","beras"
"T0451","cokelat"
"T0451","mi_instan"
"T0452","air_mineral"
"T0452","mentega"
"T0453","air_mineral"
"T0453","gula"
"T0453","teh"
"T0454","air_mineral"
"T0454","deterjen"
"T0454","teh"
"T0455","biskuit"
"T0455","mentega"
"T0455","minyak_goreng"
"T0455","sabun"
"T0455","teh"
"T0456","air_mineral"
"T0456","beras"
"T0456","gula"
"T0457","air_mineral"
"T0457","mi_instan"
"T0457","selai"
"T0458","air_mineral"
"T0458","popok"
"T0458","roti"
"T0458","selai"
"T0458","susu"
"T0459","air_mineral"
"T0459","beras"
"T0459","telur"
"T0460","cokelat"
"T0460","keju"
"T0460","mi_instan"
"T0460","minyak_goreng"
"T0460","roti"
"T0461","air_mineral"
"T0461","gula"
"T0461","kopi"
"T0461","minyak_goreng"
"T0461","roti"
"T0462","minyak_goreng"
"T0462","roti"
"T0462","sampo"
"T0462","selai"
"T0463","air_mineral"
"T0463","biskuit"
"T0463","buah"
"T0463","selai"
"T0464","keju"
"T0464","mi_instan"
"T0464","minyak_goreng"
"T0464","roti"
"T0464","sabun"
"T0464","susu"
"T0465","air_mineral"
"T0465","beras"
"T0465","keju"
"T0465","mi_instan"
"T0465","roti"
"T0465","sabun"
"T0465","susu"
"T0465","telur"
"T0466","gula"
"T0466","sabun"
"T0467","air_mineral"
"T0467","beras"
"T0467","mentega"
"T0467","minyak_goreng"
"T0467","susu"
"T0467","teh"
"T0468","beras"
"T0468","mentega"
"T0468","sabun"
"T0468","teh"
"T0469","beras"
"T0469","buah"
"T0469","gula"
"T0469","mentega"
"T0469","popok"
"T0469","roti"
"T0469","selai"
"T0469","susu"
"T0469","teh"
"T0470","air_mineral"
"T0470","telur"
"T0471","air_mineral"
"T0471","beras"
"T0472","beras"
"T0472","biskuit"
"T0472","gula"
"T0472","kopi"
"T0472","mentega"
"T0473","kopi"
"T0473","mentega"
"T0473","mi_instan"
"T0473","sampo"
"T0474","beras"
"T0474","biskuit"
"T0474","buah"
"T0474","minyak_goreng"
"T0474","sabun"
"T0475","air_mineral"
"T0475","gula"
"T0475","roti"
"T0475","selai"
"T0475","teh"
"T0476","air_mineral"
"T0476","buah"
"T0476","gula"
"T0476","mentega"
"T0476","teh"
"T0477","beras"
"T0477","biskuit"
"T0477","deterjen"
"T0477","mi_instan"
"T0477","sabun"
"T0477","susu"
"T0478","deterjen"
"T0478","susu"
"T0479","air_mineral"
"T0479","beras"
"T0479","deterjen"
"T0479","susu"
"T0479","telur"
"T0480","air_mineral"
"T0480","beras"
"T0480","gula"
"T0480","minyak_goreng"
"T0480","teh"
"T0481","biskuit"
"T0481","gula"
"T0481","kopi"
"T0481","popok"
"T0481","susu"
"T0481","teh"
"T0482","beras"
"T0482","deterjen"
"T0482","gula"
"T0482","kopi"
"T0482","minyak_goreng"
"T0482","susu"
"T0483","deterjen"
"T0483","sabun"
"T0484","cokelat"
"T0484","kopi"
"T0484","roti"
"T0485","air_mineral"
"T0485","beras"
"T0485","keju"
"T0485","kopi"
"T0485","roti"
"T0485","telur"
"T0486","air_mineral"
"T0486","biskuit"
"T0486","gula"
"T0486","mi_instan"
"T0486","sabun"
"T0486","selai"
"T0487","gula"
"T0487","kopi"
"T0487","mi_instan"
"T0487","teh"
"T0488","air_mineral"
"T0488","gula"
"T0488","mentega"
"T0488","mi_instan"
"T0488","roti"
"T0488","selai"
"T0488","susu"
"T0489","mi_instan"
"T0489","telur"
"T0490","air_mineral"
"T0490","beras"
"T0490","kopi"
"T0490","minyak_goreng"
"T0490","susu"
"T0491","air_mineral"
"T0491","susu"
"T0491","telur"
"T0492","air_mineral"
"T0492","cokelat"
"T0492","gula"
"T0492","keju"
"T0492","roti"
"T0492","sabun"
"T0492","selai"
"T0492","susu"
"T0492","teh"
"T0493","deterjen"
"T0493","mi_instan"
"T0493","roti"
"T0494","air_mineral"
"T0494","gula"
"T0494","kopi"
"T0495","air_mineral"
"T0495","biskuit"
"T0495","gula"
"T0495","sabun"
"T0495","selai"
"T0496","beras"
"T0496","deterjen"
"T0496","sabun"
"T0496","sampo"
"T0497","mentega"
"T0498","air_mineral"
"T0498","beras"
"T0498","kopi"
"T0498","sampo"
"T0498","selai"
"T0499","air_mineral"
"T0499","biskuit"
"T0499","roti"
"T0500","air_mineral"
"T0500","beras"
"T0500","deterjen"
"T0500","mentega"
"T0500","susu"
"T0500","telur"
"T0501","air_mineral"
"T0501","deterjen"
"T0501","gula"
"T0501","kopi"
"T0501","mi_instan"
"T0501","roti"
"T0501","selai"
"T0501","susu"
"T0501","teh"
"T0502","air_mineral"
"T0502","deterjen"
"T0502","minyak_goreng"
"T0502","telur"
"T0503","gula"
"T0503","kopi"
"T0503","mi_instan"
"T0504","air_mineral"
"T0504","biskuit"
"T0504","buah"
"T0504","minyak_goreng"
"T0504","sampo"
"T0504","teh"
"T0505","air_mineral"
"T0505","buah"
"T0505","teh"
"T0506","beras"
"T0506","biskuit"
"T0506","deterjen"
"T0506","gula"
"T0506","kopi"
"T0506","mi_instan"
"T0506","minyak_goreng"
"T0506","sampo"
"T0506","teh"
"T0507","air_mineral"
"T0507","mi_instan"
"T0507","minyak_goreng"
"T0507","roti"
"T0507","susu"
"T0508","gula"
"T0508","roti"
"T0508","selai"
"T0509","deterjen"
"T0509","kopi"
"T0509","susu"
"T0510","air_mineral"
"T0510","beras"
"T0510","gula"
"T0510","mi_instan"
"T0510","minyak_goreng"
"T0510","susu"
"T0511","minyak_goreng"
"T0511","teh"
"T0512","roti"
"T0512","selai"
"T0512","teh"
"T0513","air_mineral"
"T0513","gula"
"T0513","roti"
"T0513","sabun"
"T0513","teh"
"T0514","mentega"
"T0514","sabun"
"T0514","telur"
"T0515","air_mineral"
"T0515","biskuit"
"T0515","teh"
"T0516","buah"
"T0516","minyak_goreng"
"T0516","roti"
"T0516","selai"
"T0516","susu"
"T0517","air_mineral"
"T0517","gula"
"T0517","kopi"
"T0517","mi_instan"
"T0517","minyak_goreng"
"T0517","sampo"
"T0517","selai"
"T0517","susu"
"T0518","air_mineral"
"T0518","biskuit"
"T0518","buah"
"T0518","mi_instan"
"T0518","roti"
"T0519","biskuit"
"T0519","mentega"
"T0519","sabun"
"T0519","selai"
"T0520","air_mineral"
"T0520","biskuit"
"T0520","deterjen"
"T0520","mi_instan"
"T0520","minyak_goreng"
"T0520","telur"
"T0521","beras"
"T0521","mi_instan"
"T0522","air_mineral"
"T0522","buah"
"T0522","keju"
"T0522","telur"
"T0523","buah"
"T0523","gula"
"T0523","popok"
"T0523","sabun"
"T0523","selai"
"T0523","susu"
"T0524","mi_instan"
"T0524","telur"
"T0525","air_mineral"
"T0525","buah"
"T0525","cokelat"
"T0525","minyak_goreng"
"T0526","cokelat"
"T0526","gula"
"T0526","kopi"
"T0526","roti"
"T0527","beras"
"T0527","buah"
"T0527","mentega"
"T0528","air_mineral"
"T0528","beras"
"T0528","deterjen"
"T0528","gula"
"T0528","mi_instan"
"T0529","air_mineral"
"T0529","gula"
"T0529","sampo"
"T0529","teh"
"T0530","air_mineral"
"T0530","kopi"
"T0530","mi_instan"
"T0530","minyak_goreng"
"T0531","beras"
"T0531","mentega"
"T0531","roti"
"T0531","selai"
"T0531","susu"
"T0532","air_mineral"
"T0532","buah"
"T0532","mentega"
"T0532","mi_instan"
"T0532","roti"
"T0532","susu"
"T0532","telur"
"T0533","air_mineral"
"T0533","sampo"
"T0533","susu"
"T0533","telur"
"T0534","keju"
"T0534","roti"
"T0534","sampo"
"T0534","selai"
"T0535","air_mineral"
"T0535","biskuit"
"T0535","deterjen"
"T0535","gula"
"T0535","telur"
"T0536","air_mineral"
"T0536","buah"
"T0536","mentega"
"T0536","mi_instan"
"T0536","roti"
"T0536","selai"
"T0536","susu"
"T0537","buah"
"T0537","gula"
"T0537","kopi"
"T0537","sampo"
"T0537","susu"
"T0537","teh"
"T0538","air_mineral"
"T0538","biskuit"
"T0538","keju"
"T0538","minyak_goreng"
"T0538","roti"
"T0538","selai"
"T0538","susu"
"T0539","air_mineral"
"T0539","buah"
"T0539","cokelat"
"T0539","selai"
"T0540","air_mineral"
"T0540","cokelat"
"T0540","gula"
"T0540","kopi"
"T0540","mi_instan"
"T0540","susu"
"T0540","telur"
"T0541","buah"
"T0541","cokelat"
"T0541","deterjen"
"T0541","gula"
"T0541","mi_instan"
"T0541","minyak_goreng"
"T0541","roti"
"T0541","telur"
"T0542","air_mineral"
"T0542","beras"
"T0542","buah"
"T0542","cokelat"
"T0542","gula"
"T0542","popok"
"T0542","susu"
"T0542","teh"
"T0543","air_mineral"
"T0543","roti"
"T0543","sampo"
"T0543","telur"
"T0544","beras"
"T0544","mentega"
"T0544","sampo"
"T0544","susu"
"T0545","biskuit"
"T0545","gula"
"T0545","keju"
"T0545","minyak_goreng"
"T0545","sampo"
"T0545","teh"
"T0546","deterjen"
"T0546","keju"
"T0546","roti"
"T0546","selai"
"T0546","teh"
"T0546","telur"
"T0547","air_mineral"
"T0547","mi_instan"
"T0547","minyak_goreng"
"T0547","telur"
"T0548","cokelat"
"T0548","kopi"
"T0549","mi_instan"
"T0549","selai"
"T0549","teh"
"T0550","beras"
"T0550","buah"
"T0550","keju"
"T0550","roti"
"T0551","air_mineral"
"T0551","beras"
"T0551","roti"
"T0551","sabun"
"T0551","selai"
"T0551","susu"
"T0552","air_mineral"
"T0552","beras"
"T0552","biskuit"
"T0552","mi_instan"
"T0553","air_mineral"
"T0553","cokelat"
"T0553","gula"
"T0553","sabun"
"T0554","air_mineral"
"T0554","biskuit"
"T0554","buah"
"T0554","minyak_goreng"
"T0554","sampo"
"T0554","telur"
"T0555","cokelat"
"T0555","sampo"
"T0556","air_mineral"
"T0556","buah"
"T0556","minyak_goreng"
"T0557","air_mineral"
"T0557","deterjen"
"T0557","susu"
"T0558","air_mineral"
"T0558","beras"
"T0558","buah"
"T0558","deterjen"
"T0558","minyak_goreng"
"T0558","sabun"
"T0559","air_mineral"
"T0559","beras"
"T0559","gula"
"T0559","kopi"
"T0559","susu"
"T0559","teh"
"T0560","air_mineral"
"T0560","deterjen"
"T0560","minyak_goreng"
"T0561","buah"
"T0561","mentega"
"T0561","telur"
"T0562","beras"
"T0562","cokelat"
"T0562","minyak_goreng"
"T0562","susu"
"T0563","beras"
"T0563","biskuit"
"T0563","cokelat"
"T0563","roti"
"T0564","air_mineral"
"T0564","biskuit"
"T0564","buah"
"T0564","cokelat"
"T0564","gula"
"T0564","keju"
"T0564","mentega"
"T0564","minyak_goreng"
"T0564","roti"
"T0564","telur"
"T0565","mi_instan"
"T0566","air_mineral"
"T0566","beras"
"T0566","deterjen"
"T0566","telur"
"T0567","air_mineral"
"T0567","minyak_goreng"
"T0567","teh"
"T0568","biskuit"
"T0568","gula"
"T0568","mi_instan"
"T0568","sabun"
"T0568","teh"
"T0568","telur"
"T0569","air_mineral"
"T0569","biskuit"
"T0569","mi_instan"
"T0569","telur"
"T0570","air_mineral"
"T0570","biskuit"
"T0570","roti"
"T0570","sampo"
"T0571","beras"
"T0571","cokelat"
"T0571","mi_instan"
"T0571","sabun"
"T0571","telur"
"T0572","beras"
"T0572","gula"
"T0572","kopi"
"T0572","minyak_goreng"
"T0572","sabun"
"T0572","sampo"
"T0573","biskuit"
"T0573","roti"
"T0573","sabun"
"T0573","selai"
"T0574","air_mineral"
"T0574","beras"
"T0574","mi_instan"
"T0574","roti"
"T0574","susu"
"T0575","biskuit"
"T0575","sampo"
"T0576","air_mineral"
"T0576","beras"
"T0576","biskuit"
"T0576","deterjen"
"T0576","kopi"
"T0576","minyak_goreng"
"T0576","sabun"
"T0577","air_mineral"
"T0577","beras"
"T0577","cokelat"
"T0577","mentega"
"T0577","susu"
"T0577","teh"
"T0578","beras"
"T0578","biskuit"
"T0579","beras"
"T0579","gula"
"T0579","kopi"
"T0579","telur"
"T0580","biskuit"
"T0580","buah"
"T0580","mentega"
"T0580","mi_instan"
"T0580","minyak_goreng"
"T0580","selai"
"T0580","susu"
"T0581","gula"
"T0582","air_mineral"
"T0582","beras"
"T0582","roti"
"T0582","telur"
"T0583","biskuit"
"T0583","keju"
"T0583","roti"
"T0583","teh"
"T0584","air_mineral"
"T0584","beras"
"T0584","biskuit"
"T0584","deterjen"
"T0584","gula"
"T0584","roti"
"T0585","air_mineral"
"T0585","biskuit"
"T0585","roti"
"T0586","beras"
"T0586","biskuit"
"T0586","gula"
"T0586","mi_instan"
"T0586","teh"
"T0587","air_mineral"
"T0587","minyak_goreng"
"T0587","roti"
"T0587","sampo"
"T0587","selai"
"T0588","air_mineral"
"T0588","beras"
"T0588","deterjen"
"T0588","sabun"
"T0588","susu"
"T0589","air_mineral"
"T0589","beras"
"T0589","cokelat"
"T0589","deterjen"
"T0589","mi_instan"
"T0589","roti"
"T0589","sabun"
"T0589","selai"
"T0589","susu"
"T0590","air_mineral"
"T0590","beras"
"T0590","roti"
"T0590","sabun"
"T0590","selai"
"T0590","telur"
"T0591","air_mineral"
"T0591","beras"
"T0591","buah"
"T0591","roti"
"T0591","sabun"
"T0591","telur"
"T0592","air_mineral"
"T0592","mi_instan"
"T0592","sabun"
"T0593","air_mineral"
"T0593","cokelat"
"T0593","mi_instan"
"T0593","sabun"
"T0593","telur"
"T0594","air_mineral"
"T0594","beras"
"T0594","biskuit"
"T0594","gula"
"T0594","kopi"
"T0594","mi_instan"
"T0594","susu"
"T0595","air_mineral"
"T0595","mi_instan"
"T0595","roti"
"T0595","telur"
"T0596","air_mineral"
"T0596","cokelat"
"T0596","deterjen"
"T0596","sabun"
"T0597","beras"
"T0597","kopi"
"T0598","air_mineral"
"T0598","kopi"
"T0598","minyak_goreng"
"T0598","sabun"
"T0598","selai"
"T0598","teh"
"T0598","telur"
"T0599","beras"
"T0599","gula"
"T0599","sabun"
"T0600","biskuit"
"T0600","keju"
"T0600","roti"
"T0600","sabun"
"T0600","telur"
"T0601","air_mineral"
"T0601","buah"
"T0601","deterjen"
"T0601","gula"
"T0601","mi_instan"
"T0601","minyak_goreng"
"T0601","susu"
"T0601","telur"
"T0602","air_mineral"
"T0602","mi_instan"
"T0602","roti"
"T0602","selai"
"T0602","telur"
"T0603","deterjen"
"T0603","mentega"
"T0603","mi_instan"
"T0603","minyak_goreng"
"T0603","roti"
"T0603","susu"
"T0604","air_mineral"
"T0604","buah"
"T0604","gula"
"T0604","kopi"
"T0604","susu"
"T0605","air_mineral"
"T0605","gula"
"T0605","kopi"
"T0606","air_mineral"
"T0606","gula"
"T0606","kopi"
"T0607","deterjen"
"T0608","air_mineral"
"T0608","selai"
"T0608","susu"
"T0609","air_mineral"
"T0609","mi_instan"
"T0609","minyak_goreng"
"T0609","roti"
"T0609","sabun"
"T0609","selai"
"T0609","susu"
"T0610","sampo"
"T0610","selai"
"T0611","cokelat"
"T0611","mi_instan"
"T0611","roti"
"T0611","sampo"
"T0611","susu"
"T0611","telur"
"T0612","deterjen"
"T0612","teh"
"T0613","susu"
"T0614","gula"
"T0614","kopi"
"T0614","mentega"
"T0614","susu"
"T0614","teh"
"T0615","air_mineral"
"T0615","buah"
"T0615","gula"
"T0616","air_mineral"
"T0616","beras"
"T0616","gula"
"T0616","kopi"
"T0616","roti"
"T0617","air_mineral"
"T0617","mi_instan"
"T0617","susu"
"T0617","teh"
"T0618","mi_instan"
"T0618","selai"
"T0618","susu"
"T0618","teh"
"T0619","air_mineral"
"T0619","gula"
"T0619","kopi"
"T0620","air_mineral"
"T0620","buah"
"T0620","mentega"
"T0620","minyak_goreng"
"T0620","popok"
"T0620","sabun"
"T0620","susu"
"T0620","teh"
"T0621","deterjen"
"T0621","minyak_goreng"
"T0621","telur"
"T0622","beras"
"T0622","roti"
"T0622","susu"
"T0623","beras"
"T0623","roti"
"T0623","selai"
"T0624","beras"
"T0624","gula"
"T0624","sampo"
"T0624","teh"
"T0624","telur"
"T0625","deterjen"
"T0625","gula"
"T0625","kopi"
"T0625","sabun"
"T0625","susu"
"T0626","air_mineral"
"T0626","beras"
"T0626","buah"
"T0626","keju"
"T0626","roti"
"T0626","sampo"
"T0626","susu"
"T0627","air_mineral"
"T0627","gula"
"T0627","kopi"
"T0627","popok"
"T0627","susu"
"T0627","teh"
"T0628","minyak_goreng"
"T0628","roti"
"T0628","susu"
"T0628","telur"
"T0629","air_mineral"
"T0629","minyak_goreng"
"T0629","susu"
"T0630","air_mineral"
"T0630","beras"
"T0630","buah"
"T0630","mi_instan"
"T0630","sabun"
"T0630","teh"
"T0630","telur"
"T0631","air_mineral"
"T0631","buah"
"T0631","minyak_goreng"
"T0631","sampo"
"T0631","teh"
"T0632","air_mineral"
"T0632","beras"
"T0632","minyak_goreng"
"T0632","popok"
"T0632","susu"
"T0632","telur"
"T0633","air_mineral"
"T0633","sabun"
"T0633","telur"
"T0634","air_mineral"
"T0634","beras"
"T0634","cokelat"
"T0634","minyak_goreng"
"T0634","telur"
"T0635","biskuit"
"T0635","buah"
"T0635","mi_instan"
"T0636","mentega"
"T0636","mi_instan"
"T0636","roti"
"T0636","sampo"
"T0636","susu"
"T0636","telur"
"T0637","air_mineral"
"T0637","gula"
"T0637","mi_instan"
"T0637","popok"
"T0637","roti"
"T0637","sabun"
"T0637","susu"
"T0637","telur"
"T0638","air_mineral"
"T0638","beras"
"T0638","buah"
"T0638","sabun"
"T0638","teh"
"T0638","telur"
"T0639","air_mineral"
"T0639","gula"
"T0639","keju"
"T0639","kopi"
"T0639","minyak_goreng"
"T0639","roti"
"T0639","telur"
"T0640","air_mineral"
"T0640","buah"
"T0640","roti"
"T0640","telur"
"T0641","teh"
"T0642","air_mineral"
"T0642","beras"
"T0642","sampo"
"T0642","teh"
"T0642","telur"
"T0643","air_mineral"
"T0643","beras"
"T0643","roti"
"T0643","susu"
"T0643","teh"
"T0643","telur"
"T0644","air_mineral"
"T0644","gula"
"T0644","selai"
"T0645","air_mineral"
"T0645","beras"
"T0645","deterjen"
"T0645","kopi"
"T0645","roti"
"T0645","sampo"
"T0645","selai"
"T0645","susu"
"T0646","air_mineral"
"T0646","beras"
"T0646","cokelat"
"T0647","air_mineral"
"T0647","sampo"
"T0648","beras"
"T0648","sabun"
"T0649","air_mineral"
"T0649","beras"
"T0649","gula"
"T0649","mentega"
"T0649","roti"
"T0649","susu"
"T0649","teh"
"T0650","air_mineral"
"T0650","biskuit"
"T0650","teh"
"T0651","air_mineral"
"T0651","deterjen"
"T0651","mi_instan"
"T0651","teh"
"T0651","telur"
"T0652","air_mineral"
"T0652","biskuit"
"T0652","gula"
"T0652","kopi"
"T0652","mentega"
"T0652","minyak_goreng"
"T0652","sampo"
"T0653","air_mineral"
"T0653","gula"
"T0653","kopi"
"T0654","mentega"
"T0654","sabun"
"T0654","susu"
"T0655","air_mineral"
"T0655","mi_instan"
"T0656","air_mineral"
"T0656","deterjen"
"T0657","air_mineral"
"T0657","beras"
"T0657","biskuit"
"T0657","telur"
"T0658","air_mineral"
"T0658","biskuit"
"T0658","cokelat"
"T0658","deterjen"
"T0658","gula"
"T0658","kopi"
"T0658","minyak_goreng"
"T0658","teh"
"T0658","telur"
"T0659","air_mineral"
"T0659","cokelat"
"T0659","popok"
"T0659","susu"
"T0660","air_mineral"
"T0660","beras"
"T0660","cokelat"
"T0660","gula"
"T0660","kopi"
"T0660","mi_instan"
"T0660","sabun"
"T0660","teh"
"T0661","keju"
"T0661","roti"
"T0661","susu"
"T0661","teh"
"T0662","air_mineral"
"T0662","mi_instan"
"T0663","gula"
"T0663","telur"
"T0664","beras"
"T0664","biskuit"
"T0664","mi_instan"
"T0664","minyak_goreng"
"T0664","popok"
"T0664","roti"
"T0664","susu"
"T0665","buah"
"T0665","mentega"
"T0665","roti"
"T0665","sampo"
"T0665","susu"
"T0666","air_mineral"
"T0666","deterjen"
"T0666","telur"
"T0667","air_mineral"
"T0667","beras"
"T0667","gula"
"T0667","kopi"
"T0667","minyak_goreng"
"T0667","susu"
"T0668","susu"
"T0669","buah"
"T0670","gula"
"T0670","kopi"
"T0670","mi_instan"
"T0670","roti"
"T0670","telur"
"T0671","air_mineral"
"T0671","biskuit"
"T0671","mi_instan"
"T0671","susu"
"T0671","telur"
"T0672","air_mineral"
"T0672","beras"
"T0672","gula"
"T0672","susu"
"T0672","teh"
"T0672","telur"
"T0673","air_mineral"
"T0673","minyak_goreng"
"T0673","teh"
"T0673","telur"
"T0674","air_mineral"
"T0674","gula"
"T0674","mi_instan"
"T0674","minyak_goreng"
"T0674","sabun"
"T0674","teh"
"T0675","air_mineral"
"T0675","cokelat"
"T0675","gula"
"T0675","kopi"
"T0676","air_mineral"
"T0676","beras"
"T0676","minyak_goreng"
"T0676","roti"
"T0676","teh"
"T0677","air_mineral"
"T0677","mi_instan"
"T0677","minyak_goreng"
"T0677","roti"
"T0677","sabun"
"T0677","selai"
"T0677","teh"
"T0678","air_mineral"
"T0678","beras"
"T0678","biskuit"
"T0678","keju"
"T0678","mi_instan"
"T0678","minyak_goreng"
"T0679","air_mineral"
"T0679","beras"
"T0679","kopi"
"T0679","mi_instan"
"T0679","minyak_goreng"
"T0679","telur"
"T0680","air_mineral"
"T0680","mi_instan"
"T0680","teh"
"T0681","air_mineral"
"T0681","gula"
"T0681","kopi"
"T0682","air_mineral"
"T0682","buah"
"T0682","mi_instan"
"T0682","minyak_goreng"
"T0682","roti"
"T0682","selai"
"T0683","beras"
"T0683","gula"
"T0683","kopi"
"T0684","gula"
"T0684","kopi"
"T0684","mi_instan"
"T0684","teh"
"T0684","telur"
"T0685","air_mineral"
"T0685","cokelat"
"T0685","deterjen"
"T0685","gula"
"T0685","mi_instan"
"T0686","gula"
"T0687","beras"
"T0688","buah"
"T0688","deterjen"
"T0688","kopi"
"T0688","sabun"
"T0688","sampo"
"T0688","telur"
"T0689","air_mineral"
"T0689","beras"
"T0689","gula"
"T0689","minyak_goreng"
"T0689","roti"
"T0689","sabun"
"T0689","teh"
"T0689","telur"
"T0690","air_mineral"
"T0690","mi_instan"
"T0690","roti"
"T0690","telur"
"T0691","cokelat"
"T0691","deterjen"
"T0691","minyak_goreng"
"T0691","sabun"
"T0691","sampo"
"T0692","cokelat"
"T0692","mentega"
"T0693","sampo"
"T0693","teh"
"T0693","telur"
"T0694","roti"
"T0694","selai"
"T0694","telur"
"T0695","beras"
"T0695","deterjen"
"T0695","gula"
"T0695","minyak_goreng"
"T0696","gula"
"T0696","roti"
"T0696","selai"
"T0696","susu"
"T0697","air_mineral"
"T0697","buah"
"T0697","gula"
"T0697","kopi"
"T0697","minyak_goreng"
"T0698","beras"
"T0698","gula"
"T0698","kopi"
"T0698","susu"
"T0698","teh"
"T0698","telur"
"T0699","gula"
"T0699","keju"
"T0699","kopi"
"T0699","teh"
"T0700","air_mineral"
"T0700","biskuit"
"T0700","deterjen"
"T0700","mi_instan"
"T0700","sabun"
"T0700","sampo"
"T0701","air_mineral"
"T0701","beras"
"T0701","gula"
"T0701","kopi"
"T0701","roti"
"T0701","sabun"
"T0701","sampo"
"T0701","selai"
"T0702","gula"
"T0702","popok"
"T0702","susu"
"T0702","telur"
"T0703","air_mineral"
"T0703","keju"
"T0703","minyak_goreng"
"T0703","popok"
"T0703","roti"
"T0703","sabun"
"T0703","telur"
"T0704","air_mineral"
"T0704","cokelat"
"T0704","gula"
"T0704","sabun"
"T0705","air_mineral"
"T0705","sampo"
"T0705","telur"
"T0706","beras"
"T0706","biskuit"
"T0706","gula"
"T0706","kopi"
"T0706","minyak_goreng"
"T0706","sabun"
"T0707","air_mineral"
"T0707","biskuit"
"T0707","buah"
"T0707","cokelat"
"T0707","gula"
"T0707","kopi"
"T0707","mi_instan"
"T0707","susu"
"T0708","air_mineral"
"T0708","beras"
"T0708","gula"
"T0708","mi_instan"
"T0709","air_mineral"
"T0709","cokelat"
"T0709","gula"
"T0709","keju"
"T0709","roti"
"T0709","sampo"
"T0709","teh"
"T0710","air_mineral"
"T0710","beras"
"T0710","cokelat"
"T0711","air_mineral"
"T0711","mentega"
"T0712","biskuit"
"T0712","minyak_goreng"
"T0712","sampo"
"T0713","deterjen"
"T0713","kopi"
"T0713","mi_instan"
"T0713","minyak_goreng"
"T0714","air_mineral"
"T0714","kopi"
"T0714","minyak_goreng"
"T0714","teh"
"T0715","beras"
"T0715","buah"
"T0715","gula"
"T0715","kopi"
"T0715","mi_instan"
"T0715","popok"
"T0715","roti"
"T0715","selai"
"T0715","susu"
"T0716","air_mineral"
"T0716","susu"
"T0717","biskuit"
"T0717","buah"
"T0717","gula"
"T0717","susu"
"T0718","roti"
"T0719","air_mineral"
"T0719","biskuit"
"T0719","cokelat"
"T0719","minyak_goreng"
"T0719","susu"
"T0719","teh"
"T0719","telur"
"T0720","air_mineral"
"T0720","cokelat"
"T0720","sampo"
"T0720","susu"
"T0720","teh"
"T0720","telur"
"T0721","air_mineral"
"T0721","kopi"
"T0721","mi_instan"
"T0722","air_mineral"
"T0722","roti"
"T0722","susu"
"T0722","telur"
"T0723","buah"
"T0723","sabun"
"T0723","teh"
"T0723","telur"
"T0724","minyak_goreng"
"T0724","teh"
"T0725","biskuit"
"T0725","popok"
"T0725","telur"
"T0726","beras"
"T0726","roti"
"T0726","selai"
"T0726","susu"
"T0726","telur"
"T0727","minyak_goreng"
"T0728","air_mineral"
"T0728","minyak_goreng"
"T0728","telur"
"T0729","biskuit"
"T0729","mentega"
"T0729","sabun"
"T0730","mentega"
"T0731","air_mineral"
"T0731","cokelat"
"T0731","deterjen"
"T0731","mentega"
"T0731","mi_instan"
"T0731","minyak_goreng"
"T0731","roti"
"T0732","air_mineral"
"T0733","air_mineral"
"T0733","mentega"
"T0733","selai"
"T0734","air_mineral"
"T0734","mentega"
"T0734","minyak_goreng"
"T0734","popok"
"T0735","kopi"
"T0735","mentega"
"T0735","susu"
"T0736","biskuit"
"T0736","popok"
"T0736","susu"
"T0736","telur"
"T0737","air_mineral"
"T0737","beras"
"T0737","keju"
"T0737","roti"
"T0738","air_mineral"
"T0738","mi_instan"
"T0738","minyak_goreng"
"T0738","susu"
"T0739","air_mineral"
"T0739","biskuit"
"T0739","buah"
"T0739","deterjen"
"T0739","kopi"
"T0739","mi_instan"
"T0739","telur"
"T0740","air_mineral"
"T0740","beras"
"T0740","mi_instan"
"T0740","sabun"
"T0741","air_mineral"
"T0741","beras"
"T0741","deterjen"
"T0741","susu"
"T0742","air_mineral"
"T0742","biskuit"
"T0742","buah"
"T0742","mi_instan"
"T0742","teh"
"T0743","air_mineral"
"T0743","gula"
"T0743","keju"
"T0743","roti"
"T0743","teh"
"T0744","air_mineral"
"T0744","biskuit"
"T0744","gula"
"T0744","kopi"
"T0744","selai"
"T0744","teh"
"T0744","telur"
"T0745","air_mineral"
"T0745","beras"
"T0745","minyak_goreng"
"T0745","popok"
"T0745","susu"
"T0746","roti"
"T0746","sampo"
"T0747","air_mineral"
"T0748","air_mineral"
"T0748","buah"
"T0748","deterjen"
"T0748","susu"
"T0748","teh"
"T0749","air_mineral"
"T0749","beras"
"T0749","cokelat"
"T0749","gula"
"T0749","kopi"
"T0749","sabun"
"T0750","air_mineral"
"T0750","beras"
"T0750","deterjen"
"T0750","kopi"
"T0750","mentega"
"T0751","beras"
"T0751","roti"
"T0751","sabun"
"T0751","selai"
"T0751","telur"
"T0752","air_mineral"
"T0752","beras"
"T0752","sampo"
"T0753","biskuit"
"T0753","gula"
"T0753","kopi"
"T0753","minyak_goreng"
"T0753","roti"
"T0753","sabun"
"T0753","teh"
"T0754","air_mineral"
"T0754","mentega"
"T0754","susu"
"T0755","air_mineral"
"T0755","buah"
"T0755","deterjen"
"T0755","roti"
"T0755","sabun"
"T0756","air_mineral"
"T0756","buah"
"T0756","kopi"
"T0756","susu"
"T0757","air_mineral"
"T0757","minyak_goreng"
"T0757","telur"
"T0758","air_mineral"
"T0758","beras"
"T0758","gula"
"T0758","kopi"
"T0759","teh"
"T0760","buah"
"T0760","roti"
"T0760","sabun"
"T0760","selai"
"T0760","susu"
"T0760","telur"
"T0761","air_mineral"
"T0761","beras"
"T0761","biskuit"
"T0761","gula"
"T0761","mentega"
"T0761","selai"
"T0761","teh"
"T0762","air_mineral"
"T0762","gula"
"T0762","kopi"
"T0762","roti"
"T0762","selai"
"T0762","teh"
"T0763","air_mineral"
"T0763","buah"
"T0763","mi_instan"
"T0763","minyak_goreng"
"T0763","selai"
"T0764","air_mineral"
"T0764","deterjen"
"T0764","minyak_goreng"
"T0764","susu"
"T0764","telur"
"T0765","biskuit"
"T0765","cokelat"
"T0765","gula"
"T0765","kopi"
"T0765","mi_instan"
"T0765","roti"
"T0766","air_mineral"
"T0766","buah"
"T0766","gula"
"T0766","mi_instan"
"T0767","air_mineral"
"T0767","mi_instan"
"T0767","sabun"
"T0767","susu"
"T0767","telur"
"T0768","gula"
"T0768","kopi"
"T0768","minyak_goreng"
"T0768","sampo"
"T0768","teh"
"T0769","air_mineral"
"T0769","buah"
"T0769","gula"
"T0769","mentega"
"T0769","roti"
"T0769","sampo"
"T0769","selai"
"T0769","susu"
"T0769","telur"
"T0770","air_mineral"
"T0770","selai"
"T0770","teh"
"T0770","telur"
"T0771","roti"
"T0771","selai"
"T0771","teh"
"T0772","air_mineral"
"T0772","buah"
"T0772","keju"
"T0772","roti"
"T0772","telur"
"T0773","mi_instan"
"T0773","susu"
"T0774","air_mineral"
"T0774","cokelat"
"T0774","kopi"
"T0774","minyak_goreng"
"T0774","susu"
"T0774","teh"
"T0774","telur"
"T0775","air_mineral"
"T0775","mi_instan"
"T0776","air_mineral"
"T0776","buah"
"T0776","gula"
"T0776","kopi"
"T0776","minyak_goreng"
"T0776","roti"
"T0776","teh"
"T0777","mi_instan"
"T0777","roti"
"T0777","selai"
"T0777","telur"
"T0778","biskuit"
"T0778","roti"
"T0779","air_mineral"
"T0779","biskuit"
"T0779","buah"
"T0779","cokelat"
"T0779","deterjen"
"T0779","mi_instan"
"T0779","telur"
"T0780","air_mineral"
"T0780","beras"
"T0780","biskuit"
"T0780","buah"
"T0780","sampo"
"T0780","telur"
"T0781","air_mineral"
"T0781","beras"
"T0781","deterjen"
"T0781","mentega"
"T0781","minyak_goreng"
"T0782","air_mineral"
"T0782","deterjen"
"T0782","keju"
"T0782","roti"
"T0783","buah"
"T0783","selai"
"T0783","telur"
"T0784","air_mineral"
"T0784","minyak_goreng"
"T0784","roti"
"T0784","selai"
"T0784","susu"
"T0784","telur"
"T0785","deterjen"
"T0785","mi_instan"
"T0786","air_mineral"
"T0786","deterjen"
"T0786","popok"
"T0786","roti"
"T0786","susu"
"T0786","teh"
"T0787","gula"
"T0787","roti"
"T0787","teh"
"T0788","air_mineral"
"T0788","beras"
"T0788","biskuit"
"T0788","mentega"
"T0788","susu"
"T0788","teh"
"T0789","air_mineral"
"T0789","beras"
"T0789","cokelat"
"T0789","sampo"
"T0789","telur"
"T0790","beras"
"T0790","deterjen"
"T0790","gula"
"T0790","minyak_goreng"
"T0790","sampo"
"T0791","air_mineral"
"T0791","beras"
"T0791","buah"
"T0791","deterjen"
"T0791","gula"
"T0791","telur"
"T0792","air_mineral"
"T0792","beras"
"T0792","minyak_goreng"
"T0792","popok"
"T0792","susu"
"T0793","gula"
"T0793","kopi"
"T0793","sabun"
"T0794","beras"
"T0794","biskuit"
"T0794","keju"
"T0794","mentega"
"T0794","mi_instan"
"T0794","minyak_goreng"
"T0794","roti"
"T0795","biskuit"
"T0795","buah"
"T0796","air_mineral"
"T0796","buah"
"T0796","gula"
"T0796","teh"
"T0797","air_mineral"
"T0797","beras"
"T0797","kopi"
"T0797","susu"
"T0797","telur"
"T0798","beras"
"T0798","cokelat"
"T0798","mentega"
"T0798","mi_instan"
"T0798","minyak_goreng"
"T0798","sampo"
"T0798","susu"
"T0799","air_mineral"
"T0799","mi_instan"
"T0799","minyak_goreng"
"T0799","teh"
"T0799","telur"
"T0800","air_mineral"
"T0800","beras"
"T0800","deterjen"
"T0800","roti"
"T0800","telur"
"T0801","biskuit"
"T0801","cokelat"
"T0801","teh"
"T0801","telur"
"T0802","air_mineral"
"T0802","buah"
"T0802","susu"
"T0803","air_mineral"
"T0803","beras"
"T0803","deterjen"
"T0803","mentega"
"T0803","mi_instan"
"T0803","sabun"
"T0803","sampo"
"T0804","air_mineral"
"T0804","biskuit"
"T0804","buah"
"T0804","minyak_goreng"
"T0804","sampo"
"T0805","air_mineral"
"T0805","gula"
"T0805","keju"
"T0805","kopi"
"T0805","roti"
"T0805","sabun"
"T0805","teh"
"T0806","mentega"
"T0806","minyak_goreng"
"T0806","sabun"
"T0806","susu"
"T0806","teh"
"T0806","telur"
"T0807","beras"
"T0807","buah"
"T0807","deterjen"
"T0807","gula"
"T0807","minyak_goreng"
"T0807","sabun"
"T0808","air_mineral"
"T0808","keju"
"T0808","mentega"
"T0808","roti"
"T0809","air_mineral"
"T0809","biskuit"
"T0809","mi_instan"
"T0809","roti"
"T0809","selai"
"T0810","air_mineral"
"T0810","beras"
"T0810","buah"
"T0810","deterjen"
"T0810","mi_instan"
"T0810","susu"
"T0811","keju"
"T0811","minyak_goreng"
"T0811","roti"
"T0812","beras"
"T0812","buah"
"T0812","keju"
"T0812","roti"
"T0812","susu"
"T0813","beras"
"T0813","cokelat"
"T0813","deterjen"
"T0813","kopi"
"T0814","air_mineral"
"T0814","deterjen"
"T0814","gula"
"T0814","kopi"
"T0814","minyak_goreng"
"T0814","sampo"
"T0815","air_mineral"
"T0815","sabun"
"T0816","air_mineral"
"T0816","beras"
"T0817","air_mineral"
"T0817","beras"
"T0817","buah"
"T0817","gula"
"T0817","susu"
"T0818","air_mineral"
"T0818","gula"
"T0818","susu"
"T0819","air_mineral"
"T0819","deterjen"
"T0819","roti"
"T0819","telur"
"T0820","air_mineral"
"T0820","beras"
"T0820","cokelat"
"T0820","selai"
"T0820","telur"
"T0821","gula"
"T0821","teh"
"T0822","air_mineral"
"T0822","beras"
"T0822","buah"
"T0822","gula"
"T0822","mi_instan"
"T0822","sabun"
"T0823","air_mineral"
"T0823","biskuit"
"T0823","buah"
"T0823","gula"
"T0823","minyak_goreng"
"T0824","mi_instan"
"T0824","roti"
"T0825","sabun"
"T0825","telur"
"T0826","kopi"
"T0826","minyak_goreng"
"T0826","popok"
"T0826","susu"
"T0826","telur"
"T0827","air_mineral"
"T0827","biskuit"
"T0827","gula"
"T0827","mentega"
"T0827","roti"
"T0827","susu"
"T0828","beras"
"T0828","gula"
"T0829","air_mineral"
"T0829","cokelat"
"T0829","deterjen"
"T0829","sabun"
"T0829","telur"
"T0830","air_mineral"
"T0830","keju"
"T0830","sabun"
"T0831","buah"
"T0831","gula"
"T0831","mi_instan"
"T0831","popok"
"T0831","sabun"
"T0831","susu"
"T0832","air_mineral"
"T0832","sampo"
"T0833","beras"
"T0833","roti"
"T0833","selai"
"T0833","susu"
"T0834","cokelat"
"T0834","deterjen"
"T0834","minyak_goreng"
"T0834","sabun"
"T0834","sampo"
"T0834","telur"
"T0835","air_mineral"
"T0835","biskuit"
"T0835","buah"
"T0835","mi_instan"
"T0835","teh"
"T0835","telur"
"T0836","air_mineral"
"T0836","mentega"
"T0837","air_mineral"
"T0837","buah"
"T0837","sabun"
"T0838","beras"
"T0838","keju"
"T0838","mi_instan"
"T0838","minyak_goreng"
"T0838","roti"
"T0838","telur"
"T0839","air_mineral"
"T0839","buah"
"T0839","popok"
"T0839","susu"
"T0839","teh"
"T0840","beras"
"T0840","biskuit"
"T0840","minyak_goreng"
"T0841","mi_instan"
"T0841","susu"
"T0841","teh"
"T0842","gula"
"T0842","kopi"
"T0842","mi_instan"
"T0842","telur"
"T0843","keju"
"T0843","minyak_goreng"
"T0843","roti"
"T0843","sampo"
"T0843","teh"
"T0843","telur"
"T0844","air_mineral"
"T0844","deterjen"
"T0845","air_mineral"
"T0845","gula"
"T0845","kopi"
"T0845","mi_instan"
"T0845","popok"
"T0845","sampo"
"T0845","susu"
"T0845","telur"
"T0846","air_mineral"
"T0846","biskuit"
"T0846","mi_instan"
"T0846","minyak_goreng"
"T0846","popok"
"T0846","selai"
"T0846","susu"
"T0847","air_mineral"
"T0847","gula"
"T0847","keju"
"T0847","kopi"
"T0847","mentega"
"T0847","sabun"
"T0847","susu"
"T0848","air_mineral"
"T0848","biskuit"
"T0848","gula"
"T0849","cokelat"
"T0849","deterjen"
"T0849","mi_instan"
"T0849","sampo"
"T0849","telur"
"T0850","beras"
"T0850","mi_instan"
"T0850","roti"
"T0850","selai"
"T0851","air_mineral"
"T0851","minyak_goreng"
"T0852","air_mineral"
"T0852","beras"
"T0852","buah"
"T0852","deterjen"
"T0852","kopi"
"T0852","minyak_goreng"
"T0852","telur"
"T0853","gula"
"T0853","kopi"
"T0853","roti"
"T0853","sabun"
"T0853","selai"
"T0853","teh"
"T0854","air_mineral"
"T0854","beras"
"T0854","buah"
"T0854","selai"
"T0854","susu"
"T0855","air_mineral"
"T0855","beras"
"T0855","deterjen"
"T0855","gula"
"T0855","kopi"
"T0855","mentega"
"T0855","minyak_goreng"
"T0855","teh"
"T0856","air_mineral"
"T0856","beras"
"T0856","biskuit"
"T0856","roti"
"T0857","air_mineral"
"T0857","roti"
"T0858","roti"
"T0858","selai"
"T0858","susu"
"T0858","telur"
"T0859","air_mineral"
"T0859","biskuit"
"T0859","cokelat"
"T0859","deterjen"
"T0859","sampo"
"T0860","air_mineral"
"T0860","beras"
"T0860","popok"
"T0860","selai"
"T0860","susu"
"T0861","beras"
"T0861","cokelat"
"T0861","mentega"
"T0861","mi_instan"
"T0861","sabun"
"T0861","sampo"
"T0861","telur"
"T0862","sabun"
"T0862","susu"
"T0863","air_mineral"
"T0863","deterjen"
"T0863","minyak_goreng"
"T0863","popok"
"T0863","susu"
"T0864","beras"
"T0864","buah"
"T0864","mi_instan"
"T0864","teh"
"T0865","mentega"
"T0865","minyak_goreng"
"T0865","roti"
"T0865","susu"
"T0866","buah"
"T0866","gula"
"T0866","keju"
"T0866","roti"
"T0866","telur"
"T0867","kopi"
"T0867","minyak_goreng"
"T0868","cokelat"
"T0868","mentega"
"T0868","sampo"
"T0869","air_mineral"
"T0869","gula"
"T0869","mi_instan"
"T0869","selai"
"T0869","teh"
"T0870","beras"
"T0870","gula"
"T0870","kopi"
"T0870","minyak_goreng"
"T0870","sabun"
"T0871","air_mineral"
"T0871","buah"
"T0871","gula"
"T0871","minyak_goreng"
"T0872","minyak_goreng"
"T0873","air_mineral"
"T0873","minyak_goreng"
"T0874","gula"
"T0874","minyak_goreng"
"T0874","roti"
"T0874","susu"
"T0874","telur"
"T0875","air_mineral"
"T0875","beras"
"T0875","biskuit"
"T0875","buah"
"T0875","minyak_goreng"
"T0875","popok"
"T0875","susu"
"T0876","biskuit"
"T0876","cokelat"
"T0876","sabun"
"T0876","selai"
"T0876","susu"
"T0876","teh"
"T0876","telur"
"T0877","air_mineral"
"T0877","beras"
"T0877","deterjen"
"T0877","mentega"
"T0877","minyak_goreng"
"T0877","selai"
"T0877","susu"
"T0877","teh"
"T0878","air_mineral"
"T0878","biskuit"
"T0878","cokelat"
"T0878","kopi"
"T0878","mi_instan"
"T0878","susu"
"T0878","telur"
"T0879","air_mineral"
"T0879","beras"
"T0879","cokelat"
"T0879","minyak_goreng"
"T0879","popok"
"T0879","sabun"
"T0879","susu"
"T0880","telur"
"T0881","air_mineral"
"T0881","buah"
"T0881","minyak_goreng"
"T0881","teh"
"T0882","beras"
"T0882","gula"
"T0882","kopi"
"T0882","minyak_goreng"
"T0882","roti"
"T0883","air_mineral"
"T0883","telur"
"T0884","air_mineral"
"T0884","deterjen"
"T0884","susu"
"T0885","mi_instan"
"T0885","roti"
"T0885","sabun"
"T0885","selai"
"T0885","telur"
"T0886","air_mineral"
"T0886","gula"
"T0886","mi_instan"
"T0886","roti"
"T0887","susu"
"T0888","air_mineral"
"T0888","beras"
"T0888","buah"
"T0888","cokelat"
"T0888","gula"
"T0888","roti"
"T0889","air_mineral"
"T0889","biskuit"
"T0889","susu"
"T0889","teh"
"T0890","air_mineral"
"T0890","buah"
"T0890","sampo"
"T0891","beras"
"T0891","cokelat"
"T0891","gula"
"T0891","sabun"
"T0891","susu"
"T0891","teh"
"T0892","air_mineral"
"T0892","buah"
"T0892","sabun"
"T0892","susu"
"T0893","deterjen"
"T0893","selai"
"T0893","susu"
"T0894","air_mineral"
"T0894","beras"
"T0894","selai"
"T0895","air_mineral"
"T0895","beras"
"T0895","biskuit"
"T0895","deterjen"
"T0895","mi_instan"
"T0896","air_mineral"
"T0896","buah"
"T0897","air_mineral"
"T0897","beras"
"T0897","biskuit"
"T0897","buah"
"T0897","roti"
"T0897","selai"
"T0898","air_mineral"
"T0898","beras"
"T0898","buah"
"T0898","minyak_goreng"
"T0898","roti"
"T0899","air_mineral"
"T0899","buah"
"T0899","deterjen"
"T0899","susu"
"T0900","air_mineral"
"T0900","cokelat"
"T0900","keju"
"T0901","air_mineral"
"T0901","gula"
"T0901","kopi"
"T0901","roti"
"T0901","sampo"
"T0901","teh"
"T0902","air_mineral"
"T0902","mi_instan"
"T0902","minyak_goreng"
"T0902","sampo"
"T0902","selai"
"T0903","mi_instan"
"T0904","air_mineral"
"T0904","beras"
"T0904","mi_instan"
"T0904","sabun"
"T0905","air_mineral"
"T0905","mi_instan"
"T0905","roti"
"T0905","sabun"
"T0906","beras"
"T0906","deterjen"
"T0906","mi_instan"
"T0906","minyak_goreng"
"T0906","sabun"
"T0906","telur"
"T0907","beras"
"T0907","minyak_goreng"
"T0907","roti"
"T0908","air_mineral"
"T0908","deterjen"
"T0908","minyak_goreng"
"T0908","roti"
"T0908","telur"
"T0909","beras"
"T0909","buah"
"T0909","mentega"
"T0909","mi_instan"
"T0910","air_mineral"
"T0910","gula"
"T0911","buah"
"T0911","mi_instan"
"T0911","minyak_goreng"
"T0911","teh"
"T0912","air_mineral"
"T0912","beras"
"T0912","buah"
"T0912","teh"
"T0913","cokelat"
"T0913","gula"
"T0913","kopi"
"T0913","mi_instan"
"T0913","popok"
"T0913","roti"
"T0913","susu"
"T0913","telur"
"T0914","beras"
"T0914","buah"
"T0914","gula"
"T0914","telur"
"T0915","air_mineral"
"T0915","buah"
"T0915","minyak_goreng"
"T0915","selai"
"T0916","air_mineral"
"T0917","air_mineral"
"T0917","kopi"
"T0917","mi_instan"
"T0918","air_mineral"
"T0918","minyak_goreng"
"T0918","sampo"
"T0919","buah"
"T0919","popok"
"T0919","teh"
"T0920","air_mineral"
"T0920","beras"
"T0920","biskuit"
"T0920","buah"
"T0920","sampo"
"T0921","beras"
"T0921","buah"
"T0921","minyak_goreng"
"T0921","telur"
"T0922","beras"
"T0922","gula"
"T0922","keju"
"T0922","roti"
"T0922","susu"
"T0922","teh"
"T0922","telur"
"T0923","air_mineral"
"T0923","susu"
"T0924","air_mineral"
"T0924","buah"
"T0924","deterjen"
"T0925","air_mineral"
"T0925","gula"
"T0925","mi_instan"
"T0926","air_mineral"
"T0926","beras"
"T0926","roti"
"T0927","sabun"
"T0928","air_mineral"
"T0928","roti"
"T0928","sampo"
"T0928","susu"
"T0929","air_mineral"
"T0929","biskuit"
"T0929","mi_instan"
"T0929","minyak_goreng"
"T0929","roti"
"T0929","sampo"
"T0929","telur"
"T0930","air_mineral"
"T0930","beras"
"T0930","buah"
"T0930","roti"
"T0930","sabun"
"T0930","telur"
"T0931","air_mineral"
"T0931","roti"
"T0932","gula"
"T0932","kopi"
"T0932","minyak_goreng"
"T0932","roti"
"T0932","teh"
"T0933","deterjen"
"T0933","minyak_goreng"
"T0933","telur"
"T0934","air_mineral"
"T0934","deterjen"
"T0934","gula"
"T0934","kopi"
"T0934","minyak_goreng"
"T0934","sabun"
"T0934","selai"
"T0934","teh"
"T0935","biskuit"
"T0935","mentega"
"T0935","mi_instan"
"T0935","roti"
"T0935","sabun"
"T0935","susu"
"T0936","biskuit"
"T0936","gula"
"T0936","kopi"
"T0936","teh"
"T0937","air_mineral"
"T0937","beras"
"T0937","biskuit"
"T0937","gula"
"T0937","kopi"
"T0937","roti"
"T0937","sabun"
"T0937","susu"
"T0938","deterjen"
"T0938","mi_instan"
"T0938","sabun"
"T0938","sampo"
"T0938","teh"
"T0939","telur"
"T0940","air_mineral"
"T0940","buah"
"T0940","deterjen"
"T0940","roti"
"T0940","selai"
"T0941","air_mineral"
"T0941","biskuit"
"T0941","mi_instan"
"T0941","minyak_goreng"
"T0941","sabun"
"T0942","air_mineral"
"T0942","biskuit"
"T0942","deterjen"
"T0942","gula"
"T0942","mentega"
"T0942","mi_instan"
"T0942","teh"
"T0943","air_mineral"
"T0943","beras"
"T0943","mi_instan"
"T0943","sabun"
"T0943","sampo"
"T0943","teh"
"T0944","air_mineral"
"T0944","beras"
"T0944","gula"
"T0944","kopi"
"T0944","popok"
"T0944","sampo"
"T0944","susu"
"T0944","teh"
"T0944","telur"
"T0945","air_mineral"
"T0945","biskuit"
"T0945","gula"
"T0945","kopi"
"T0945","mentega"
"T0945","sabun"
"T0946","gula"
"T0946","kopi"
"T0946","teh"
"T0947","cokelat"
"T0947","kopi"
"T0947","mi_instan"
"T0947","susu"
"T0948","air_mineral"
"T0948","biskuit"
"T0948","gula"
"T0949","air_mineral"
"T0949","beras"
"T0949","deterjen"
"T0949","minyak_goreng"
"T0949","popok"
"T0949","roti"
"T0949","susu"
"T0950","sabun"
"T0951","beras"
"T0951","gula"
"T0951","kopi"
"T0951","roti"
"T0951","selai"
"T0951","susu"
"T0951","telur"
"T0952","air_mineral"
"T0952","gula"
"T0952","mentega"
"T0952","mi_instan"
"T0952","teh"
"T0953","air_mineral"
"T0953","biskuit"
"T0953","susu"
"T0953","telur"
"T0954","air_mineral"
"T0954","beras"
"T0954","kopi"
"T0954","mi_instan"
"T0954","susu"
"T0955","air_mineral"
"T0955","biskuit"
"T0955","mentega"
"T0955","minyak_goreng"
"T0956","gula"
"T0956","kopi"
"T0956","mi_instan"
"T0957","beras"
"T0957","cokelat"
"T0957","roti"
"T0958","air_mineral"
"T0958","biskuit"
"T0958","keju"
"T0958","mentega"
"T0958","minyak_goreng"
"T0958","roti"
"T0959","beras"
"T0959","buah"
"T0959","gula"
"T0959","susu"
"T0959","teh"
"T0959","telur"
"T0960","beras"
"T0960","popok"
"T0960","roti"
"T0961","mi_instan"
"T0961","minyak_goreng"
"T0961","telur"
"T0962","mi_instan"
"T0962","roti"
"T0962","teh"
"T0962","telur"
"T0963","air_mineral"
"T0963","biskuit"
"T0963","deterjen"
"T0964","buah"
"T0965","air_mineral"
"T0965","mentega"
"T0965","sabun"
"T0965","selai"
"T0965","susu"
"T0965","teh"
"T0966","biskuit"
"T0966","cokelat"
"T0967","air_mineral"
"T0967","cokelat"
"T0967","deterjen"
"T0967","gula"
"T0967","mi_instan"
"T0968","beras"
"T0968","deterjen"
"T0968","gula"
"T0968","keju"
"T0968","roti"
"T0969","air_mineral"
"T0969","buah"
"T0970","buah"
"T0970","cokelat"
"T0970","kopi"
"T0970","sampo"
"T0970","teh"
"T0971","selai"
"T0972","air_mineral"
"T0972","buah"
"T0972","mentega"
"T0972","susu"
"T0973","gula"
"T0973","kopi"
"T0973","minyak_goreng"
"T0973","popok"
"T0973","susu"
"T0974","beras"
"T0974","minyak_goreng"
"T0974","roti"
"T0975","gula"
"T0975","susu"
"T0976","air_mineral"
"T0976","beras"
"T0976","deterjen"
"T0976","minyak_goreng"
"T0977","minyak_goreng"
"T0977","sampo"
"T0978","air_mineral"
"T0978","gula"
"T0978","kopi"
"T0979","air_mineral"
"T0979","deterjen"
"T0979","roti"
"T0980","air_mineral"
"T0980","biskuit"
"T0980","deterjen"
"T0980","roti"
"T0980","telur"
"T0981","roti"
"T0981","selai"
"T0981","susu"
"T0981","telur"
"T0982","air_mineral"
"T0982","biskuit"
"T0982","roti"
"T0982","sabun"
"T0983","minyak_goreng"
"T0983","susu"
"T0984","beras"
"T0984","gula"
"T0984","roti"
"T0984","susu"
"T0984","teh"
"T0984","telur"
"T0985","cokelat"
"T0985","mi_instan"
"T0985","minyak_goreng"
"T0985","roti"
"T0985","telur"
"T0986","air_mineral"
"T0986","beras"
"T0986","gula"
"T0986","minyak_goreng"
"T0986","susu"
"T0986","teh"
"T0987","air_mineral"
"T0987","selai"
"T0987","telur"
"T0988","air_mineral"
"T0988","gula"
"T0988","kopi"
"T0988","sabun"
"T0988","telur"
"T0989","air_mineral"
"T0989","buah"
"T0989","selai"
"T0989","telur"
"T0990","biskuit"
"T0990","cokelat"
"T0990","deterjen"
"T0990","kopi"
"T0991","air_mineral"
"T0991","beras"
"T0991","gula"
"T0991","kopi"
"T0991","minyak_goreng"
"T0991","roti"
"T0991","sabun"
"T0991","selai"
"T0992","gula"
"T0992","kopi"
"T0992","telur"
"T0993","air_mineral"
"T0993","sabun"
"T0993","susu"
"T0993","telur"
"T0994","sabun"
"T0995","air_mineral"
"T0995","gula"
"T0995","keju"
"T0995","roti"
"T0995","selai"
"T0995","teh"
"T0996","air_mineral"
"T0996","cokelat"
"T0996","deterjen"
"T0996","sabun"
"T0996","sampo"
"T0996","teh"
"T0997","air_mineral"
"T0997","biskuit"
"T0997","mi_instan"
"T0997","susu"
"T0998","buah"
"T0998","kopi"
"T0998","mi_instan"
"T0999","gula"
"T0999","mentega"
"T0999","minyak_goreng"
"T0999","roti"
"T0999","selai"
"T0999","susu"
"T1000","beras"
"T1000","gula"
"T1000","minyak_goreng"
"T1000","susu"
"T1000","telur"
"T1001","biskuit"
"T1001","buah"
"T1001","roti"
"T1001","sampo"
"T1001","selai"
"T1001","telur"
"T1002","air_mineral"
"T1002","beras"
"T1002","mentega"
"T1002","roti"
"T1002","susu"
"T1003","buah"
"T1003","gula"
"T1003","sabun"
"T1003","teh"
"T1003","telur"
"T1004","air_mineral"
"T1004","beras"
"T1005","air_mineral"
"T1005","beras"
"T1005","buah"
"T1005","mentega"
"T1005","teh"
"T1006","air_mineral"
"T1006","gula"
"T1006","kopi"
"T1006","mi_instan"
"T1006","selai"
"T1007","beras"
"T1007","gula"
"T1007","teh"
"T1008","air_mineral"
"T1008","biskuit"
"T1008","gula"
"T1008","kopi"
"T1008","mi_instan"
"T1008","minyak_goreng"
"T1008","telur"
"T1009","air_mineral"
"T1010","air_mineral"
"T1010","beras"
"T1010","deterjen"
"T1010","keju"
"T1010","kopi"
"T1010","roti"
"T1010","sabun"
"T1010","sampo"
"T1010","selai"
"T1010","telur"
"T1011","air_mineral"
"T1011","cokelat"
"T1011","selai"
"T1011","susu"
"T1012","minyak_goreng"
"T1013","cokelat"
"T1013","deterjen"
"T1013","popok"
"T1013","susu"
"T1014","selai"
"T1015","beras"
"T1015","minyak_goreng"
"T1015","roti"
"T1015","sampo"
"T1016","air_mineral"
"T1016","beras"
"T1016","mi_instan"
"T1016","minyak_goreng"
"T1016","telur"
"T1017","minyak_goreng"
"T1017","sabun"
"T1017","telur"
"T1018","air_mineral"
"T1018","beras"
"T1018","telur"
"T1019","beras"
"T1019","buah"
"T1019","cokelat"
"T1019","gula"
"T1019","mi_instan"
"T1020","air_mineral"
"T1020","beras"
"T1020","minyak_goreng"
"T1020","sabun"
"T1020","teh"
"T1020","telur"
"T1021","air_mineral"
"T1021","roti"
"T1022","air_mineral"
"T1022","beras"
"T1022","buah"
"T1022","mentega"
"T1022","telur"
"T1023","biskuit"
"T1023","deterjen"
"T1023","keju"
"T1023","mentega"
"T1023","minyak_goreng"
"T1023","roti"
"T1023","selai"
"T1024","minyak_goreng"
"T1024","susu"
"T1025","air_mineral"
"T1025","cokelat"
"T1025","deterjen"
"T1025","kopi"
"T1025","teh"
"T1026","air_mineral"
"T1026","deterjen"
"T1026","gula"
"T1026","kopi"
"T1026","popok"
"T1026","roti"
"T1026","sabun"
"T1026","sampo"
"T1026","susu"
"T1026","telur"
"T1027","keju"
"T1027","mi_instan"
"T1027","roti"
"T1027","telur"
"T1028","beras"
"T1028","mentega"
"T1028","mi_instan"
"T1028","minyak_goreng"
"T1028","sabun"
"T1028","sampo"
"T1029","air_mineral"
"T1029","minyak_goreng"
"T1030","air_mineral"
"T1030","deterjen"
"T1030","sabun"
"T1031","air_mineral"
"T1031","biskuit"
"T1031","minyak_goreng"
"T1031","popok"
"T1031","roti"
"T1031","sampo"
"T1031","selai"
"T1031","susu"
"T1032","beras"
"T1032","sabun"
"T1032","susu"
"T1032","telur"
"T1033","air_mineral"
"T1033","mi_instan"
"T1033","sabun"
"T1034","air_mineral"
"T1034","buah"
"T1034","minyak_goreng"
"T1034","roti"
"T1035","air_mineral"
"T1035","keju"
"T1035","roti"
"T1035","telur"
"T1036","buah"
"T1036","gula"
"T1036","kopi"
"T1036","roti"
"T1037","deterjen"
"T1037","gula"
"T1037","kopi"
"T1037","teh"
"T1037","telur"
"T1038","air_mineral"
"T1038","cokelat"
"T1038","deterjen"
"T1038","minyak_goreng"
"T1039","beras"
"T1039","buah"
"T1039","gula"
"T1039","popok"
"T1039","susu"
"T1040","air_mineral"
"T1040","mi_instan"
"T1040","sampo"
"T1040","selai"
"T1040","susu"
"T1040","teh"
"T1041","biskuit"
"T1041","popok"
"T1041","roti"
"T1041","susu"
"T1042","air_mineral"
"T1042","biskuit"
"T1042","gula"
"T1042","mi_instan"
"T1042","minyak_goreng"
"T1042","susu"
"T1042","telur"
"T1043","air_mineral"
"T1043","gula"
"T1043","kopi"
"T1043","mi_instan"
"T1043","roti"
"T1043","selai"
"T1043","telur"
"T1044","air_mineral"
"T1044","beras"
"T1044","biskuit"
"T1044","gula"
"T1044","kopi"
"T1045","buah"
"T1046","air_mineral"
"T1046","buah"
"T1046","deterjen"
"T1046","mi_instan"
"T1046","minyak_goreng"
"T1046","sampo"
"T1046","susu"
"T1047","air_mineral"
"T1047","gula"
"T1047","minyak_goreng"
"T1047","susu"
"T1048","air_mineral"
"T1048","buah"
"T1048","cokelat"
"T1048","deterjen"
"T1048","mentega"
"T1048","minyak_goreng"
"T1048","selai"
"T1049","air_mineral"
"T1049","biskuit"
"T1049","cokelat"
"T1049","mentega"
"T1049","mi_instan"
"T1049","minyak_goreng"
"T1049","roti"
"T1049","sabun"
"T1049","selai"
"T1049","susu"
"T1049","telur"
"T1050","air_mineral"
"T1050","beras"
"T1051","beras"
"T1051","cokelat"
"T1051","roti"
"T1051","sabun"
"T1052","air_mineral"
"T1052","gula"
"T1052","mi_instan"
"T1052","minyak_goreng"
"T1052","sampo"
"T1053","biskuit"
"T1053","roti"
"T1053","susu"
"T1054","beras"
"T1054","keju"
"T1054","mi_instan"
"T1055","air_mineral"
"T1055","buah"
"T1055","cokelat"
"T1055","sabun"
"T1056","air_mineral"
"T1056","buah"
"T1056","gula"
"T1056","kopi"
"T1056","telur"
"T1057","air_mineral"
"T1057","beras"
"T1057","buah"
"T1057","deterjen"
"T1057","kopi"
"T1057","mi_instan"
"T1057","sabun"
"T1057","sampo"
"T1058","gula"
"T1058","mi_instan"
"T1058","minyak_goreng"
"T1058","telur"
"T1059","air_mineral"
"T1059","keju"
"T1059","roti"
"T1059","telur"
"T1060","air_mineral"
"T1060","telur"
"T1061","beras"
"T1061","gula"
"T1061","sabun"
"T1061","telur"
"T1062","air_mineral"
"T1062","keju"
"T1062","roti"
"T1062","selai"
"T1062","telur"
"T1063","roti"
"T1064","air_mineral"
"T1064","beras"
"T1064","minyak_goreng"
"T1064","sabun"
"T1064","teh"
"T1065","air_mineral"
"T1065","biskuit"
"T1065","deterjen"
"T1065","mi_instan"
"T1065","sabun"
"T1066","air_mineral"
"T1066","deterjen"
"T1066","keju"
"T1066","mentega"
"T1066","roti"
"T1066","sampo"
"T1067","air_mineral"
"T1067","cokelat"
"T1067","mi_instan"
"T1068","air_mineral"
"T1068","gula"
"T1068","mi_instan"
"T1068","minyak_goreng"
"T1069","biskuit"
"T1070","air_mineral"
"T1071","cokelat"
"T1071","deterjen"
"T1071","gula"
"T1071","teh"
"T1072","minyak_goreng"
"T1073","air_mineral"
"T1073","beras"
"T1073","biskuit"
"T1073","deterjen"
"T1073","roti"
"T1073","selai"
"T1073","telur"
"T1074","air_mineral"
"T1074","beras"
"T1074","gula"
"T1074","keju"
"T1074","minyak_goreng"
"T1074","roti"
"T1074","sabun"
"T1074","teh"
"T1074","telur"
"T1075","air_mineral"
"T1075","beras"
"T1075","biskuit"
"T1075","gula"
"T1075","kopi"
"T1075","mentega"
"T1075","teh"
"T1076","air_mineral"
"T1076","beras"
"T1076","buah"
"T1076","popok"
"T1076","susu"
"T1077","air_mineral"
"T1077","beras"
"T1077","deterjen"
"T1077","sabun"
"T1077","telur"
"T1078","beras"
"T1078","cokelat"
"T1078","deterjen"
"T1078","minyak_goreng"
"T1078","susu"
"T1078","teh"
"T1079","beras"
"T1079","gula"
"T1079","sabun"
"T1079","sampo"
"T1079","susu"
"T1079","telur"
"T1080","air_mineral"
"T1080","gula"
"T1080","keju"
"T1080","popok"
"T1080","roti"
"T1080","susu"
"T1080","teh"
"T1080","telur"
"T1081","biskuit"
"T1081","buah"
"T1081","minyak_goreng"
"T1081","sampo"
"T1081","susu"
"T1082","air_mineral"
"T1083","buah"
"T1083","mi_instan"
"T1084","air_mineral"
"T1084","buah"
"T1084","deterjen"
"T1084","gula"
"T1084","kopi"
"T1084","teh"
"T1085","buah"
"T1085","mi_instan"
"T1085","minyak_goreng"
"T1085","sampo"
"T1086","gula"
"T1086","kopi"
"T1087","air_mineral"
"T1087","gula"
"T1087","mi_instan"
"T1087","popok"
"T1087","susu"
"T1088","biskuit"
"T1088","minyak_goreng"
"T1089","air_mineral"
"T1089","beras"
"T1089","cokelat"
"T1089","deterjen"
"T1089","roti"
"T1089","sampo"
"T1089","selai"
"T1089","teh"
"T1089","telur"
"T1090","biskuit"
"T1090","deterjen"
"T1090","gula"
"T1090","mentega"
"T1090","roti"
"T1090","telur"
"T1091","air_mineral"
"T1091","beras"
"T1091","gula"
"T1091","mi_instan"
"T1091","susu"
"T1091","telur"
"T1092","buah"
"T1092","mi_instan"
"T1092","popok"
"T1092","sabun"
"T1092","susu"
"T1093","beras"
"T1093","kopi"
"T1093","minyak_goreng"
"T1093","sabun"
"T1094","air_mineral"
"T1094","biskuit"
"T1094","mi_instan"
"T1094","susu"
"T1094","telur"
"T1095","gula"
"T1095","kopi"
"T1095","popok"
"T1095","susu"
"T1095","teh"
"T1096","air_mineral"
"T1096","gula"
"T1096","mi_instan"
"T1097","air_mineral"
"T1097","biskuit"
"T1097","cokelat"
"T1097","kopi"
"T1097","selai"
"T1098","buah"
"T1098","mentega"
"T1098","mi_instan"
"T1098","minyak_goreng"
"T1098","roti"
"T1098","sabun"
"T1098","susu"
"T1099","air_mineral"
"T1099","beras"
"T1099","cokelat"
"T1099","deterjen"
"T1100","air_mineral"
"T1100","beras"
"T1100","deterjen"
"T1100","mentega"
"T1100","mi_instan"
"T1100","minyak_goreng"
"T1100","teh"
"T1101","air_mineral"
"T1101","buah"
"T1101","mi_instan"
"T1102","beras"
"T1102","deterjen"
"T1102","gula"
"T1102","mi_instan"
"T1102","selai"
"T1103","air_mineral"
"T1103","mentega"
"T1103","roti"
"T1103","sabun"
"T1103","selai"
"T1104","air_mineral"
"T1104","buah"
"T1104","mentega"
"T1104","roti"
"T1104","selai"
"T1104","susu"
"T1105","minyak_goreng"
"T1105","susu"
"T1105","teh"
"T1105","telur"
"T1106","air_mineral"
"T1106","deterjen"
"T1106","sabun"
"T1106","sampo"
"T1107","air_mineral"
"T1107","biskuit"
"T1107","gula"
"T1107","susu"
"T1107","telur"
"T1108","deterjen"
"T1108","mentega"
"T1108","sabun"
"T1108","sampo"
"T1108","susu"
"T1108","telur"
"T1109","air_mineral"
"T1109","beras"
"T1109","deterjen"
"T1109","mi_instan"
"T1109","roti"
"T1109","sabun"
"T1109","sampo"
"T1109","susu"
"T1110","mi_instan"
"T1110","minyak_goreng"
"T1110","sampo"
"T1110","susu"
"T1110","teh"
"T1111","beras"
"T1111","buah"
"T1111","gula"
"T1111","mi_instan"
"T1111","minyak_goreng"
"T1111","telur"
"T1112","air_mineral"
"T1112","beras"
"T1112","mi_instan"
"T1112","sampo"
"T1112","susu"
"T1113","air_mineral"
"T1113","beras"
"T1113","teh"
"T1114","beras"
"T1114","buah"
"T1115","air_mineral"
"T1115","roti"
"T1115","telur"
"T1116","air_mineral"
"T1116","sabun"
"T1116","susu"
"T1117","air_mineral"
"T1117","telur"
"T1118","air_mineral"
"T1118","buah"
"T1118","cokelat"
"T1119","air_mineral"
"T1119","beras"
"T1119","buah"
"T1119","deterjen"
"T1119","kopi"
"T1119","minyak_goreng"
"T1119","roti"
"T1119","sabun"
"T1119","telur"
"T1120","air_mineral"
"T1120","biskuit"
"T1120","roti"
"T1121","air_mineral"
"T1121","gula"
"T1121","keju"
"T1121","mi_instan"
"T1121","roti"
"T1121","teh"
"T1121","telur"
"T1122","air_mineral"
"T1122","gula"
"T1122","roti"
"T1122","sampo"
"T1123","air_mineral"
"T1123","beras"
"T1123","gula"
"T1123","keju"
"T1123","roti"
"T1124","beras"
"T1125","air_mineral"
"T1125","beras"
"T1125","buah"
"T1126","roti"
"T1126","selai"
"T1127","mi_instan"
"T1127","sampo"
"T1128","air_mineral"
"T1128","selai"
"T1129","air_mineral"
"T1129","kopi"
"T1129","mi_instan"
"T1129","minyak_goreng"
"T1129","roti"
"T1129","telur"
"T1130","biskuit"
"T1130","gula"
"T1130","kopi"
"T1130","mi_instan"
"T1131","air_mineral"
"T1131","buah"
"T1131","mentega"
"T1132","air_mineral"
"T1132","deterjen"
"T1132","gula"
"T1132","kopi"
"T1133","air_mineral"
"T1133","popok"
"T1133","susu"
"T1134","buah"
"T1134","keju"
"T1134","minyak_goreng"
"T1134","roti"
"T1134","sampo"
"T1135","air_mineral"
"T1135","beras"
"T1135","biskuit"
"T1135","keju"
"T1135","minyak_goreng"
"T1135","roti"
"T1135","sabun"
"T1135","telur"
"T1136","teh"
"T1137","beras"
"T1137","gula"
"T1137","kopi"
"T1137","minyak_goreng"
"T1137","sabun"
"T1137","teh"
"T1138","beras"
"T1138","mentega"
"T1138","sampo"
"T1139","air_mineral"
"T1139","deterjen"
"T1139","gula"
"T1139","minyak_goreng"
"T1139","telur"
"T1140","air_mineral"
"T1140","gula"
"T1140","kopi"
"T1140","minyak_goreng"
"T1141","kopi"
"T1141","mentega"
"T1141","sabun"
"T1141","sampo"
"T1142","air_mineral"
"T1142","beras"
"T1142","sabun"
"T1142","susu"
"T1142","teh"
"T1142","telur"
"T1143","air_mineral"
"T1143","deterjen"
"T1143","mi_instan"
"T1143","minyak_goreng"
"T1143","susu"
"T1144","air_mineral"
"T1144","biskuit"
"T1145","air_mineral"
"T1145","deterjen"
"T1146","deterjen"
"T1146","gula"
"T1146","minyak_goreng"
"T1147","air_mineral"
"T1147","beras"
"T1147","cokelat"
"T1147","deterjen"
"T1147","mentega"
"T1148","biskuit"
"T1148","deterjen"
"T1148","kopi"
"T1148","mi_instan"
"T1148","popok"
"T1148","roti"
"T1148","sabun"
"T1148","sampo"
"T1148","susu"
"T1148","telur"
"T1149","beras"
"T1149","cokelat"
"T1149","gula"
"T1149","roti"
"T1149","teh"
"T1150","air_mineral"
"T1150","beras"
"T1150","deterjen"
"T1150","gula"
"T1150","mentega"
"T1151","air_mineral"
"T1151","teh"
"T1151","telur"
"T1152","air_mineral"
"T1152","gula"
"T1152","telur"
"T1153","sabun"
"T1154","air_mineral"
"T1154","beras"
"T1154","deterjen"
"T1154","gula"
"T1154","mi_instan"
"T1154","roti"
"T1154","sampo"
"T1155","beras"
"T1155","cokelat"
"T1155","teh"
"T1155","telur"
"T1156","air_mineral"
"T1156","gula"
"T1156","kopi"
"T1156","selai"
"T1157","selai"
"T1157","telur"
"T1158","air_mineral"
"T1158","beras"
"T1158","gula"
"T1158","mi_instan"
"T1158","sampo"
"T1159","deterjen"
"T1159","gula"
"T1159","kopi"
"T1159","mi_instan"
"T1159","minyak_goreng"
"T1159","roti"
"T1160","air_mineral"
"T1160","biskuit"
"T1160","deterjen"
"T1160","mentega"
"T1160","mi_instan"
"T1160","sabun"
"T1160","sampo"
"T1160","telur"
"T1161","air_mineral"
"T1161","buah"
"T1161","mi_instan"
"T1161","minyak_goreng"
"T1161","selai"
"T1162","air_mineral"
"T1162","beras"
"T1162","gula"
"T1162","roti"
"T1163","minyak_goreng"
"T1163","roti"
"T1163","selai"
"T1163","telur"
"T1164","air_mineral"
"T1165","biskuit"
"T1165","keju"
"T1165","roti"
"T1165","selai"
"T1166","cokelat"
"T1166","telur"
"T1167","air_mineral"
"T1167","deterjen"
"T1167","gula"
"T1167","kopi"
"T1167","telur"
"T1168","beras"
"T1168","buah"
"T1168","deterjen"
"T1168","mi_instan"
"T1168","susu"
"T1169","buah"
"T1169","gula"
"T1169","minyak_goreng"
"T1169","teh"
"T1170","air_mineral"
"T1170","cokelat"
"T1170","deterjen"
"T1170","gula"
"T1170","kopi"
"T1170","selai"
"T1170","susu"
"T1170","teh"
"T1170","telur"
"T1171","air_mineral"
"T1171","beras"
"T1171","deterjen"
"T1171","gula"
"T1172","mi_instan"
"T1173","cokelat"
"T1173","mentega"
"T1173","minyak_goreng"
"T1173","roti"
"T1173","selai"
"T1173","susu"
"T1173","telur"
"T1174","air_mineral"
"T1174","beras"
"T1174","buah"
"T1174","gula"
"T1174","keju"
"T1174","kopi"
"T1174","roti"
"T1174","sabun"
"T1174","selai"
"T1174","susu"
"T1174","teh"
"T1174","telur"
"T1175","air_mineral"
"T1175","beras"
"T1175","deterjen"
"T1175","minyak_goreng"
"T1175","susu"
"T1176","beras"
"T1176","keju"
"T1176","roti"
"T1176","sampo"
"T1176","selai"
"T1176","telur"
"T1177","buah"
"T1177","gula"
"T1177","keju"
"T1177","kopi"
"T1177","mi_instan"
"T1177","roti"
"T1177","telur"
"T1178","air_mineral"
"T1178","biskuit"
"T1178","buah"
"T1178","deterjen"
"T1178","mentega"
"T1178","mi_instan"
"T1178","teh"
"T1178","telur"
"T1179","air_mineral"
"T1179","gula"
"T1179","kopi"
"T1179","mi_instan"
"T1179","minyak_goreng"
"T1180","air_mineral"
"T1180","roti"
"T1180","sampo"
"T1181","air_mineral"
"T1181","beras"
"T1181","roti"
"T1182","mentega"
"T1183","gula"
"T1183","kopi"
"T1183","telur"
"T1184","air_mineral"
"T1184","beras"
"T1184","deterjen"
"T1184","minyak_goreng"
"T1184","roti"
"T1184","sabun"
"T1184","susu"
"T1184","teh"
"T1185","air_mineral"
"T1185","deterjen"
"T1185","gula"
"T1185","mi_instan"
"T1185","teh"
"T1185","telur"
"T1186","air_mineral"
"T1186","gula"
"T1186","minyak_goreng"
"T1186","teh"
"T1187","air_mineral"
"T1187","buah"
"T1187","susu"
"T1188","kopi"
"T1188","minyak_goreng"
"T1189","susu"
"T1189","teh"
"T1190","air_mineral"
"T1190","beras"
"T1190","biskuit"
"T1190","kopi"
"T1190","mi_instan"
"T1190","roti"
"T1190","sampo"
"T1191","air_mineral"
"T1191","beras"
"T1191","mi_instan"
"T1192","popok"
"T1192","sampo"
"T1192","susu"
"T1192","telur"
"T1193","beras"
"T1193","buah"
"T1194","air_mineral"
"T1194","gula"
"T1194","mentega"
"T1194","mi_instan"
"T1194","minyak_goreng"
"T1195","buah"
"T1196","air_mineral"
"T1196","deterjen"
"T1196","mi_instan"
"T1196","roti"
"T1197","air_mineral"
"T1197","mi_instan"
"T1197","minyak_goreng"
"T1197","susu"
"T1198","air_mineral"
"T1198","beras"
"T1198","gula"
"T1198","teh"
"T1199","air_mineral"
"T1199","biskuit"
"T1199","buah"
"T1199","mentega"
"T1199","sabun"
"T1199","telur"
"T1200","buah"
"T1200","mentega"
"T1200","roti"
"T1200","sampo"
"T1200","selai"
"T1200","susu"
