"id","umur","pendapatan","lama_kerja","rasio_utang","jumlah_tanggungan","pendidikan","status_rumah","gagal_bayar"
390,52,16192.18,0,0.156,3,"D3","Milik","ya"
591,45,10616.51,7.6,0.361,1,"SMA","Milik","tidak"
895,27,7791.3,3.9,0.418,3,"SMA","Milik","ya"
640,34,17426.74,11.4,0.407,3,"SMA","Keluarga","tidak"
376,45,8797.68,13.8,0.2,5,"D3","Milik","ya"
353,22,8083.52,4,0.172,3,"SMA","Milik","ya"
397,42,9627.53,11,0.134,3,"SMA","Sewa","tidak"
579,59,6519.03,15.8,0.348,1,"D3","Milik","tidak"
411,32,9260.52,7.6,0.343,0,"SMA","Milik","tidak"
45,47,14336.62,0,0.272,1,"SMA","Milik","tidak"
992,21,9964.77,3,0.108,3,"SMP","Keluarga","tidak"
686,51,20289.89,10.2,0.072,2,"S1","Sewa","tidak"
965,31,6689.55,13,0.473,4,"SMP","Sewa","ya"
933,58,7713.25,14.8,0.294,4,"D3","Sewa","ya"
967,28,17556.93,10,0.317,1,"S1","Keluarga","tidak"
962,37,4923.37,15.6,0.433,3,"S1","Sewa","tidak"
58,45,4449.46,2,0.371,3,"SMP","Sewa","ya"
801,21,12421.6,3,0.159,2,"SMA","Milik","tidak"
601,35,7335.98,17,0.122,0,"SMP","Milik","tidak"
668,22,5515.74,4,0.06,3,"SMA","Keluarga","ya"
457,36,5661.05,7.7,0.142,1,"SMA","Sewa","ya"
252,36,13377.53,8.9,0.318,2,"S1","Milik","tidak"
309,31,6376.86,13,0.348,2,"D3","Milik","tidak"
641,24,8814.51,6,0.149,0,"SMA","Milik","tidak"
584,39,6076.42,14.8,0.524,3,"SMA","Keluarga","tidak"
802,29,11183.64,9.3,0.358,1,"SMA","Sewa","ya"
505,39,6452.33,6.2,0.65,3,"SMP","Sewa","ya"
612,27,11270.54,9,0.417,1,"SMA","Milik","tidak"
792,21,6842.85,3,0.284,3,"SMA","Keluarga","tidak"
300,47,22775.67,8.1,0.446,1,"D3","Sewa","ya"
659,61,11004.05,6.9,0.355,1,"SMP","Sewa","ya"
631,29,3542.82,11,0.374,2,"D3","Milik","tidak"
535,53,17898.02,23.5,0.497,0,"SMA","Sewa","ya"
435,22,8670.47,4,0.533,4,"SMA","Keluarga","tidak"
407,47,10085.73,2.7,0.31,3,"S1","Sewa","tidak"
515,40,18021.27,4.7,0.311,2,"SMA","Milik","ya"
434,30,11024.67,12,0.371,2,"SMP","Keluarga","ya"
441,42,32391.9,11.1,0.21,4,"SMP","Keluarga","tidak"
129,54,6917.52,3.4,0.528,1,"D3","Sewa","ya"
559,41,10734.13,12.6,0.433,1,"SMA","Sewa","tidak"
718,37,11413.59,10.3,0.145,4,"SMA","Milik","tidak"
22,59,13372.19,13.2,0.261,4,"SMP","Keluarga","tidak"
413,40,13638,10.2,0.318,2,"SMP","Keluarga","tidak"
381,40,11841.06,0.8,0.47,4,"S1","Keluarga","tidak"
409,25,4836,7,0.448,3,"SMA","Sewa","ya"
6,23,7319.48,5,0.501,4,"D3","Milik","tidak"
30,62,9325.42,11.3,0.532,2,"SMP","Sewa","ya"
400,34,7029.31,16,0.349,0,"SMA","Keluarga","tidak"
769,44,10572.92,17.4,0.304,3,"SMA","Sewa","ya"
649,31,6043.66,4,0.28,3,"SMA","Keluarga","tidak"
644,64,14165.12,16.9,0.27,4,"SMP","Keluarga","tidak"
290,49,9984.1,3.2,0.526,4,"SMA","Milik","ya"
415,63,11836,8.6,0.63,1,"SMP","Sewa","tidak"
634,60,8055.68,14.4,0.492,3,"SMP","Sewa","tidak"
948,44,6400.18,20.4,0.413,2,"D3","Sewa","ya"
710,53,18674.39,5.6,0.623,1,"S1","Milik","ya"
909,54,5847.25,12.6,0.28,3,"SMA","Sewa","tidak"
985,23,6031.72,5,0.082,3,"SMA","Milik","tidak"
286,63,6389.48,11.3,0.01,3,"SMA","Sewa","ya"
40,30,22373.69,0,0.241,3,"SMA","Milik","tidak"
848,34,8540.78,16,0.232,2,"SMA","Milik","tidak"
403,60,15689.03,15.3,0.248,2,"SMP","Milik","tidak"
522,46,5384.17,17.5,0.247,2,"SMA","Sewa","ya"
284,41,7280.23,10.6,0.247,1,"D3","Sewa","tidak"
388,39,8311.58,19.5,0.121,3,"SMA","Milik","tidak"
964,25,12507.27,7,0.476,3,"S1","Sewa","tidak"
118,49,7732.96,11.3,0.214,1,"SMA","Milik","tidak"
470,41,12749.68,10.4,0.261,4,"SMA","Sewa","ya"
788,46,9522.06,27.2,0.165,1,"D3","Milik","tidak"
923,50,9848.83,16.8,0.01,6,"SMP","Keluarga","tidak"
706,60,25992.99,0,0.336,0,"SMA","Milik","tidak"
994,38,6414.76,7.8,0.408,0,"D3","Keluarga","tidak"
767,53,14656.21,16.3,0.201,3,"SMA","Keluarga","tidak"
316,59,15578.53,6.6,0.526,1,"SMP","Milik","tidak"
753,29,20716.23,5.2,0.379,5,"SMA","Keluarga","ya"
502,49,10583.38,5.6,0.029,3,"SMA","Keluarga","tidak"
732,53,10202.34,13.5,0.478,3,"SMP","Milik","ya"
375,45,9717.02,7.3,0.615,1,"SMA","Sewa","ya"
533,30,12869.23,10.9,0.175,4,"SMA","Keluarga","tidak"
334,61,12212.93,10.1,0.152,3,"SMA","Milik","ya"
875,26,7817.12,8,0.307,3,"SMP","Sewa","ya"
430,63,14016.34,7.3,0.337,2,"D3","Sewa","tidak"
43,55,12113.11,5.5,0.257,1,"SMA","Milik","ya"
885,63,12772.36,21.7,0.272,1,"S1","Milik","tidak"
178,26,36769.95,8,0.262,2,"S1","Sewa","tidak"
226,64,10337.35,11.9,0.386,3,"SMA","Keluarga","ya"
839,48,6961.21,12,0.38,0,"SMA","Sewa","tidak"
314,62,11115.4,12.6,0.346,1,"SMP","Keluarga","tidak"
8,30,7880.9,12,0.34,3,"SMA","Sewa","tidak"
157,30,6122.97,8.5,0.289,1,"SMA","Keluarga","tidak"
814,62,7455.67,2.9,0.333,3,"SMP","Milik","ya"
755,53,9509.93,11.5,0.506,2,"S1","Milik","ya"
830,55,14636.31,14.9,0.464,2,"S1","Keluarga","tidak"
558,34,10758.77,11.9,0.132,3,"D3","Milik","ya"
595,36,5960.42,8.1,0.421,2,"SMA","Milik","ya"
713,36,8326.22,17,0.137,3,"SMA","Keluarga","tidak"
804,56,4188.6,21.7,0.233,3,"SMA","Milik","ya"
638,37,8134.47,11.4,0.456,6,"SMA","Milik","ya"
866,50,4671.43,24,0.332,0,"SMP","Milik","tidak"
956,37,4491.49,1.1,0.455,2,"S1","Sewa","tidak"
512,26,14560.23,5.4,0.255,2,"S1","Sewa","tidak"
255,58,8233.06,18.9,0.302,3,"SMA","Milik","tidak"
879,39,9014.82,7,0.01,6,"SMA","Milik","tidak"
955,25,11623.54,7,0.319,2,"D3","Milik","tidak"
495,29,7164.9,6.4,0.354,1,"SMA","Milik","tidak"
849,29,8099.26,11,0.517,1,"SMA","Keluarga","tidak"
724,51,6759.49,8.3,0.675,0,"SMA","Keluarga","tidak"
929,48,7542.52,10.8,0.311,1,"D3","Sewa","ya"
422,32,5324.91,13.5,0.187,1,"S1","Milik","ya"
941,47,13348.68,2.3,0.324,4,"SMA","Milik","tidak"
708,39,12266.11,10.7,0.12,4,"SMA","Sewa","ya"
873,59,6075.96,11.2,0.324,4,"S1","Milik","tidak"
369,26,21933.75,8,0.285,2,"S1","Sewa","tidak"
716,35,7942.76,3.7,0.402,2,"S1","Milik","tidak"
682,28,7742.12,10,0.272,1,"S1","Sewa","tidak"
853,23,4252.72,5,0.353,3,"SMA","Milik","ya"
894,45,9155.25,8.4,0.527,1,"SMP","Milik","ya"
257,27,5707.04,9,0.27,1,"SMA","Milik","tidak"
443,28,10728.65,10,0.24,1,"SMP","Sewa","ya"
115,55,9923.76,17.2,0.419,1,"D3","Sewa","ya"
625,41,13832.76,22.3,0.04,4,"S1","Sewa","tidak"
363,27,6424.68,9,0.288,2,"SMP","Keluarga","ya"
602,46,3919.37,0,0.021,3,"S1","Milik","tidak"
420,55,10938.05,7.4,0.201,2,"D3","Sewa","tidak"
592,40,11222.35,9.5,0.618,1,"D3","Sewa","tidak"
744,24,17102.21,6,0.525,3,"SMA","Sewa","ya"
869,38,8294.82,0.1,0.512,3,"SMP","Milik","tidak"
217,41,11553.74,6,0.491,2,"SMA","Milik","ya"
318,23,11328.22,5,0.428,1,"SMP","Keluarga","ya"
655,39,7092.82,9.5,0.082,1,"SMA","Sewa","tidak"
500,38,4132.59,6.6,0.473,1,"SMA","Keluarga","tidak"
293,49,6377.1,7.4,0.33,1,"S1","Keluarga","tidak"
379,23,9693.24,5,0.139,3,"SMP","Keluarga","ya"
516,25,9630.54,7,0.473,1,"S1","Milik","ya"
211,60,4531.5,1.9,0.341,3,"SMA","Sewa","ya"
890,21,8590.64,3,0.305,1,"SMA","Milik","tidak"
899,28,5145.49,10,0.461,0,"SMA","Keluarga","ya"
162,43,13061.1,24.1,0.366,3,"SMA","Milik","tidak"
845,46,9356.45,15.3,0.051,4,"SMA","Milik","tidak"
525,36,7009.46,2,0.288,1,"SMA","Sewa","tidak"
876,52,12220.27,10.6,0.142,3,"S1","Milik","tidak"
155,34,5828.19,5.6,0.516,3,"SMA","Milik","ya"
683,43,16123.91,3,0.569,2,"D3","Milik","tidak"
572,49,6124.88,11.6,0.12,4,"SMP","Keluarga","tidak"
240,61,3645.9,28.1,0.292,1,"SMP","Keluarga","tidak"
348,24,5688.76,6,0.265,2,"S1","Sewa","ya"
323,30,7530.76,1.2,0.444,1,"SMA","Sewa","tidak"
852,49,8239.57,13.8,0.271,3,"S1","Keluarga","tidak"
782,51,6034.96,15.3,0.333,2,"SMP","Sewa","ya"
647,23,7395.16,5,0.314,2,"SMA","Sewa","ya"
580,28,10320.03,10,0.046,1,"S1","Sewa","tidak"
16,23,10239.94,5,0.2,2,"D3","Sewa","ya"
904,64,9510.82,2.1,0.176,2,"S1","Keluarga","tidak"
482,45,5695.32,16.6,0.099,2,"S1","Milik","ya"
922,54,10011.08,8.6,0.248,4,"SMA","Milik","tidak"
694,54,18154.02,7.4,0.114,3,"SMP","Sewa","tidak"
477,37,6007.49,18.5,0.466,3,"SMA","Milik","tidak"
80,52,23499.79,25.8,0.29,0,"SMA","Milik","tidak"
13,55,13874.59,13.8,0.295,0,"D3","Milik","tidak"
158,22,4783.97,4,0.37,5,"D3","Sewa","tidak"
690,26,5578.45,8,0.243,1,"D3","Keluarga","tidak"
32,43,7733.33,12.8,0.396,2,"SMA","Sewa","tidak"
134,62,8990.09,1.3,0.493,0,"SMA","Keluarga","ya"
462,26,5701.27,8,0.222,5,"S1","Keluarga","ya"
131,26,6503.91,8,0.169,2,"S1","Milik","tidak"
998,38,10863.19,20,0.606,2,"SMA","Milik","ya"
405,24,10342.1,6,0.279,2,"S1","Milik","ya"
740,41,6171.02,12,0.365,0,"SMA","Milik","tidak"
144,42,7104.17,1.2,0.473,4,"D3","Keluarga","ya"
340,25,5698.76,0,0.334,1,"D3","Milik","ya"
308,56,2448.74,15.2,0.094,1,"SMA","Milik","tidak"
613,53,6689.18,5.5,0.164,2,"S1","Keluarga","tidak"
536,43,6538.68,11.6,0.131,0,"SMA","Milik","tidak"
684,55,8535.77,15.5,0.156,0,"S1","Sewa","tidak"
175,31,5512.83,13,0.576,1,"SMA","Keluarga","tidak"
907,46,11419.73,20,0.242,2,"SMP","Keluarga","tidak"
384,60,4441.66,17.7,0.249,3,"SMA","Milik","tidak"
33,62,20342.78,8.6,0.341,2,"SMP","Keluarga","tidak"
391,65,5120.4,18.7,0.114,3,"D3","Milik","ya"
844,44,11206.01,4.9,0.203,2,"SMA","Milik","tidak"
977,22,23278.95,4,0.288,4,"D3","Milik","ya"
212,33,6339.78,2.3,0.151,3,"SMA","Sewa","tidak"
557,62,7473.44,11.3,0.162,1,"SMA","Sewa","tidak"
819,49,6410.73,15.3,0.01,2,"D3","Keluarga","tidak"
835,35,9468.31,17,0.042,1,"D3","Milik","tidak"
401,33,11868.22,15,0.395,1,"SMA","Keluarga","tidak"
918,58,4204.33,12.2,0.247,7,"SMP","Sewa","tidak"
200,27,5400.28,8.8,0.355,3,"D3","Milik","ya"
653,22,4490.14,4,0.01,1,"SMA","Keluarga","tidak"
966,39,11177.41,14.9,0.216,4,"SMA","Sewa","tidak"
5,38,10827.33,18.8,0.448,1,"SMA","Keluarga","tidak"
191,25,6312.16,6.4,0.17,1,"D3","Milik","tidak"
544,28,5407.3,3.1,0.506,5,"SMP","Keluarga","ya"
215,61,3962.41,0,0.278,0,"S1","Milik","tidak"
509,35,12661.68,1.8,0.316,0,"SMA","Sewa","tidak"
82,34,6179.8,6,0.293,3,"SMA","Sewa","tidak"
327,27,12875.72,7.1,0.331,2,"SMP","Sewa","tidak"
448,45,24403.47,12.7,0.352,2,"SMP","Milik","tidak"
395,49,17642.18,5.2,0.174,3,"SMA","Milik","tidak"
886,30,5952.26,9,0.356,2,"SMA","Milik","tidak"
474,60,15902.2,3.8,0.117,5,"SMA","Milik","tidak"
428,49,6435.65,3.2,0.451,3,"S1","Milik","tidak"
990,35,10395.54,8.7,0.501,2,"D3","Milik","ya"
42,63,9768.32,1.3,0.375,2,"SMA","Milik","ya"
387,39,11811.55,6,0.13,2,"S1","Milik","tidak"
610,54,9040.41,28,0.207,0,"SMA","Keluarga","tidak"
427,27,10411.85,9,0.029,0,"SMA","Sewa","tidak"
784,64,12345.29,6.7,0.469,0,"SMA","Milik","tidak"
206,58,3114.53,10.6,0.242,4,"SMA","Milik","tidak"
920,46,7851.2,15.8,0.362,2,"SMA","Sewa","tidak"
981,52,10879.27,13.1,0.252,1,"S1","Keluarga","ya"
445,27,9983.47,9,0.17,1,"S1","Milik","tidak"
270,24,9604.79,1,0.195,1,"SMP","Keluarga","ya"
383,24,21364.53,6,0.323,2,"S1","Sewa","tidak"
587,62,8426.12,19,0.233,2,"SMP","Sewa","ya"
563,45,9415.1,11.7,0.302,5,"S1","Sewa","tidak"
800,26,8464.63,8,0.214,2,"SMP","Keluarga","ya"
142,27,29113.95,9,0.259,2,"S1","Keluarga","tidak"
345,27,6593.23,9,0.552,3,"SMA","Sewa","ya"
221,36,15568.73,18,0.314,1,"SMA","Sewa","tidak"
881,24,15898.17,6,0.341,1,"SMA","Keluarga","tidak"
897,49,6214.39,0.6,0.328,7,"D3","Milik","ya"
171,26,16710.98,8,0.341,1,"SMA","Keluarga","tidak"
320,54,12085.84,8.1,0.449,3,"SMA","Milik","ya"
194,37,14893.63,11.7,0.38,5,"D3","Milik","ya"
984,59,3746.12,6.5,0.055,1,"SMA","Sewa","tidak"
165,52,6113.56,19.8,0.428,3,"SMP","Sewa","tidak"
630,27,7417.61,9,0.233,1,"D3","Milik","tidak"
759,31,9888.76,13,0.373,2,"D3","Milik","tidak"
942,29,8725.53,7.9,0.242,1,"SMA","Sewa","tidak"
275,40,8356.42,22,0.159,2,"S1","Sewa","tidak"
343,30,12143.3,10,0.224,2,"SMP","Milik","tidak"
675,38,14212.88,14.1,0.19,1,"SMP","Sewa","tidak"
652,43,20708.09,8.7,0.281,5,"S1","Sewa","tidak"
126,60,12170.85,7.4,0.266,5,"SMA","Milik","ya"
143,53,5034.02,11.4,0.132,2,"SMA","Keluarga","tidak"
719,65,4531.75,19.7,0.409,2,"S1","Milik","tidak"
190,24,17535.81,6,0.404,0,"SMA","Milik","tidak"
739,27,7392.41,9,0.261,1,"D3","Milik","tidak"
492,60,10740.45,11.2,0.054,2,"D3","Milik","tidak"
112,64,10992.93,19.1,0.164,1,"SMA","Milik","tidak"
20,45,12560.97,21.7,0.392,0,"SMP","Sewa","tidak"
754,64,7294.38,8.3,0.274,1,"D3","Milik","tidak"
829,57,7638.01,9.9,0.437,0,"S1","Sewa","ya"
669,47,11203.05,19.3,0.222,2,"S1","Sewa","tidak"
458,44,6081.2,13.6,0.272,2,"D3","Milik","tidak"
717,57,8034.99,4.8,0.082,1,"SMP","Milik","tidak"
298,35,6726.93,16.5,0.472,4,"S1","Keluarga","tidak"
553,23,5197.46,0,0.298,3,"SMA","Milik","tidak"
398,24,9761.06,6,0.3,4,"D3","Keluarga","ya"
872,51,11274.4,14.4,0.053,2,"SMP","Sewa","tidak"
877,37,9453.4,14.7,0.386,5,"SMP","Sewa","ya"
204,34,10636.08,15.3,0.056,0,"S1","Milik","tidak"
485,52,8602.38,8.5,0.73,5,"SMA","Milik","ya"
475,40,8244.17,10.4,0.377,4,"SMA","Milik","tidak"
248,28,4103.6,4.7,0.114,3,"SMA","Sewa","ya"
762,52,16494.4,1.4,0.233,3,"SMA","Milik","tidak"
676,61,18656.48,15.4,0.289,1,"S1","Sewa","tidak"
109,58,13870.47,3.6,0.309,2,"S1","Milik","tidak"
543,49,12087.38,20.4,0.329,1,"SMP","Milik","tidak"
635,42,9380.52,19.4,0.292,3,"SMP","Sewa","tidak"
896,47,7355.01,9.2,0.23,4,"SMA","Milik","tidak"
295,65,9915.64,12.2,0.344,4,"D3","Milik","ya"
685,32,6825.42,14,0.31,2,"SMP","Sewa","ya"
12,53,12793.75,11.7,0.194,3,"S1","Keluarga","tidak"
496,30,10979.82,12,0.263,4,"SMA","Milik","tidak"
868,39,9045.14,16,0.315,4,"S1","Milik","tidak"
232,47,7920.51,20.6,0.249,1,"SMA","Sewa","tidak"
880,51,10465.92,8.8,0.193,3,"S1","Milik","tidak"
761,54,12923.1,11.7,0.441,3,"SMA","Milik","ya"
871,41,18261.77,7.6,0.331,2,"S1","Sewa","tidak"
329,42,4529.15,1.3,0.383,4,"SMA","Sewa","ya"
498,27,6668.87,0,0.39,4,"S1","Milik","tidak"
618,31,21164.02,5.6,0.475,0,"SMA","Keluarga","tidak"
609,51,8291.71,11.4,0.414,0,"S1","Milik","tidak"
705,47,20076,6.2,0.099,1,"SMA","Sewa","tidak"
794,57,6036.88,10.7,0.082,2,"S1","Keluarga","tidak"
903,52,16238.93,12.2,0.263,2,"D3","Milik","tidak"
394,50,5855.78,18.3,0.417,1,"S1","Sewa","tidak"
119,22,5826.11,0,0.381,1,"SMA","Milik","ya"
662,49,10433.45,26.2,0.482,3,"SMA","Sewa","tidak"
860,55,7844.44,11.8,0.245,2,"SMA","Sewa","tidak"
857,46,5160.5,17.8,0.148,2,"S1","Keluarga","tidak"
97,50,5176.7,0,0.106,2,"SMP","Sewa","ya"
832,56,10498.57,21.9,0.509,4,"S1","Sewa","ya"
963,44,5229.84,11.7,0.552,2,"SMA","Keluarga","ya"
291,25,14963.95,7,0.171,2,"D3","Sewa","tidak"
95,24,17188.08,6,0.196,7,"SMA","Keluarga","tidak"
738,60,4922.22,10.3,0.624,2,"S1","Sewa","ya"
511,55,3751.81,5.3,0.159,5,"D3","Milik","ya"
604,29,3003,6.4,0.16,3,"SMA","Sewa","ya"
524,60,13293.42,0,0.133,3,"SMA","Sewa","tidak"
264,49,5230.42,9.2,0.109,4,"SMA","Sewa","tidak"
123,59,14958.64,4.2,0.202,1,"D3","Milik","ya"
263,55,8101.27,2.5,0.558,1,"S1","Milik","ya"
78,49,4608.45,5.9,0.231,1,"SMA","Sewa","ya"
588,47,5807.53,16.6,0.046,5,"SMA","Milik","ya"
608,43,9214.8,6.4,0.377,3,"S1","Sewa","tidak"
53,24,24672.78,6,0.01,1,"SMA","Keluarga","tidak"
478,40,10843.59,22,0.186,0,"SMP","Milik","tidak"
995,43,4033.34,0.1,0.48,1,"SMA","Keluarga","ya"
352,43,7000.46,7,0.27,5,"SMA","Milik","ya"
347,49,4949.55,10.3,0.01,4,"SMA","Sewa","tidak"
222,36,5268.21,5.9,0.492,1,"SMA","Keluarga","tidak"
92,58,13069.98,20.5,0.078,3,"SMP","Keluarga","ya"
147,26,7233.92,8,0.275,5,"SMP","Milik","ya"
673,51,15423.75,5.2,0.352,1,"SMP","Sewa","tidak"
241,33,10161.62,7.4,0.08,2,"S1","Milik","tidak"
650,53,9228.84,3.4,0.176,4,"SMA","Milik","tidak"
856,57,20574.99,7.6,0.275,2,"S1","Milik","tidak"
913,59,6896.76,18.6,0.23,3,"S1","Milik","tidak"
354,54,10605.05,4.3,0.342,1,"SMA","Keluarga","tidak"
68,32,49673.14,14,0.298,1,"SMA","Sewa","tidak"
184,55,7534.49,9.2,0.073,1,"S1","Sewa","tidak"
507,33,22002.61,0,0.098,2,"SMP","Milik","tidak"
245,58,4073.46,5.5,0.215,1,"D3","Keluarga","tidak"
130,43,10327.91,0,0.33,2,"SMA","Sewa","ya"
50,41,6845.68,23,0.533,1,"SMA","Sewa","tidak"
846,49,4203.49,12.8,0.542,1,"SMP","Milik","ya"
410,48,6605.74,12,0.297,7,"D3","Milik","tidak"
632,61,28786.39,11.1,0.011,3,"SMA","Keluarga","tidak"
837,40,8175.41,12.7,0.427,4,"S1","Milik","tidak"
573,30,6784.85,9,0.467,2,"S1","Keluarga","tidak"
951,63,15241.47,8.2,0.242,1,"SMA","Milik","tidak"
974,29,6359.36,4.8,0.343,2,"SMA","Sewa","tidak"
971,51,10127.61,9.8,0.179,3,"S1","Milik","tidak"
517,55,10353.36,10.3,0.29,1,"SMA","Milik","tidak"
273,49,7298.83,4.3,0.348,3,"D3","Milik","tidak"
733,36,7456.63,12,0.426,2,"SMP","Milik","ya"
594,54,20694.21,1.7,0.379,1,"SMA","Milik","tidak"
306,39,8306.72,12.7,0.352,1,"D3","Keluarga","ya"
125,52,26703.12,10.5,0.109,1,"D3","Sewa","tidak"
292,53,8130.71,17.4,0.503,1,"S1","Sewa","tidak"
328,59,7950.88,11,0.01,0,"S1","Milik","tidak"
703,33,6627.87,14.7,0.168,2,"SMP","Milik","tidak"
623,58,2125.95,21.1,0.474,1,"S1","Keluarga","tidak"
418,31,3481.42,13,0.192,0,"SMP","Milik","tidak"
253,45,8577.35,17,0.241,1,"S1","Milik","tidak"
565,39,6218.89,8.6,0.655,2,"SMA","Milik","tidak"
930,48,19651.48,7.2,0.442,3,"SMP","Sewa","ya"
741,36,10640.16,9,0.09,0,"SMA","Milik","tidak"
946,45,7000.97,4.5,0.226,4,"D3","Sewa","ya"
697,32,15095.3,12.2,0.165,2,"SMP","Sewa","tidak"
219,25,6270.09,7,0.314,3,"S1","Milik","tidak"
193,57,9792.4,4,0.096,2,"S1","Milik","tidak"
841,24,12407.8,6,0.256,2,"SMP","Milik","tidak"
272,35,9189.39,13.8,0.514,0,"S1","Sewa","ya"
399,35,8020.01,6.9,0.4,2,"SMA","Milik","ya"
231,44,7861.09,3.7,0.376,5,"SMA","Sewa","ya"
749,34,7447.46,11.8,0.217,4,"D3","Sewa","tidak"
858,45,18733.46,1.5,0.253,3,"SMA","Keluarga","tidak"
103,64,9062.92,19.7,0.36,2,"SMA","Sewa","tidak"
386,22,5683.98,4,0.094,1,"D3","Sewa","tidak"
494,23,6902.16,3.9,0.01,5,"S1","Milik","tidak"
674,49,5409.7,7.8,0.248,5,"SMA","Milik","ya"
266,60,11190.01,16.2,0.246,1,"SMA","Sewa","tidak"
828,62,7778.54,9,0.42,5,"SMP","Sewa","ya"
49,23,10383.07,5,0.216,2,"SMA","Sewa","ya"
983,43,10497.12,15.2,0.186,0,"SMA","Milik","ya"
310,54,1960.51,17.5,0.376,3,"SMA","Milik","ya"
449,31,5786.61,8.1,0.194,2,"SMP","Milik","tidak"
121,33,26428.01,14.6,0.534,1,"SMA","Keluarga","ya"
715,61,9942.38,10.7,0.144,1,"SMA","Milik","tidak"
620,28,8384.24,10,0.426,2,"SMA","Sewa","tidak"
307,48,11697.51,13.2,0.01,3,"SMP","Sewa","tidak"
656,31,11916.85,13,0.526,2,"S1","Sewa","tidak"
532,58,4649.58,12.5,0.28,0,"SMP","Sewa","tidak"
952,62,9034.07,8.3,0.01,1,"SMA","Keluarga","tidak"
484,47,12955.45,13.4,0.081,5,"S1","Sewa","tidak"
64,61,10112.88,12.3,0.275,1,"S1","Keluarga","tidak"
555,53,7954.67,13.8,0.562,0,"SMA","Milik","tidak"
671,45,8062.03,8.9,0.209,0,"D3","Milik","tidak"
27,62,5343.73,13.1,0.275,1,"SMA","Sewa","tidak"
711,43,7651.47,8.8,0.431,2,"D3","Keluarga","tidak"
373,54,10997.03,12.5,0.293,3,"SMA","Keluarga","tidak"
799,27,6434.62,5,0.258,1,"D3","Sewa","tidak"
928,49,9130.3,24.3,0.289,4,"SMA","Sewa","tidak"
110,25,10179.4,7,0.247,4,"SMA","Milik","ya"
787,32,14478.13,10.3,0.327,1,"SMA","Sewa","tidak"
319,30,4032.52,2.3,0.363,2,"D3","Sewa","tidak"
825,53,9601.22,10.4,0.055,2,"S1","Keluarga","tidak"
758,61,14860.93,12.5,0.248,2,"D3","Milik","tidak"
743,36,10597.64,12.9,0.172,4,"SMP","Keluarga","tidak"
547,44,3541.59,10.4,0.376,4,"SMA","Milik","ya"
199,64,8583.4,10.1,0.286,5,"S1","Sewa","tidak"
120,51,17071.19,13.9,0.099,3,"S1","Milik","tidak"
83,49,5474.45,17.1,0.356,3,"SMA","Milik","ya"
202,31,9708.56,6.5,0.01,4,"SMA","Milik","ya"
156,30,6269.86,9.6,0.435,2,"SMP","Milik","ya"
493,44,15181.51,4,0.059,2,"SMP","Milik","ya"
9,63,16085.65,7.7,0.562,2,"SMP","Keluarga","tidak"
154,55,10438.58,2.8,0.208,5,"SMP","Milik","ya"
289,35,11553.83,6.4,0.234,1,"SMA","Milik","tidak"
91,22,8491.18,4,0.115,1,"D3","Milik","tidak"
424,23,26759.64,5,0.027,0,"S1","Sewa","tidak"
534,51,15008.56,7.5,0.333,1,"SMA","Sewa","ya"
751,28,4640.03,10,0.07,4,"S1","Keluarga","tidak"
192,56,4528.67,12.6,0.408,1,"SMA","Milik","ya"
720,44,8944.11,25.7,0.01,2,"SMA","Milik","tidak"
186,22,7607.7,2.2,0.192,3,"SMP","Milik","tidak"
851,36,10157.66,8.9,0.381,4,"SMA","Keluarga","tidak"
843,39,7293.67,12.7,0.266,3,"SMA","Milik","tidak"
271,51,6815.02,5.5,0.392,5,"SMA","Milik","ya"
229,28,14605.19,10,0.324,5,"D3","Keluarga","ya"
969,39,14236.19,4.2,0.296,2,"SMA","Milik","tidak"
510,25,12784.38,7,0.571,3,"SMP","Milik","tidak"
249,22,8880.63,4,0.141,3,"SMA","Milik","ya"
170,41,13679.41,11,0.279,2,"D3","Sewa","tidak"
374,38,4125.93,11.5,0.173,1,"SMA","Sewa","ya"
861,54,4554.94,10.4,0.17,3,"D3","Milik","ya"
670,63,16196.71,4.3,0.25,3,"S1","Milik","tidak"
141,43,7197.86,0,0.153,3,"SMA","Sewa","tidak"
99,35,10389.63,13.4,0.407,1,"S1","Milik","tidak"
106,50,22450.84,4.3,0.423,0,"D3","Sewa","ya"
939,33,7327.19,0,0.358,1,"SMP","Sewa","tidak"
874,31,5340.96,9.7,0.01,3,"S1","Sewa","tidak"
412,41,2044.99,3.5,0.224,2,"S1","Sewa","tidak"
578,33,8199.52,11.1,0.351,2,"SMA","Sewa","ya"
243,63,8204.97,8.6,0.265,1,"SMP","Sewa","ya"
128,38,14516.76,11.7,0.504,2,"SMA","Sewa","tidak"
325,29,6903.01,11,0.231,2,"SMA","Keluarga","tidak"
62,23,7746.34,4,0.271,3,"SMA","Sewa","ya"
628,55,8411.85,15.8,0.332,2,"SMA","Milik","tidak"
335,40,10680.35,10.1,0.361,2,"SMP","Sewa","tidak"
734,33,12354.47,6.6,0.354,3,"SMP","Sewa","ya"
539,34,6382.69,6.4,0.215,1,"S1","Sewa","tidak"
247,37,10372.55,7.3,0.507,3,"SMA","Keluarga","tidak"
561,37,10733.08,6.6,0.358,5,"SMA","Sewa","tidak"
778,37,9330.11,1.8,0.348,0,"D3","Milik","tidak"
371,55,18219.34,6.9,0.143,1,"SMA","Milik","tidak"
195,55,3700.21,14.3,0.149,0,"SMA","Milik","tidak"
968,37,12246.3,8.6,0.195,1,"D3","Milik","ya"
3,53,16638.27,5.7,0.196,4,"D3","Keluarga","tidak"
426,35,4831.59,14.2,0.424,2,"D3","Sewa","ya"
752,59,9677.51,4.7,0.426,3,"SMP","Sewa","ya"
626,41,5529.96,6,0.412,1,"D3","Sewa","ya"
452,59,7525.57,12.7,0.28,3,"SMA","Sewa","tidak"
916,38,9159.37,7.4,0.188,2,"S1","Sewa","tidak"
809,64,8282.4,11.6,0.059,1,"S1","Milik","tidak"
665,33,23964.41,3,0.101,3,"S1","Keluarga","tidak"
693,44,8598.29,6.5,0.523,1,"SMA","Milik","ya"
75,34,4573.27,16,0.173,3,"SMP","Keluarga","ya"
701,21,6169.91,3,0.152,1,"SMA","Sewa","tidak"
372,30,7669.63,12,0.209,1,"D3","Milik","tidak"
425,34,7190.21,3.7,0.151,2,"D3","Sewa","ya"
722,49,12291.75,4.2,0.172,2,"S1","Milik","tidak"
54,31,6386.66,10.5,0.563,4,"S1","Milik","tidak"
900,46,11836.55,17.1,0.186,0,"S1","Keluarga","tidak"
101,38,7647.5,4.9,0.223,4,"S1","Sewa","tidak"
884,22,5069.21,4,0.284,2,"SMA","Sewa","ya"
993,60,8701.79,16.7,0.594,2,"SMA","Sewa","ya"
976,44,6566.93,14.5,0.235,2,"D3","Sewa","tidak"
691,34,9061.9,9.6,0.335,1,"S1","Keluarga","ya"
467,52,20316.75,10.2,0.346,4,"SMA","Milik","ya"
63,30,8587.74,12,0.25,3,"SMA","Keluarga","tidak"
513,41,8320.76,23,0.01,3,"SMA","Milik","tidak"
679,51,4319.04,11.6,0.503,2,"SMA","Milik","tidak"
745,52,10056.5,14.6,0.269,2,"SMA","Milik","tidak"
780,54,8228.08,12,0.365,0,"SMA","Milik","tidak"
333,58,18833.12,14.5,0.188,1,"D3","Keluarga","tidak"
812,39,3399.56,15.1,0.385,1,"S1","Keluarga","ya"
891,59,5925.19,11.8,0.427,4,"SMA","Sewa","ya"
728,50,6902.32,13.7,0.521,1,"S1","Milik","tidak"
989,22,9312.99,4,0.16,2,"S1","Keluarga","tidak"
161,51,6605.77,20.5,0.333,1,"S1","Milik","tidak"
210,40,9930.21,19,0.264,0,"S1","Milik","tidak"
646,49,31002.75,0,0.238,4,"D3","Milik","tidak"
107,29,7418.01,6.8,0.157,1,"SMA","Milik","tidak"
633,34,9457.76,16,0.386,3,"S1","Milik","ya"
654,44,6212.13,16.8,0.361,4,"SMA","Sewa","ya"
727,55,15468.9,0,0.584,2,"SMA","Milik","ya"
203,38,4860.13,13.2,0.01,1,"SMA","Milik","tidak"
60,22,7272.37,4,0.596,5,"S1","Milik","ya"
201,36,10277.83,18,0.209,0,"SMP","Sewa","ya"
94,53,13834.41,6.9,0.468,5,"SMA","Keluarga","tidak"
483,60,10214.58,8.2,0.323,2,"D3","Sewa","tidak"
934,50,12422.8,21.9,0.378,2,"S1","Milik","tidak"
707,23,4472.37,5,0.335,1,"S1","Keluarga","ya"
250,64,6745.56,7.2,0.487,2,"SMA","Sewa","ya"
301,56,8599.47,3.3,0.201,5,"SMP","Keluarga","tidak"
421,48,15227.87,4.5,0.41,4,"SMA","Milik","tidak"
21,44,8932.49,1.8,0.076,3,"SMP","Keluarga","tidak"
208,45,7952.1,14.1,0.17,8,"D3","Milik","tidak"
489,40,9360.37,7.6,0.382,2,"S1","Sewa","tidak"
100,60,5224.99,18.2,0.348,0,"SMA","Milik","tidak"
629,59,4423.88,8.1,0.264,0,"S1","Milik","tidak"
242,55,11153.74,11.3,0.281,1,"S1","Milik","tidak"
817,46,5716.95,5.9,0.328,2,"D3","Milik","tidak"
176,43,10400.27,14.2,0.432,1,"S1","Keluarga","tidak"
742,53,4758.29,22.1,0.03,2,"SMA","Keluarga","tidak"
975,43,6237.23,12.9,0.333,5,"D3","Sewa","tidak"
577,48,9274.62,16.6,0.062,4,"S1","Milik","tidak"
459,45,5094.07,10.7,0.506,4,"D3","Keluarga","tidak"
214,53,8295.83,11,0.429,5,"SMA","Keluarga","ya"
642,27,10098.11,5.4,0.253,2,"S1","Sewa","tidak"
889,36,20082.78,4.3,0.476,2,"SMA","Milik","ya"
25,60,6465.32,0,0.228,1,"SMA","Milik","tidak"
455,60,11264.69,4.5,0.01,2,"S1","Milik","tidak"
519,34,12799.62,15.3,0.083,1,"D3","Milik","tidak"
251,61,28888.42,14.7,0.286,3,"SMA","Milik","tidak"
47,38,21813.02,12.4,0.161,3,"D3","Sewa","tidak"
771,52,14117.47,12.2,0.336,1,"SMP","Sewa","ya"
590,54,17504.03,11.6,0.565,3,"S1","Milik","ya"
488,29,7557.77,5.2,0.252,5,"SMA","Sewa","ya"
925,36,15307.11,6.7,0.308,0,"SMA","Milik","ya"
570,24,6601.17,6,0.441,0,"SMP","Sewa","ya"
777,41,12491.28,8.8,0.575,2,"SMA","Sewa","ya"
302,50,9542.24,12.6,0.01,3,"D3","Sewa","tidak"
152,62,6979.1,7.4,0.425,3,"S1","Milik","tidak"
153,47,11036.95,0.7,0.184,1,"SMA","Milik","tidak"
86,33,13808.02,15,0.296,2,"D3","Milik","tidak"
7,44,12346.17,10.3,0.01,2,"SMA","Keluarga","tidak"
833,39,5170.32,9.1,0.197,3,"SMA","Sewa","ya"
321,41,4052.5,13.9,0.487,2,"SMP","Milik","tidak"
224,62,8089.05,25.8,0.409,1,"SMA","Milik","tidak"
466,34,4890.7,11.2,0.146,4,"SMA","Keluarga","tidak"
396,37,9045.86,19,0.326,1,"S1","Milik","tidak"
554,56,8917.26,17,0.243,5,"D3","Sewa","tidak"
696,34,7006.53,7.4,0.052,6,"SMP","Keluarga","tidak"
908,47,3884.52,15.5,0.194,3,"SMA","Sewa","ya"
223,47,7174.89,12.1,0.503,3,"S1","Milik","tidak"
90,65,7254.91,16.9,0.226,2,"SMP","Keluarga","tidak"
29,53,3922.53,15.7,0.124,2,"SMP","Keluarga","ya"
234,56,12128.62,8.3,0.401,2,"SMA","Milik","tidak"
651,32,8281.24,0.5,0.29,4,"SMA","Sewa","tidak"
132,54,9253.46,14,0.181,1,"SMA","Sewa","tidak"
55,41,12134.99,12.8,0.32,2,"S1","Keluarga","tidak"
87,33,16081.01,7.1,0.01,2,"SMA","Sewa","ya"
954,41,4678.39,15.1,0.399,3,"SMP","Milik","tidak"
552,40,28822.14,9.4,0.163,1,"SMP","Sewa","ya"
135,28,6425.66,10,0.411,5,"SMA","Milik","ya"
692,32,9412.23,12.1,0.554,0,"D3","Milik","ya"
416,43,11827.19,8.2,0.393,0,"SMA","Sewa","tidak"
444,24,7096.58,6,0.294,1,"S1","Milik","ya"
414,63,15787.74,0,0.082,3,"SMA","Sewa","ya"
530,28,7660.11,9.8,0.069,5,"SMA","Keluarga","tidak"
453,57,8108.41,16.9,0.281,0,"S1","Sewa","tidak"
725,38,30079.39,11.3,0.126,1,"D3","Milik","tidak"
627,31,9203.45,11.1,0.233,0,"SMA","Sewa","tidak"
621,28,11220.74,10,0.114,1,"SMA","Sewa","tidak"
84,49,3093.38,2,0.542,0,"S1","Milik","tidak"
501,55,9682.69,7.7,0.216,2,"S1","Milik","ya"
905,39,9069.48,8,0.33,2,"SMA","Sewa","tidak"
702,58,4226.53,8.5,0.326,1,"D3","Sewa","ya"
793,40,7966.22,17.5,0.319,1,"SMA","Milik","tidak"
148,32,5716.19,7.4,0.136,3,"SMA","Keluarga","tidak"
546,57,5705.08,9.7,0.326,4,"SMA","Milik","ya"
337,34,8668.87,5.4,0.397,2,"D3","Milik","tidak"
160,53,9415.61,0,0.163,4,"SMA","Keluarga","ya"
167,23,10135.31,5,0.709,1,"D3","Sewa","ya"
127,57,17624.13,15.3,0.265,1,"SMA","Milik","tidak"
364,26,6920.73,8,0.245,0,"D3","Milik","tidak"
359,51,9013.66,14.3,0.184,2,"S1","Milik","tidak"
362,23,10071.73,5,0.498,4,"SMA","Milik","tidak"
180,30,13386.67,8.1,0.702,0,"SMA","Keluarga","tidak"
624,37,5091.62,4.5,0.202,0,"S1","Sewa","tidak"
999,35,9210.02,7.9,0.181,1,"D3","Keluarga","tidak"
46,61,9718.05,0.7,0.224,2,"SMA","Milik","ya"
116,26,4707.38,0,0.097,5,"SMA","Sewa","ya"
159,35,4621.55,0,0.543,1,"SMA","Milik","ya"
72,53,16882.84,5.1,0.188,3,"S1","Milik","tidak"
56,57,13179.31,10.2,0.077,5,"SMA","Sewa","ya"
69,61,6586.44,3.7,0.109,2,"SMA","Keluarga","tidak"
823,38,10205.22,17.8,0.243,1,"SMA","Sewa","tidak"
260,23,8366.91,5,0.083,1,"D3","Milik","tidak"
440,38,6118.51,5.6,0.344,4,"S1","Milik","tidak"
402,44,13637.14,11.9,0.181,1,"S1","Sewa","ya"
437,47,6438.52,10.5,0.443,3,"D3","Keluarga","tidak"
528,52,9658.28,3.4,0.436,1,"S1","Milik","tidak"
344,23,12058.7,5,0.328,1,"SMA","Milik","tidak"
431,39,16072.01,11.3,0.348,3,"SMA","Milik","ya"
138,53,6453.82,18.5,0.333,4,"SMA","Milik","tidak"
945,30,17567.06,12,0.255,2,"D3","Sewa","ya"
464,24,25672.27,6,0.24,2,"SMP","Milik","ya"
979,28,9570.07,3.3,0.346,6,"SMA","Milik","tidak"
59,25,5884.6,6,0.204,0,"SMP","Milik","ya"
614,61,6108.87,8.9,0.243,2,"S1","Milik","tidak"
924,43,6826.59,0.6,0.237,1,"SMA","Keluarga","tidak"
88,39,11661.12,14.3,0.267,3,"S1","Milik","tidak"
18,48,17916.57,13.3,0.111,4,"SMA","Milik","tidak"
548,60,9107.94,11.1,0.331,1,"D3","Milik","tidak"
433,50,5867.96,0,0.402,1,"SMA","Milik","tidak"
377,32,6962.02,7.6,0.437,2,"SMA","Milik","tidak"
356,28,15994.49,10,0.037,1,"SMA","Keluarga","ya"
44,61,4353.35,6.7,0.162,3,"D3","Milik","tidak"
177,23,8856.2,5,0.499,3,"S1","Sewa","ya"
346,52,6650.65,11.9,0.592,4,"S1","Keluarga","tidak"
102,54,13872.67,19.1,0.202,2,"SMA","Keluarga","tidak"
366,43,10657.96,11.2,0.306,5,"SMA","Milik","tidak"
542,44,7788.45,8.4,0.183,1,"SMA","Milik","ya"
169,60,3658.37,13.7,0.01,1,"D3","Keluarga","ya"
567,33,10156.64,4.5,0.385,2,"SMA","Milik","tidak"
898,37,5014.59,0,0.165,1,"D3","Milik","tidak"
678,38,6924.14,10.5,0.368,0,"SMA","Sewa","tidak"
350,37,19373.33,5.3,0.503,1,"SMA","Sewa","ya"
336,24,21662.87,5.4,0.22,0,"SMA","Keluarga","tidak"
806,43,15425.37,20.8,0.506,4,"SMA","Sewa","ya"
469,64,9810.85,14.9,0.224,3,"SMP","Sewa","tidak"
324,41,6674.55,17.1,0.554,3,"SMA","Keluarga","tidak"
757,62,11464.7,22.1,0.425,3,"SMA","Sewa","tidak"
285,40,13666.35,3.9,0.319,2,"SMA","Milik","ya"
104,48,13940.5,10.8,0.372,2,"SMA","Sewa","ya"
173,40,4798.26,18.3,0.293,4,"SMA","Keluarga","ya"
461,52,5080.25,13.3,0.324,0,"D3","Keluarga","ya"
404,30,5802.89,7.5,0.282,2,"S1","Sewa","tidak"
949,29,10989.73,10.5,0.192,1,"SMP","Milik","tidak"
89,58,4493.53,2.5,0.536,5,"D3","Milik","ya"
943,48,13503.15,17.5,0.134,4,"S1","Keluarga","tidak"
108,30,4263.14,12,0.422,0,"SMA","Sewa","ya"
259,59,11075.24,6,0.597,1,"SMA","Keluarga","ya"
417,31,8558.02,13,0.067,2,"S1","Sewa","tidak"
611,44,9408.05,20.1,0.141,1,"SMA","Keluarga","tidak"
358,29,23436.74,0.6,0.124,2,"SMA","Milik","tidak"
305,49,8584.27,23.1,0.302,2,"D3","Milik","tidak"
568,63,8989.78,9.1,0.221,3,"SMA","Milik","tidak"
664,48,7591.48,20.7,0.429,2,"D3","Sewa","tidak"
294,52,13174.85,0,0.479,5,"SMA","Milik","ya"
93,47,18136.14,11,0.551,4,"SMA","Sewa","ya"
661,53,5427.66,11.9,0.234,2,"SMP","Sewa","tidak"
936,21,10280.19,3,0.286,0,"S1","Milik","ya"
616,22,3973.95,4,0.296,2,"SMP","Keluarga","ya"
341,43,19741.87,4.6,0.126,3,"D3","Keluarga","tidak"
456,36,11393.76,8.8,0.098,3,"D3","Milik","tidak"
258,51,19253.07,3.7,0.116,3,"SMP","Milik","ya"
957,60,7094.06,12.1,0.271,1,"S1","Sewa","tidak"
911,36,10402.13,9.6,0.248,1,"SMP","Sewa","tidak"
235,61,16527.44,10.5,0.315,0,"S1","Milik","tidak"
805,60,11910.47,15.9,0.261,1,"SMA","Sewa","tidak"
490,22,14032.82,4,0.122,0,"SMA","Milik","tidak"
278,63,17040.68,8.8,0.01,0,"SMA","Keluarga","tidak"
764,21,7739.85,3,0.131,3,"SMA","Sewa","tidak"
304,41,9621.3,9.3,0.401,2,"D3","Milik","ya"
589,25,9378.59,7,0.081,1,"S1","Milik","tidak"
65,60,7231.71,17.8,0.344,0,"SMA","Keluarga","tidak"
810,25,3237.63,7,0.214,1,"S1","Sewa","tidak"
953,54,6798.38,8.7,0.233,1,"S1","Sewa","tidak"
786,55,19087.72,23,0.39,1,"SMP","Keluarga","tidak"
756,49,28474.08,12.2,0.227,1,"S1","Milik","tidak"
737,51,5455.02,0,0.396,3,"SMA","Sewa","tidak"
803,44,6546.58,0.8,0.504,0,"SMP","Keluarga","ya"
74,63,3179.18,2.7,0.476,2,"SMP","Milik","ya"
506,50,10305.73,2.9,0.155,1,"SMP","Keluarga","tidak"
726,46,6965.97,12.5,0.329,1,"D3","Milik","ya"
393,43,4886.21,22.5,0.335,2,"SMP","Sewa","tidak"
958,37,7755.04,12.8,0.116,4,"SMP","Milik","ya"
237,62,5531.88,8.5,0.241,4,"S1","Milik","tidak"
31,63,14509.12,5.7,0.445,2,"SMP","Sewa","tidak"
189,43,11121.06,21,0.417,3,"S1","Milik","tidak"
950,55,9490.91,7,0.333,2,"S1","Milik","tidak"
140,36,14231.9,16.6,0.345,0,"SMA","Milik","ya"
332,54,11609.77,2.4,0.213,1,"SMA","Keluarga","ya"
987,51,2772.98,7.1,0.379,2,"SMA","Milik","tidak"
113,59,10362.1,0.8,0.356,7,"SMA","Milik","ya"
712,21,11579.26,3,0.324,2,"D3","Sewa","tidak"
569,39,10587.67,19,0.485,2,"SMP","Milik","tidak"
902,23,6661.5,5,0.221,3,"D3","Keluarga","tidak"
865,49,9605.38,15.5,0.166,3,"D3","Sewa","tidak"
408,45,8314.71,0,0.311,4,"SMP","Sewa","ya"
583,59,5019.09,8.7,0.21,2,"SMA","Sewa","tidak"
514,64,24065.03,10.6,0.124,2,"SMA","Milik","tidak"
41,22,4115.06,4,0.048,1,"D3","Sewa","tidak"
940,36,6419.79,14.9,0.276,1,"S1","Milik","tidak"
842,43,16286.67,3.4,0.496,1,"SMA","Sewa","tidak"
795,29,3981.58,11,0.384,1,"SMA","Sewa","tidak"
98,29,12657.87,11,0.399,4,"SMA","Sewa","ya"
731,39,7668.5,15.7,0.387,3,"SMA","Keluarga","tidak"
446,29,7542.5,11,0.112,1,"S1","Sewa","tidak"
970,61,3432.83,17.7,0.104,4,"D3","Keluarga","tidak"
313,31,6320.42,13,0.38,0,"S1","Milik","ya"
349,55,11067.24,13,0.248,1,"SMP","Milik","tidak"
139,49,7358.46,3.2,0.126,2,"S1","Milik","tidak"
582,57,16469.51,18,0.16,1,"SMA","Keluarga","tidak"
523,43,9303.16,22.9,0.213,2,"SMA","Sewa","tidak"
471,42,8948.54,13.9,0.543,3,"SMA","Keluarga","ya"
1000,27,8618.43,6.3,0.113,1,"D3","Sewa","tidak"
504,55,11071.78,12.8,0.351,4,"SMP","Sewa","tidak"
419,53,17132.37,7.5,0.269,4,"SMA","Milik","ya"
280,61,13789.21,12.3,0.572,1,"SMA","Milik","tidak"
645,51,13505.53,12.6,0.102,5,"SMA","Milik","ya"
312,65,19455.57,0,0.127,1,"SMP","Milik","ya"
700,51,7277.16,22.8,0.191,3,"SMP","Keluarga","tidak"
689,28,8771.64,10,0.021,2,"SMP","Sewa","tidak"
331,49,22859.03,15.3,0.236,4,"S1","Milik","ya"
481,38,7046.19,7.5,0.117,2,"S1","Sewa","tidak"
883,60,12955.91,5,0.185,0,"SMA","Sewa","ya"
406,41,10491.86,18.7,0.504,1,"SMA","Milik","tidak"
657,32,24944.37,0.7,0.309,2,"SMP","Milik","ya"
541,35,20013.27,17,0.463,2,"SMA","Milik","tidak"
37,33,10144.12,0,0.292,6,"S1","Keluarga","ya"
105,27,12155.9,9,0.177,3,"SMA","Keluarga","ya"
365,55,2020.25,3.6,0.322,0,"S1","Milik","ya"
351,38,8721.41,4.7,0.258,3,"D3","Milik","ya"
392,53,12684.02,4.9,0.399,2,"S1","Milik","tidak"
288,35,30797.79,12.5,0.176,3,"S1","Keluarga","tidak"
556,59,9601.42,20.4,0.347,1,"S1","Milik","tidak"
451,52,12314.62,12.7,0.159,3,"SMA","Milik","ya"
35,43,9385.7,19.1,0.379,3,"S1","Milik","ya"
24,28,4810.6,10,0.25,4,"SMA","Milik","ya"
892,53,9409.57,0,0.466,4,"SMA","Milik","ya"
526,35,12327.83,12.4,0.288,1,"SMA","Sewa","tidak"
827,59,10415.32,6.1,0.372,1,"SMP","Sewa","ya"
355,42,13001.85,18.7,0.488,2,"SMA","Keluarga","tidak"
360,32,8980.71,2.1,0.401,3,"D3","Milik","ya"
643,30,7200.56,5.6,0.323,3,"SMA","Milik","ya"
797,63,14944.97,9.8,0.121,0,"SMA","Sewa","tidak"
576,42,4719.96,17.8,0.365,1,"SMP","Milik","ya"
385,31,13123.85,9.2,0.091,1,"SMP","Keluarga","tidak"
182,50,9633.05,18.4,0.443,2,"SMA","Milik","ya"
763,23,2440.52,5,0.207,3,"S1","Keluarga","tidak"
218,40,6996.26,15.6,0.34,2,"SMA","Milik","tidak"
932,41,17176.57,0,0.159,3,"D3","Milik","tidak"
596,53,3190.63,9.5,0.32,4,"D3","Milik","ya"
815,47,18617.49,11.5,0.307,0,"SMP","Sewa","tidak"
261,26,18480.66,8,0.284,4,"D3","Milik","ya"
914,32,16272.23,12.2,0.231,2,"SMA","Milik","tidak"
637,61,8692.4,13.7,0.083,1,"SMA","Keluarga","tidak"
52,28,6803.76,10,0.693,1,"SMA","Sewa","ya"
980,36,4137.46,14,0.13,3,"S1","Sewa","tidak"
783,32,8655.85,4.6,0.395,2,"SMP","Sewa","tidak"
636,51,8042.59,0,0.167,4,"SMP","Keluarga","ya"
540,59,23393.56,5.7,0.107,0,"S1","Milik","tidak"
174,42,10259.95,0,0.52,1,"S1","Milik","tidak"
603,22,6899.27,0.8,0.227,1,"D3","Milik","tidak"
213,46,14844.06,11.9,0.277,3,"D3","Sewa","tidak"
785,22,13634.47,4,0.588,2,"SMA","Sewa","ya"
432,58,7042.36,3.9,0.41,0,"SMP","Milik","tidak"
183,25,11393.05,7,0.349,1,"D3","Sewa","tidak"
550,30,6594.09,6.1,0.225,0,"D3","Keluarga","tidak"
283,59,6400.85,17,0.262,0,"D3","Sewa","tidak"
840,35,5766.62,3.8,0.262,2,"D3","Sewa","tidak"
38,57,7371.26,14.6,0.241,2,"SMP","Milik","tidak"
750,35,5471.14,4.6,0.516,3,"SMA","Keluarga","ya"
71,30,13678.75,9.4,0.298,3,"SMP","Sewa","tidak"
681,26,12496.13,0.3,0.185,0,"SMA","Sewa","ya"
36,44,8487.25,5.1,0.439,1,"D3","Keluarga","tidak"
472,54,20346.26,22.6,0.319,1,"SMA","Milik","tidak"
476,53,11580.54,7.5,0.023,3,"D3","Sewa","ya"
209,23,12744.46,4.1,0.162,8,"D3","Sewa","ya"
821,51,7390.23,8.9,0.214,2,"SMA","Milik","ya"
531,50,18304.34,19.6,0.363,0,"D3","Sewa","tidak"
862,52,9561.94,14.9,0.182,2,"SMP","Sewa","tidak"
746,28,7116.69,10,0.296,4,"SMA","Keluarga","ya"
227,46,14028.25,26.4,0.144,4,"S1","Milik","ya"
145,28,6018.26,10,0.472,2,"SMA","Milik","tidak"
34,49,5258.78,16.1,0.283,3,"S1","Milik","ya"
527,44,17475.12,3.2,0.285,3,"SMA","Milik","tidak"
927,24,14824.16,6,0.143,2,"SMP","Keluarga","tidak"
776,63,15173.14,11.3,0.25,7,"D3","Keluarga","tidak"
207,64,12626.23,10.9,0.425,1,"SMA","Milik","tidak"
274,59,9963.56,21.5,0.178,2,"S1","Milik","tidak"
4,40,5598.72,13.8,0.227,3,"S1","Keluarga","tidak"
111,28,6888.55,10,0.258,2,"D3","Milik","tidak"
597,51,7963.4,13.9,0.01,3,"S1","Milik","tidak"
256,46,14552.77,6.3,0.304,2,"D3","Sewa","tidak"
836,25,8202.76,1.1,0.01,3,"SMP","Milik","tidak"
181,44,12637.75,12.9,0.546,2,"S1","Milik","ya"
19,37,12163.18,6.3,0.288,1,"S1","Milik","tidak"
460,24,7564.21,6,0.227,2,"SMA","Sewa","ya"
639,55,4632,13.2,0.265,3,"D3","Sewa","tidak"
521,32,8274.01,3.4,0.399,1,"SMA","Sewa","ya"
586,46,7513.78,8.5,0.271,3,"D3","Keluarga","tidak"
538,34,4049.67,4.5,0.33,1,"SMA","Sewa","ya"
197,48,7533.76,24.5,0.374,1,"D3","Sewa","tidak"
486,62,17047.57,17.7,0.208,1,"D3","Sewa","tidak"
497,25,6285.76,7,0.209,4,"D3","Keluarga","tidak"
238,33,6435.15,15,0.378,1,"SMA","Milik","tidak"
996,51,21548.48,16.3,0.331,3,"D3","Sewa","tidak"
66,59,9397.79,9.9,0.344,1,"D3","Keluarga","ya"
436,34,3958.88,8.8,0.573,1,"SMP","Milik","tidak"
429,29,4860.99,5.1,0.361,4,"S1","Milik","ya"
287,23,26195.75,5,0.04,1,"SMA","Keluarga","tidak"
61,62,15969.04,8.9,0.513,5,"S1","Milik","ya"
382,53,8255.68,12.8,0.01,2,"SMA","Sewa","tidak"
915,28,3379.53,10,0.322,2,"SMA","Sewa","ya"
57,43,3496.3,18.9,0.349,3,"D3","Sewa","ya"
26,32,4575.69,12.3,0.262,0,"SMP","Milik","ya"
622,31,4431.63,11,0.143,3,"SMP","Milik","tidak"
790,53,7648.64,21.5,0.283,1,"SMA","Milik","tidak"
808,48,16347.84,6.5,0.294,4,"SMP","Milik","tidak"
114,51,7115.78,0,0.257,2,"D3","Keluarga","tidak"
14,22,6048.6,4,0.24,3,"SMP","Milik","tidak"
944,59,4947.58,0.4,0.28,0,"S1","Milik","tidak"
560,64,4859.8,7.8,0.066,0,"D3","Sewa","tidak"
233,22,7284.5,4,0.507,1,"D3","Sewa","ya"
811,21,4770.39,3,0.416,1,"S1","Keluarga","tidak"
368,58,21329.3,12.4,0.227,0,"S1","Milik","tidak"
926,49,7799.62,13.7,0.215,5,"D3","Milik","tidak"
779,35,14654.35,17,0.29,3,"SMA","Milik","tidak"
315,39,6483.35,6.1,0.326,3,"SMP","Milik","ya"
826,40,9338.39,18.6,0.316,6,"SMA","Sewa","tidak"
164,26,5462.68,8,0.136,4,"D3","Milik","ya"
380,27,6013.64,9,0.416,2,"SMA","Milik","tidak"
687,49,7173.07,10.9,0.392,3,"SMA","Keluarga","tidak"
581,26,8191.81,6,0.285,2,"S1","Keluarga","tidak"
262,36,9871.76,17.1,0.309,1,"SMP","Sewa","tidak"
447,53,9767.33,8.5,0.292,2,"SMA","Milik","tidak"
695,62,13260.5,13.6,0.336,1,"SMA","Sewa","tidak"
96,47,6039.47,10.7,0.277,0,"S1","Milik","tidak"
864,27,14574.56,4.9,0.493,2,"SMA","Milik","ya"
136,36,11563.83,0,0.07,4,"S1","Milik","tidak"
296,61,4176.33,7.7,0.406,0,"SMA","Milik","tidak"
606,35,4662.5,12.3,0.382,3,"SMP","Milik","tidak"
480,52,19542.03,8.9,0.211,4,"D3","Sewa","tidak"
450,56,9837.3,5.1,0.165,1,"SMP","Milik","tidak"
850,27,7686.78,0.1,0.301,1,"SMA","Sewa","tidak"
122,62,10196.54,11.2,0.355,4,"SMA","Milik","tidak"
276,40,4645.71,11.5,0.452,4,"SMA","Sewa","ya"
937,61,7889.49,20.2,0.27,3,"S1","Keluarga","tidak"
699,29,12748.21,11,0.401,5,"SMA","Milik","ya"
824,57,6918.37,21.3,0.094,2,"D3","Milik","tidak"
76,22,6437.31,4,0.151,3,"SMA","Keluarga","tidak"
79,58,6091.94,7.7,0.211,1,"S1","Keluarga","tidak"
600,64,18285.93,13.2,0.262,1,"SMP","Keluarga","tidak"
648,52,11445.12,10.6,0.285,2,"D3","Milik","tidak"
168,62,4252.36,10.4,0.205,0,"SMA","Keluarga","tidak"
503,56,6391.14,1.6,0.356,1,"D3","Milik","tidak"
317,45,3281.77,8.5,0.489,2,"S1","Sewa","ya"
124,24,9089.14,0.1,0.194,2,"SMA","Milik","tidak"
585,24,10191.32,6,0.226,3,"SMA","Sewa","tidak"
893,49,7829.41,17.4,0.013,1,"SMP","Keluarga","tidak"
378,52,5123.62,0,0.242,3,"S1","Sewa","ya"
831,31,3708.6,5.9,0.39,1,"D3","Sewa","tidak"
735,28,6826.87,8.6,0.203,4,"SMP","Sewa","ya"
760,35,2786.95,2.5,0.086,0,"SMP","Milik","tidak"
479,53,14755.22,1.4,0.103,4,"SMP","Sewa","ya"
704,64,6333.57,23.6,0.394,1,"SMA","Milik","tidak"
520,57,2350.06,16,0.469,4,"SMA","Milik","ya"
658,31,15041.97,3.1,0.18,2,"S1","Sewa","tidak"
48,46,10655.91,12.4,0.427,2,"D3","Sewa","tidak"
822,26,2268.17,7.3,0.197,3,"SMA","Milik","ya"
216,42,7828.38,3.8,0.162,4,"D3","Milik","tidak"
81,40,5348.67,14.6,0.464,1,"SMA","Milik","ya"
598,59,17464.1,15.9,0.497,1,"SMA","Sewa","ya"
775,48,23251.67,3.7,0.273,3,"SMA","Keluarga","ya"
277,59,9675.41,26.4,0.098,2,"SMA","Sewa","tidak"
73,62,14768.54,3.4,0.323,0,"SMP","Milik","tidak"
921,50,18746.27,16.9,0.103,3,"SMP","Milik","ya"
721,56,7186.52,11,0.332,1,"SMA","Sewa","tidak"
973,41,11478.24,8,0.481,3,"SMA","Sewa","tidak"
10,47,7944.05,10.1,0.269,4,"D3","Milik","tidak"
887,57,6656.56,20.8,0.279,2,"SMA","Sewa","ya"
772,59,10823.55,19.8,0.013,3,"S1","Keluarga","tidak"
571,46,7866.04,11.1,0.212,3,"SMA","Milik","tidak"
619,59,14005.52,17.6,0.517,4,"SMA","Keluarga","ya"
442,62,7436.43,10.5,0.086,2,"S1","Sewa","tidak"
991,47,5413.6,17.7,0.35,2,"D3","Milik","tidak"
736,25,11571.07,7,0.172,1,"SMP","Sewa","tidak"
220,48,13932.48,22.2,0.147,2,"SMA","Milik","tidak"
518,42,4199.96,0,0.519,5,"SMA","Sewa","ya"
423,26,4514.75,8,0.01,2,"D3","Milik","ya"
672,59,9463.02,12.4,0.549,1,"D3","Sewa","ya"
714,22,9596.52,4,0.105,1,"SMA","Milik","tidak"
729,32,6715.08,14,0.08,2,"SMA","Milik","tidak"
77,43,18913.21,18.6,0.344,0,"SMA","Milik","tidak"
978,23,3949.03,5,0.319,3,"SMA","Sewa","ya"
17,53,4297.77,15.7,0.165,2,"S1","Milik","tidak"
917,52,7425.69,0,0.107,2,"S1","Keluarga","tidak"
367,48,9789.55,7.2,0.149,1,"SMA","Milik","tidak"
339,33,5087.46,15,0.468,1,"S1","Sewa","tidak"
67,45,15039.04,7.3,0.277,1,"SMA","Sewa","tidak"
791,35,7644.64,13.9,0.512,6,"SMA","Milik","ya"
766,36,5092.33,7.4,0.404,1,"SMA","Sewa","tidak"
438,55,5433.52,14.3,0.369,3,"S1","Milik","tidak"
281,37,5712.51,11,0.465,0,"SMA","Keluarga","ya"
660,64,10898.09,10.7,0.203,1,"SMA","Milik","tidak"
265,46,5329.15,15.3,0.406,4,"SMA","Sewa","ya"
330,44,9053.33,21.4,0.421,1,"SMA","Sewa","ya"
244,33,4730.66,8,0.196,3,"SMA","Milik","ya"
465,57,8991.51,2.6,0.637,2,"SMA","Milik","tidak"
997,52,9732.41,19.1,0.41,2,"S1","Keluarga","tidak"
747,22,16974.44,1.2,0.333,3,"SMA","Keluarga","tidak"
545,63,8525.77,13.3,0.359,1,"D3","Sewa","tidak"
615,45,13384.17,16.4,0.331,1,"SMA","Keluarga","ya"
986,30,3756.6,12,0.516,1,"SMA","Milik","ya"
499,23,10597.55,5,0.237,2,"D3","Milik","tidak"
1,47,8875.35,10.3,0.399,1,"SMA","Sewa","tidak"
361,23,17575.29,5,0.164,0,"SMA","Sewa","tidak"
225,47,4325.22,21.1,0.01,2,"SMA","Milik","ya"
473,62,13191,10.7,0.112,1,"D3","Keluarga","tidak"
342,34,7326.84,15.1,0.5,2,"SMA","Sewa","ya"
23,54,9128.19,5.6,0.461,1,"SMA","Sewa","ya"
15,53,8864.63,19.7,0.263,6,"S1","Milik","tidak"
172,53,10132.51,16,0.343,1,"D3","Keluarga","tidak"
179,22,6618.27,0,0.07,1,"D3","Milik","tidak"
796,34,10414.78,11.9,0.296,3,"S1","Milik","tidak"
28,39,10934.65,14.6,0.315,1,"D3","Milik","ya"
322,25,8003.39,7,0.175,5,"SMP","Keluarga","ya"
357,34,7365.31,11.3,0.33,2,"SMA","Milik","tidak"
789,50,24844.64,3.3,0.225,2,"S1","Sewa","tidak"
838,33,5058.4,10.3,0.277,3,"D3","Keluarga","tidak"
537,27,7875.6,9,0.192,3,"SMA","Keluarga","ya"
680,21,12066.93,3,0.318,2,"D3","Keluarga","tidak"
765,65,9774.7,4,0.456,1,"SMA","Milik","ya"
269,35,17221.44,8.2,0.388,2,"SMP","Keluarga","tidak"
770,44,11218.61,0,0.244,3,"SMA","Milik","ya"
959,53,12946.69,2,0.348,1,"SMA","Milik","tidak"
768,48,14492.37,0,0.228,3,"SMP","Sewa","ya"
311,38,4240.03,18.9,0.039,1,"SMP","Sewa","tidak"
370,24,8679.71,6,0.022,3,"SMA","Sewa","tidak"
607,43,12386.63,3.1,0.077,2,"S1","Sewa","tidak"
551,52,19942.67,14.4,0.372,0,"S1","Sewa","tidak"
187,48,3386.38,8.5,0.493,3,"SMA","Milik","tidak"
774,59,5489.55,11.5,0.286,2,"SMA","Milik","ya"
574,32,14765.35,14,0.186,4,"S1","Milik","ya"
910,48,14752.88,0,0.441,1,"S1","Keluarga","tidak"
2,26,6936.58,8,0.351,1,"SMA","Sewa","tidak"
468,44,3986.94,13.4,0.561,0,"D3","Keluarga","ya"
246,61,5516.01,0,0.378,1,"D3","Milik","ya"
798,62,18692.59,11.5,0.396,2,"SMA","Keluarga","ya"
617,37,2915.31,17.4,0.468,0,"SMP","Milik","ya"
854,55,7673.47,9.7,0.432,1,"S1","Milik","tidak"
439,29,11918.77,11,0.148,4,"S1","Milik","tidak"
919,53,8429.56,11.2,0.488,1,"SMA","Milik","tidak"
268,25,8824.87,7,0.276,0,"D3","Milik","tidak"
847,59,20226.1,15.3,0.471,1,"SMP","Sewa","tidak"
935,62,7435.53,10,0.394,4,"SMA","Sewa","ya"
938,49,10171.81,0,0.262,2,"SMA","Milik","ya"
820,24,7156.84,6,0.352,4,"SMA","Milik","tidak"
267,65,11590.54,5.6,0.273,0,"SMA","Sewa","tidak"
463,35,7389.15,7.5,0.479,3,"SMA","Keluarga","tidak"
51,49,10693.68,7.8,0.211,3,"S1","Milik","ya"
947,58,8502.54,12.6,0.412,2,"SMA","Milik","ya"
11,59,29594.68,10.2,0.01,2,"S1","Keluarga","tidak"
491,60,21113.99,13.8,0.179,3,"SMA","Milik","tidak"
117,57,6580,7.7,0.259,5,"SMP","Sewa","tidak"
870,44,6833.32,11.4,0.105,3,"SMP","Sewa","tidak"
228,55,4422.28,12.9,0.499,2,"SMA","Milik","tidak"
137,63,5249.88,16.3,0.205,5,"S1","Keluarga","tidak"
961,59,3364.11,7.1,0.037,0,"SMA","Sewa","ya"
931,38,12433.3,13,0.193,5,"S1","Milik","tidak"
593,49,5560.92,14.1,0.45,2,"D3","Sewa","ya"
599,43,8452.29,10.7,0.028,0,"SMA","Milik","tidak"
185,22,21844.93,4,0.215,1,"SMA","Milik","tidak"
834,25,12488.5,7,0.382,3,"SMA","Milik","tidak"
912,30,4705.49,12,0.097,0,"S1","Sewa","tidak"
688,59,5905.28,0,0.341,4,"SMA","Milik","ya"
303,65,3563.89,9.8,0.342,3,"S1","Sewa","tidak"
299,62,4900.09,8,0.352,0,"SMP","Sewa","tidak"
748,64,18907.82,12.5,0.497,1,"SMA","Keluarga","ya"
487,33,11321.46,13.7,0.24,4,"SMA","Sewa","tidak"
605,41,4513.74,13.8,0.238,0,"SMA","Milik","tidak"
878,59,12188.35,16,0.191,5,"S1","Sewa","tidak"
85,21,13011.14,3,0.501,2,"S1","Milik","tidak"
133,62,5203.06,0,0.194,4,"SMA","Sewa","tidak"
508,31,8359.12,10,0.417,3,"SMA","Keluarga","ya"
667,58,9500.46,9,0.339,1,"SMA","Sewa","tidak"
867,24,10665.15,6,0.318,1,"SMA","Milik","tidak"
230,33,13425.53,15,0.638,2,"SMA","Sewa","tidak"
338,23,11769.73,5,0.368,4,"D3","Milik","ya"
151,40,9205.41,0,0.225,3,"SMP","Sewa","ya"
709,57,33735.58,20.4,0.031,1,"S1","Sewa","tidak"
549,34,8686.19,13.9,0.279,1,"S1","Milik","tidak"
239,45,3785.59,9.7,0.634,1,"SMA","Milik","ya"
901,21,5632.46,3,0.022,2,"SMA","Milik","tidak"
389,62,7442.69,11.2,0.513,3,"SMA","Keluarga","tidak"
663,22,13871.89,4,0.412,3,"SMP","Milik","ya"
972,25,4400.28,6.9,0.126,3,"SMA","Milik","ya"
198,64,4557.54,11.8,0.362,0,"SMA","Sewa","tidak"
863,28,7803.15,3.2,0.735,6,"D3","Keluarga","ya"
677,33,12241.44,1,0.364,3,"SMA","Milik","ya"
70,54,13101.4,16.2,0.625,1,"S1","Sewa","ya"
236,51,7620.39,20.1,0.09,2,"S1","Sewa","tidak"
150,60,5768.65,16.1,0.27,2,"S1","Sewa","ya"
666,26,26989.88,1.1,0.254,2,"SMA","Keluarga","tidak"
562,40,11313.99,13.9,0.453,3,"S1","Milik","ya"
254,59,9429.31,4.1,0.236,3,"SMP","Milik","ya"
888,28,12013.93,10,0.508,0,"S1","Milik","ya"
906,28,6183.65,0,0.212,3,"SMA","Sewa","tidak"
988,64,10071.61,19.5,0.291,0,"SMA","Milik","ya"
781,38,11387.14,20,0.452,5,"D3","Sewa","tidak"
818,63,6267.12,12.1,0.532,1,"SMA","Milik","ya"
188,54,7907.94,20.3,0.286,3,"SMP","Milik","ya"
855,59,11943.18,5.7,0.06,6,"SMP","Milik","ya"
723,61,4112.82,9.6,0.174,2,"SMA","Sewa","tidak"
166,56,15977.26,16.6,0.361,1,"SMA","Keluarga","tidak"
39,33,8185.24,11.3,0.223,2,"D3","Keluarga","tidak"
816,26,6720.1,2,0.575,2,"SMA","Sewa","tidak"
564,55,6131.89,9.8,0.573,2,"S1","Sewa","tidak"
982,22,19787.61,4,0.128,3,"D3","Keluarga","ya"
163,23,7494.72,5,0.036,6,"D3","Milik","ya"
297,64,9197.58,16.3,0.184,2,"S1","Milik","tidak"
813,43,6658.66,21.6,0.247,3,"SMP","Milik","ya"
882,48,5677.23,12.5,0.051,3,"SMP","Milik","tidak"
773,26,12024.51,8,0.049,2,"S1","Keluarga","tidak"
807,30,8686.7,12,0.322,1,"SMA","Sewa","tidak"
698,27,9866.31,9,0.138,1,"SMA","Sewa","tidak"
279,62,6412.37,26.4,0.313,3,"D3","Milik","tidak"
566,51,14753.28,13,0.211,2,"SMA","Milik","tidak"
146,33,11715,13.2,0.363,0,"SMP","Milik","tidak"
282,37,11073.59,19,0.39,3,"SMP","Sewa","tidak"
454,35,11239.22,0,0.41,3,"D3","Milik","ya"
730,47,16578.81,14.2,0.165,3,"SMP","Milik","tidak"
326,51,13389.75,8.2,0.57,1,"D3","Milik","tidak"
529,32,6981.06,7.1,0.051,0,"SMA","Sewa","tidak"
575,25,10917.97,7,0.322,3,"SMP","Milik","ya"
196,35,9153.19,17,0.17,3,"SMA","Milik","tidak"
149,35,21764.82,14,0.219,3,"SMA","Keluarga","tidak"
859,50,4685.71,8.6,0.212,1,"SMA","Sewa","tidak"
960,27,10265.37,2.5,0.488,1,"SMA","Milik","ya"
205,34,6034.17,16,0.167,3,"SMA","Milik","tidak"
