"luas_lahan","dosis_pupuk","umur_petani","pengalaman","jarak_pasar","irigasi","pelatihan","akses_kredit","produktif"
1.64,93.3,25,23.1,40.7,"Teknis","Tidak","Ya","Ya"
1.22,391,61,29.4,44.5,"Tadah hujan","Tidak","Ya","Ya"
1.77,81.1,32,29.2,41.7,"Sederhana","Ya","Tidak","Tidak"
2.27,385.5,29,27.2,20.7,"Sederhana","Ya","Tidak","Ya"
1.44,228.7,29,7.5,43.8,"Teknis","Ya","Tidak","Tidak"
1.11,253.9,67,15.5,43.6,"Tadah hujan","Tidak","Ya","Tidak"
1.46,358.1,34,0.5,40,"Teknis","Tidak","Tidak","Tidak"
1.15,241.1,51,22,6.5,"Sederhana","Tidak","Ya","Tidak"
1.01,285.9,45,32.8,14,"Teknis","Tidak","Tidak","Tidak"
1.7,330.2,57,11.1,34.2,"Sederhana","Tidak","Ya","Ya"
0.98,179.5,54,31.1,27.9,"Tadah hujan","Tidak","Ya","Ya"
0.5,163.8,55,0.8,28.7,"Teknis","Tidak","Tidak","Tidak"
0.97,229.5,63,25.1,23.9,"Sederhana","Tidak","Tidak","Tidak"
1.76,274.2,37,37.5,20.9,"Teknis","Tidak","Tidak","Ya"
2.05,243.5,25,25,27.8,"Teknis","Tidak","Ya","Tidak"
1.09,345.6,32,33.5,30.5,"Teknis","Tidak","Tidak","Ya"
1.17,127.2,37,9.1,38.3,"Sederhana","Ya","Ya","Tidak"
1.48,292.2,65,1.5,36.4,"Teknis","Tidak","Ya","Tidak"
0.62,297.1,43,30.5,28.2,"Teknis","Ya","Ya","Ya"
4.04,209.5,40,5.7,9.5,"Teknis","Tidak","Tidak","Ya"
1.06,361.3,38,17,17.5,"Tadah hujan","Ya","Tidak","Ya"
1.73,136.9,42,14.5,5.6,"Sederhana","Tidak","Tidak","Tidak"
5,262.6,39,3.1,26.8,"Tadah hujan","Tidak","Ya","Ya"
1.68,252,27,32.3,10.3,"Sederhana","Tidak","Tidak","Tidak"
1.13,197.3,58,27.2,0.6,"Sederhana","Tidak","Ya","Ya"
0.63,188.3,54,30.3,13.5,"Tadah hujan","Tidak","Tidak","Tidak"
0.76,372.7,65,6.3,4.6,"Tadah hujan","Tidak","Tidak","Tidak"
1.23,198.2,20,6.8,8.5,"Tadah hujan","Ya","Ya","Tidak"
0.99,386.9,58,21,15.7,"Teknis","Tidak","Tidak","Ya"
1.72,137.2,38,16.9,2.8,"Teknis","Ya","Tidak","Tidak"
0.72,271.8,68,15.3,6.8,"Teknis","Ya","Tidak","Tidak"
2.98,236.9,61,11.9,29.1,"Sederhana","Tidak","Tidak","Ya"
0.64,270,49,20.3,29.8,"Tadah hujan","Tidak","Tidak","Tidak"
1.61,370.1,41,9.6,24.9,"Sederhana","Tidak","Tidak","Ya"
0.87,298.1,43,32.2,22.7,"Teknis","Ya","Ya","Ya"
0.64,123.9,63,29.8,12,"Teknis","Ya","Ya","Tidak"
1.38,51.2,65,14.6,42.3,"Sederhana","Ya","Tidak","Tidak"
0.57,200.4,67,9.6,41.7,"Teknis","Tidak","Ya","Tidak"
1.89,292,58,18.2,25.5,"Tadah hujan","Ya","Ya","Tidak"
1.95,261.8,34,16.2,7.2,"Teknis","Ya","Tidak","Ya"
2.27,72.1,41,33.9,23.9,"Teknis","Ya","Ya","Tidak"
2.49,252.1,50,10.7,29.5,"Tadah hujan","Ya","Tidak","Tidak"
0.88,327.5,67,1.9,21.4,"Teknis","Tidak","Tidak","Tidak"
1,242,68,39.6,12.5,"Sederhana","Tidak","Tidak","Tidak"
0.56,144.1,52,23.5,23.5,"Teknis","Ya","Tidak","Tidak"
2.11,175.3,31,6.1,8.2,"Sederhana","Tidak","Tidak","Tidak"
0.96,86.5,44,0.9,32.1,"Teknis","Ya","Tidak","Tidak"
1.28,223.3,53,31.8,22.5,"Teknis","Tidak","Tidak","Tidak"
1.86,189.7,31,17,15.9,"Teknis","Ya","Ya","Ya"
1.55,231.7,37,22.8,33.3,"Sederhana","Tidak","Tidak","Tidak"
1.44,374.2,30,21.2,23.1,"Sederhana","Tidak","Tidak","Tidak"
0.65,174.4,37,35.5,41.5,"Teknis","Tidak","Tidak","Tidak"
1.11,104.7,43,31.7,7.3,"Sederhana","Tidak","Tidak","Tidak"
2.07,113.4,62,10.8,37,"Tadah hujan","Tidak","Tidak","Tidak"
1.44,150.7,61,11.6,24.2,"Sederhana","Tidak","Ya","Tidak"
2.05,145.4,54,31.5,16.5,"Sederhana","Tidak","Tidak","Ya"
1.64,59.1,31,4.9,4.4,"Teknis","Ya","Tidak","Tidak"
0.79,163.5,68,19.3,19.6,"Sederhana","Ya","Tidak","Tidak"
0.85,317.4,59,30.3,19.2,"Sederhana","Tidak","Tidak","Tidak"
1.17,217,60,8.2,29.1,"Tadah hujan","Tidak","Tidak","Tidak"
1.62,165.5,47,27,11.3,"Tadah hujan","Tidak","Tidak","Tidak"
1.65,231.7,43,14.7,17.3,"Tadah hujan","Ya","Tidak","Ya"
1.53,139.9,30,8.8,7.9,"Sederhana","Tidak","Ya","Tidak"
2.38,224.9,60,18.9,38.2,"Sederhana","Tidak","Ya","Tidak"
0.68,96.2,42,35.9,12.3,"Sederhana","Tidak","Tidak","Tidak"
0.35,299.3,43,28.8,36.5,"Tadah hujan","Ya","Ya","Tidak"
0.76,288.4,30,36.7,8.1,"Tadah hujan","Ya","Tidak","Tidak"
0.98,145.3,68,11.2,27.3,"Teknis","Ya","Tidak","Tidak"
2.83,62.1,69,11.3,10.8,"Teknis","Tidak","Ya","Tidak"
0.98,205.1,63,23.3,35,"Teknis","Ya","Tidak","Tidak"
1.15,128.4,69,29.9,33,"Teknis","Tidak","Tidak","Tidak"
0.83,147.4,62,0.2,24.1,"Sederhana","Ya","Tidak","Tidak"
0.8,253.1,28,25.4,19.5,"Teknis","Tidak","Tidak","Ya"
0.38,299.6,50,21.5,39.5,"Teknis","Tidak","Tidak","Tidak"
0.92,162.5,41,10.3,19,"Sederhana","Ya","Tidak","Tidak"
1.98,300.4,65,3,15.5,"Teknis","Tidak","Tidak","Tidak"
0.91,326.9,67,14.2,2.6,"Tadah hujan","Tidak","Tidak","Tidak"
2.55,116.8,32,21.4,44.3,"Sederhana","Tidak","Tidak","Tidak"
0.83,319.9,66,21.8,37.7,"Tadah hujan","Tidak","Ya","Tidak"
0.86,382,42,31.4,12.4,"Sederhana","Tidak","Ya","Ya"
0.69,220.3,27,31.9,23.3,"Tadah hujan","Tidak","Tidak","Tidak"
2.5,390.5,38,37.3,11.6,"Sederhana","Ya","Tidak","Ya"
1.33,210.7,51,5.8,32,"Tadah hujan","Tidak","Tidak","Tidak"
0.71,134.5,49,23.5,30.5,"Sederhana","Ya","Ya","Tidak"
1.2,186.4,52,6.9,38.7,"Sederhana","Tidak","Tidak","Tidak"
1.19,351.3,42,34.4,39.2,"Sederhana","Tidak","Ya","Tidak"
2.3,89.9,53,26.8,39.8,"Teknis","Tidak","Tidak","Tidak"
0.73,162.2,39,17.7,24.8,"Sederhana","Tidak","Tidak","Tidak"
0.71,370.6,66,31.5,43.9,"Tadah hujan","Tidak","Tidak","Tidak"
1.99,143.7,67,3.1,8.9,"Teknis","Ya","Tidak","Tidak"
1.64,354.9,56,8,8.6,"Sederhana","Tidak","Tidak","Ya"
0.76,205,53,30.2,10.9,"Teknis","Tidak","Ya","Tidak"
2.83,94.5,44,2.2,5.2,"Sederhana","Tidak","Tidak","Tidak"
1.26,398.9,56,39.3,20.4,"Teknis","Ya","Tidak","Ya"
0.97,393.5,21,34.8,35.4,"Sederhana","Tidak","Tidak","Tidak"
0.71,323.4,47,20.2,0.8,"Sederhana","Tidak","Ya","Tidak"
0.48,266.7,58,14.5,3.5,"Sederhana","Ya","Ya","Tidak"
0.57,224.6,68,13,7,"Sederhana","Tidak","Tidak","Tidak"
0.8,204.1,69,20.7,31.4,"Teknis","Ya","Tidak","Ya"
1.34,72.8,35,22.5,27.2,"Sederhana","Ya","Tidak","Tidak"
1.69,86.2,21,16.3,5.6,"Tadah hujan","Tidak","Ya","Ya"
1.06,159.9,46,4,39.2,"Teknis","Tidak","Tidak","Tidak"
2.02,126.6,51,4.9,43.5,"Sederhana","Tidak","Ya","Tidak"
1.35,112.7,44,1.4,18.2,"Teknis","Ya","Ya","Ya"
0.62,285.1,58,29.8,29.8,"Sederhana","Tidak","Tidak","Tidak"
1.16,57.4,53,32.3,27.5,"Sederhana","Tidak","Tidak","Tidak"
0.64,179.9,62,3.6,26.1,"Sederhana","Tidak","Ya","Tidak"
2.54,59.4,43,20.8,2.2,"Tadah hujan","Ya","Tidak","Tidak"
1.42,109.4,50,10.8,4.6,"Teknis","Tidak","Tidak","Tidak"
2.21,266.4,23,1.7,3,"Tadah hujan","Ya","Tidak","Tidak"
0.66,319.1,46,3.5,5.7,"Tadah hujan","Tidak","Tidak","Tidak"
0.97,188.2,31,25.1,17.2,"Tadah hujan","Ya","Tidak","Tidak"
1.03,391.4,33,33,26.6,"Tadah hujan","Tidak","Tidak","Tidak"
0.46,305.6,56,31.1,34,"Tadah hujan","Ya","Tidak","Tidak"
1.12,379.8,33,7.2,21.6,"Teknis","Ya","Tidak","Tidak"
2.14,131.8,41,3.3,8.6,"Tadah hujan","Ya","Tidak","Tidak"
0.57,288.8,54,16.5,14.1,"Teknis","Tidak","Ya","Tidak"
1.17,59,69,38.9,33.6,"Sederhana","Ya","Ya","Tidak"
1.07,172.5,24,33.5,15.8,"Sederhana","Tidak","Tidak","Tidak"
1.01,286,49,36.4,16.9,"Sederhana","Tidak","Ya","Tidak"
0.87,215.6,31,7.7,19.8,"Teknis","Tidak","Tidak","Tidak"
0.78,86.3,27,34.5,16.6,"Teknis","Tidak","Tidak","Tidak"
0.97,272.4,49,26.2,4.3,"Sederhana","Ya","Tidak","Tidak"
0.6,60.6,48,20.3,1.1,"Teknis","Tidak","Tidak","Tidak"
1.36,199.5,59,7,41.3,"Tadah hujan","Tidak","Ya","Tidak"
1.17,312.9,41,8.9,8.5,"Sederhana","Ya","Tidak","Tidak"
0.6,121.7,26,32.4,17,"Teknis","Tidak","Tidak","Tidak"
1.17,205.3,20,8.7,29.4,"Sederhana","Ya","Tidak","Tidak"
0.5,74.7,67,34.8,21.5,"Teknis","Tidak","Tidak","Tidak"
1.12,225.3,50,4.5,6.7,"Tadah hujan","Ya","Ya","Tidak"
1.76,299.6,26,11.8,20.9,"Teknis","Tidak","Tidak","Ya"
1.17,367.9,25,32.2,23.5,"Sederhana","Ya","Tidak","Ya"
0.84,161,26,27.6,5.2,"Tadah hujan","Ya","Tidak","Tidak"
0.61,377.6,70,18.3,22.4,"Tadah hujan","Ya","Tidak","Tidak"
0.72,168.6,29,30.5,20.7,"Teknis","Tidak","Tidak","Tidak"
2.62,350.2,47,12.9,15.6,"Sederhana","Tidak","Tidak","Ya"
0.72,83.5,49,11.6,10.1,"Teknis","Ya","Ya","Tidak"
1.14,259.5,34,9,18.7,"Sederhana","Ya","Tidak","Tidak"
0.71,302.3,22,10.6,19.1,"Tadah hujan","Tidak","Ya","Tidak"
1.92,399.9,69,39,14.2,"Sederhana","Tidak","Ya","Ya"
0.85,354.3,20,39.2,23.3,"Teknis","Tidak","Ya","Ya"
0.46,334.1,45,25.2,42,"Tadah hujan","Tidak","Tidak","Tidak"
1.92,119.7,58,39,6.7,"Tadah hujan","Tidak","Ya","Ya"
1.65,171.6,24,17,14.1,"Teknis","Ya","Tidak","Ya"
1.02,385.9,62,30,13.3,"Sederhana","Tidak","Ya","Ya"
0.89,96,42,38,30,"Sederhana","Tidak","Ya","Tidak"
0.64,146.7,47,23.5,17.4,"Teknis","Ya","Ya","Tidak"
2,288.9,28,7.7,19,"Tadah hujan","Ya","Tidak","Ya"
1.52,165.5,45,28.9,25.5,"Teknis","Tidak","Ya","Tidak"
1.25,343.6,50,0.6,43.6,"Teknis","Ya","Tidak","Tidak"
0.94,183.7,40,21.9,30.5,"Sederhana","Ya","Tidak","Tidak"
1.11,152.5,67,31.3,19.1,"Teknis","Tidak","Ya","Tidak"
1.01,280,47,30.1,33.6,"Sederhana","Ya","Tidak","Tidak"
0.66,219.3,35,2.6,5.5,"Teknis","Ya","Tidak","Tidak"
1.07,380.8,69,24.6,5.9,"Tadah hujan","Tidak","Ya","Tidak"
2.06,144.2,24,1.4,27.6,"Sederhana","Ya","Tidak","Tidak"
1.68,209.2,47,30.6,18.7,"Sederhana","Tidak","Tidak","Tidak"
2.11,163.4,55,12.7,3.7,"Teknis","Tidak","Tidak","Ya"
1.63,200.3,32,37.7,39.4,"Sederhana","Tidak","Ya","Ya"
2.6,295.5,24,33.9,36.2,"Sederhana","Ya","Tidak","Ya"
1.38,77.5,34,14.3,25.3,"Tadah hujan","Ya","Tidak","Tidak"
3.11,356.6,34,4.6,26,"Sederhana","Tidak","Ya","Ya"
1.14,192.7,34,25,1.1,"Tadah hujan","Ya","Ya","Tidak"
1.14,365.4,46,38.9,15.2,"Sederhana","Ya","Ya","Ya"
0.78,137.4,22,0.4,2.3,"Tadah hujan","Tidak","Ya","Tidak"
0.51,103.9,36,20,31.2,"Sederhana","Ya","Ya","Tidak"
1.3,299.2,21,23.7,20.5,"Tadah hujan","Tidak","Tidak","Ya"
1.07,366,50,18.2,12.4,"Teknis","Ya","Ya","Ya"
0.51,338.8,22,11.9,25.4,"Tadah hujan","Ya","Ya","Ya"
1.84,140.2,36,37,11.7,"Teknis","Tidak","Tidak","Ya"
2.04,114.9,57,3.5,12.8,"Sederhana","Ya","Tidak","Ya"
1.98,279.4,38,1.8,10.3,"Sederhana","Ya","Ya","Tidak"
1.32,211.4,65,11.1,25.6,"Sederhana","Tidak","Ya","Tidak"
1.97,288.3,36,25.9,30.7,"Sederhana","Ya","Tidak","Ya"
3.7,141.6,34,15.9,35.3,"Sederhana","Tidak","Tidak","Tidak"
2.18,391.2,48,24.4,1.4,"Tadah hujan","Tidak","Tidak","Ya"
0.86,104.8,35,34,5.9,"Sederhana","Ya","Ya","Tidak"
1.88,324.6,56,2.6,37.4,"Teknis","Tidak","Tidak","Tidak"
0.49,328.4,68,24,8,"Teknis","Ya","Tidak","Ya"
0.72,95.5,26,6,2.7,"Sederhana","Tidak","Tidak","Tidak"
1.57,381.6,58,10.2,19.7,"Sederhana","Tidak","Ya","Ya"
1.87,178,32,39.9,12.4,"Teknis","Ya","Tidak","Ya"
2.47,187.5,58,30.1,14.6,"Teknis","Ya","Ya","Ya"
1.63,114.5,45,36.4,42.1,"Sederhana","Tidak","Tidak","Tidak"
0.56,337.5,30,29,3.5,"Sederhana","Ya","Ya","Ya"
0.7,247.4,55,28.8,16.2,"Sederhana","Ya","Ya","Tidak"
1.65,78.4,31,36.1,44.9,"Teknis","Tidak","Tidak","Tidak"
1.49,181.1,64,10.1,29,"Tadah hujan","Tidak","Tidak","Tidak"
1.83,372.6,63,5.1,36.9,"Teknis","Ya","Ya","Ya"
1.04,388.5,62,37.4,32.4,"Sederhana","Ya","Tidak","Ya"
1.48,255.9,31,25.9,22.4,"Teknis","Tidak","Tidak","Tidak"
1.68,71.7,63,24.7,10.7,"Teknis","Ya","Tidak","Tidak"
1.99,244.8,43,28.9,40.3,"Sederhana","Tidak","Tidak","Tidak"
1.38,387.8,39,2.6,36.5,"Sederhana","Ya","Tidak","Tidak"
1.41,142.4,36,21.5,30.9,"Sederhana","Ya","Tidak","Tidak"
1.5,270.8,28,28.6,19.3,"Teknis","Tidak","Ya","Ya"
2.23,279,39,10.7,22.1,"Teknis","Ya","Tidak","Ya"
2.38,80.8,25,20.7,22.3,"Teknis","Tidak","Ya","Tidak"
1.38,116.9,68,14.7,17,"Sederhana","Tidak","Tidak","Tidak"
1.24,214.7,29,19.1,3.6,"Tadah hujan","Tidak","Tidak","Tidak"
1.09,333.1,57,33.1,42.5,"Sederhana","Tidak","Tidak","Tidak"
0.29,158.9,31,24.4,30.4,"Sederhana","Ya","Tidak","Tidak"
0.84,56.6,62,11.6,28.2,"Sederhana","Ya","Tidak","Tidak"
1.15,159.8,30,27.8,36.3,"Sederhana","Tidak","Tidak","Tidak"
1.1,145.1,58,11.3,4.3,"Teknis","Tidak","Tidak","Tidak"
0.72,288.2,68,23.9,8.7,"Tadah hujan","Tidak","Tidak","Tidak"
0.48,77.1,59,29.5,14.9,"Sederhana","Ya","Tidak","Tidak"
2.22,298.6,23,14.2,39.2,"Teknis","Tidak","Ya","Ya"
0.66,131,36,24.9,4.1,"Tadah hujan","Ya","Ya","Tidak"
1.83,312.1,69,27.8,27.4,"Sederhana","Tidak","Tidak","Ya"
2.14,133,39,31.6,2.7,"Sederhana","Ya","Tidak","Tidak"
1.14,305.6,23,32.5,20.7,"Sederhana","Tidak","Tidak","Tidak"
2.15,124.3,26,9.2,15.7,"Sederhana","Tidak","Tidak","Tidak"
0.84,223.7,37,19.6,5.5,"Teknis","Ya","Ya","Ya"
1.42,270.8,63,1.4,37,"Teknis","Ya","Ya","Tidak"
2.2,363.5,63,24,3,"Tadah hujan","Tidak","Ya","Ya"
1.65,217.4,25,17.3,14,"Teknis","Tidak","Tidak","Ya"
1.6,189.1,33,23,5.3,"Tadah hujan","Tidak","Tidak","Tidak"
1.15,191.2,24,36.2,24.2,"Tadah hujan","Tidak","Tidak","Tidak"
1.9,386.2,24,12.3,32.7,"Teknis","Tidak","Tidak","Ya"
1.27,141.5,56,1.1,18.6,"Sederhana","Tidak","Tidak","Tidak"
0.99,67,20,14.1,26.1,"Sederhana","Tidak","Tidak","Tidak"
1.35,77,51,8.1,32.8,"Tadah hujan","Tidak","Ya","Tidak"
1.28,386,49,22.6,39.6,"Sederhana","Tidak","Tidak","Tidak"
0.97,115.3,57,38.4,40.3,"Sederhana","Tidak","Ya","Tidak"
1.31,317.2,31,33.7,18,"Tadah hujan","Tidak","Tidak","Ya"
0.78,225.7,67,0.2,29.6,"Tadah hujan","Tidak","Ya","Tidak"
1.4,119.8,49,0.5,31.4,"Sederhana","Tidak","Tidak","Tidak"
1.1,53.6,43,38.1,2.3,"Tadah hujan","Tidak","Tidak","Tidak"
1.03,328.6,39,4.2,24.6,"Sederhana","Tidak","Ya","Tidak"
1.61,203.9,59,21.6,37.6,"Sederhana","Ya","Ya","Tidak"
0.39,223.6,54,2.2,33.3,"Sederhana","Ya","Tidak","Tidak"
1.65,335.9,28,29.3,30.3,"Sederhana","Ya","Tidak","Ya"
0.86,283.7,33,37.5,12,"Tadah hujan","Tidak","Tidak","Ya"
0.7,313.6,21,25.4,37.2,"Teknis","Tidak","Tidak","Ya"
0.82,211.4,24,14.9,10.7,"Sederhana","Ya","Tidak","Tidak"
0.63,208.6,62,7.3,19.9,"Teknis","Ya","Tidak","Tidak"
1.69,165.9,45,38.4,12.4,"Sederhana","Ya","Tidak","Tidak"
1.39,61.9,37,2.9,29.6,"Tadah hujan","Tidak","Tidak","Tidak"
1.6,289.6,49,6.4,6.3,"Sederhana","Tidak","Ya","Ya"
1.27,241.8,26,15,16.1,"Teknis","Ya","Tidak","Ya"
0.98,167.5,32,26.5,19.5,"Sederhana","Tidak","Tidak","Tidak"
2.54,390.9,25,22.1,13.5,"Tadah hujan","Ya","Ya","Ya"
1.05,286.3,68,1.3,21.3,"Tadah hujan","Ya","Tidak","Tidak"
0.79,393.7,21,27.1,33.3,"Tadah hujan","Tidak","Tidak","Tidak"
0.97,275.9,68,33.4,22.9,"Tadah hujan","Tidak","Ya","Tidak"
1.82,155.7,48,23.7,12.4,"Sederhana","Tidak","Ya","Tidak"
1.51,225.6,30,30.5,40.6,"Sederhana","Tidak","Tidak","Tidak"
0.48,177.3,25,26.4,44.6,"Tadah hujan","Tidak","Tidak","Tidak"
3.08,309.6,38,33.2,0.6,"Teknis","Tidak","Ya","Ya"
1.69,81.6,28,3.2,9,"Sederhana","Tidak","Ya","Tidak"
1.62,62.6,43,18.7,6.8,"Sederhana","Ya","Tidak","Tidak"
1.57,284.1,40,23.5,44.7,"Tadah hujan","Ya","Tidak","Tidak"
1.87,137.8,57,34.2,35.1,"Teknis","Tidak","Ya","Ya"
0.94,83.7,57,26.3,22.9,"Tadah hujan","Tidak","Tidak","Tidak"
3.44,117,48,23,24.6,"Teknis","Tidak","Tidak","Tidak"
0.88,120.8,45,20,39.2,"Teknis","Ya","Tidak","Tidak"
1.51,223.5,60,7.1,25.8,"Tadah hujan","Tidak","Tidak","Tidak"
1.59,355.1,57,19.7,27.4,"Teknis","Tidak","Tidak","Ya"
2.68,93.8,58,22.7,20.6,"Tadah hujan","Tidak","Tidak","Tidak"
1.07,334.5,32,17,9.9,"Sederhana","Tidak","Ya","Ya"
1.29,158.7,24,32.4,29.3,"Sederhana","Tidak","Tidak","Tidak"
0.92,342.7,61,18,16.1,"Sederhana","Ya","Tidak","Tidak"
0.32,148,43,27,36.6,"Teknis","Tidak","Tidak","Tidak"
0.63,371.5,55,12.1,21.5,"Tadah hujan","Tidak","Tidak","Tidak"
4.17,191.9,42,2.2,3.9,"Sederhana","Tidak","Tidak","Tidak"
2.28,182.8,28,33,12.1,"Teknis","Ya","Tidak","Ya"
1.14,308.8,68,6.4,4.9,"Tadah hujan","Ya","Tidak","Ya"
1.99,108.1,49,7.4,3.7,"Tadah hujan","Tidak","Tidak","Tidak"
1.32,98.3,66,6.4,12.9,"Sederhana","Tidak","Ya","Tidak"
1,272.1,29,31,34.4,"Tadah hujan","Tidak","Tidak","Tidak"
1.27,206,46,4.2,8,"Tadah hujan","Tidak","Ya","Tidak"
0.91,246.2,63,36.8,41.3,"Tadah hujan","Tidak","Tidak","Tidak"
1.82,386.2,27,26.8,30.2,"Sederhana","Tidak","Tidak","Ya"
0.6,55.2,57,19.3,28.3,"Sederhana","Tidak","Ya","Tidak"
1,366.5,32,8.7,1.1,"Tadah hujan","Tidak","Tidak","Ya"
1.4,237,26,1.5,9.2,"Tadah hujan","Ya","Ya","Tidak"
1.87,107.3,49,28.5,24.8,"Teknis","Tidak","Tidak","Tidak"
2.07,223.7,46,37.5,41.9,"Teknis","Tidak","Ya","Ya"
0.76,227.3,26,1.2,8.5,"Teknis","Ya","Tidak","Tidak"
1.21,399.1,55,35.7,33.5,"Teknis","Tidak","Tidak","Ya"
0.88,184.4,65,36.7,3.6,"Sederhana","Tidak","Tidak","Tidak"
1.94,257.4,55,17.2,7.6,"Teknis","Ya","Ya","Ya"
0.72,134.8,34,16.8,21.5,"Sederhana","Tidak","Tidak","Tidak"
0.91,234.4,65,35.2,28.5,"Teknis","Ya","Tidak","Tidak"
2.39,353.1,51,31.7,35.8,"Sederhana","Tidak","Ya","Ya"
0.56,226.1,37,0,34.7,"Teknis","Tidak","Tidak","Tidak"
1.41,358.3,24,12.7,7.5,"Tadah hujan","Tidak","Tidak","Tidak"
1.16,315,58,17.9,10.1,"Tadah hujan","Ya","Tidak","Tidak"
0.64,146.8,59,18.6,35.3,"Tadah hujan","Tidak","Tidak","Tidak"
0.72,51.8,29,32,14.5,"Teknis","Ya","Tidak","Tidak"
0.97,296.9,48,24.3,40.2,"Tadah hujan","Tidak","Ya","Tidak"
2.18,227.1,55,12.9,31.1,"Tadah hujan","Ya","Tidak","Tidak"
1.34,273.2,29,17.5,33,"Sederhana","Tidak","Tidak","Tidak"
0.68,371.4,28,1.4,40.7,"Sederhana","Tidak","Ya","Tidak"
1.73,338.8,30,9.5,26.7,"Sederhana","Tidak","Tidak","Tidak"
1.69,303.7,41,10.6,9.8,"Tadah hujan","Ya","Tidak","Ya"
1.12,215,25,21.1,31.7,"Sederhana","Tidak","Ya","Tidak"
0.99,184.1,33,11.5,13.2,"Teknis","Ya","Tidak","Tidak"
2.52,124.4,36,19.6,4.6,"Teknis","Tidak","Tidak","Ya"
0.77,206.7,42,5.2,6.4,"Sederhana","Tidak","Ya","Tidak"
1.01,303.4,42,30.3,3.4,"Sederhana","Tidak","Tidak","Ya"
1.26,370.4,70,14.1,43.2,"Teknis","Ya","Tidak","Tidak"
0.72,75.2,49,35,23.1,"Teknis","Tidak","Ya","Tidak"
0.74,240.5,42,5.5,19.3,"Sederhana","Tidak","Tidak","Tidak"
1.12,302,54,33.7,25.3,"Sederhana","Tidak","Tidak","Ya"
2.52,254.7,47,36.4,25.9,"Tadah hujan","Tidak","Ya","Ya"
0.35,177.2,41,31.8,1.1,"Tadah hujan","Tidak","Tidak","Tidak"
0.79,236.3,30,36.3,40.5,"Sederhana","Tidak","Tidak","Tidak"
1.93,54.4,67,35.5,35.9,"Sederhana","Ya","Tidak","Tidak"
1.94,363.2,43,39.6,44.2,"Sederhana","Tidak","Tidak","Ya"
0.73,398.7,52,13.9,40.5,"Sederhana","Ya","Ya","Tidak"
1.53,289,46,1.6,0.9,"Tadah hujan","Tidak","Tidak","Tidak"
1.38,57.2,20,8.2,36.4,"Sederhana","Tidak","Tidak","Tidak"
0.57,102.6,52,39.4,21.8,"Teknis","Ya","Tidak","Tidak"
1.51,397.4,64,29,35.6,"Sederhana","Ya","Ya","Tidak"
2.14,322.7,25,15.1,28.8,"Sederhana","Ya","Ya","Ya"
0.68,205.4,34,13.3,22.9,"Tadah hujan","Tidak","Ya","Tidak"
0.85,88.1,54,0.7,32.2,"Sederhana","Tidak","Tidak","Tidak"
2.96,59.9,59,39.9,30.2,"Sederhana","Tidak","Ya","Tidak"
2.04,370.9,23,36,17.7,"Tadah hujan","Ya","Tidak","Ya"
1.61,155.7,55,5.4,31.4,"Tadah hujan","Tidak","Tidak","Tidak"
1.16,341.7,23,26.2,38.3,"Sederhana","Tidak","Tidak","Tidak"
0.93,232,44,7.7,5.2,"Teknis","Ya","Ya","Ya"
1.65,295.5,35,9.3,39.7,"Tadah hujan","Tidak","Ya","Ya"
1.17,293.4,43,37.6,16.5,"Teknis","Tidak","Tidak","Ya"
0.99,286.7,62,18.9,31.7,"Tadah hujan","Tidak","Tidak","Tidak"
1.51,338.9,26,4.7,26.4,"Sederhana","Tidak","Tidak","Tidak"
2.07,335.1,66,19.3,10,"Teknis","Tidak","Ya","Ya"
0.37,200.8,53,20.7,38,"Sederhana","Tidak","Tidak","Tidak"
0.38,317.4,24,4.4,4.3,"Tadah hujan","Tidak","Ya","Tidak"
0.94,143,61,39.7,13,"Teknis","Ya","Tidak","Ya"
1.56,226.5,51,28.1,3.9,"Teknis","Tidak","Tidak","Ya"
0.83,115,44,36.3,38.1,"Sederhana","Tidak","Tidak","Tidak"
2.72,312.4,58,6.5,1.5,"Teknis","Tidak","Tidak","Ya"
1.37,264.7,32,11.9,27.4,"Sederhana","Ya","Tidak","Tidak"
0.72,204.5,70,21.5,34,"Teknis","Ya","Tidak","Tidak"
1.35,55,57,16.1,11.8,"Tadah hujan","Ya","Tidak","Tidak"
1.29,180.2,25,17.9,2.4,"Teknis","Ya","Tidak","Ya"
0.73,212.2,37,17.2,27,"Sederhana","Tidak","Ya","Tidak"
1.46,116.5,35,26.9,15.5,"Sederhana","Ya","Tidak","Tidak"
3.21,275.3,69,5.7,34,"Teknis","Tidak","Tidak","Tidak"
1.13,273.3,57,8.5,32.6,"Sederhana","Tidak","Tidak","Tidak"
0.95,232.1,46,3.3,42.3,"Tadah hujan","Tidak","Tidak","Tidak"
1.21,215.2,30,25.2,29,"Teknis","Ya","Ya","Tidak"
1.38,87.6,56,22.5,4,"Sederhana","Tidak","Tidak","Tidak"
1.48,332.3,29,22.8,34.1,"Sederhana","Tidak","Tidak","Tidak"
0.8,296.2,25,10.9,4.3,"Teknis","Tidak","Ya","Tidak"
0.86,222.1,42,33.4,21.2,"Tadah hujan","Ya","Ya","Tidak"
1.7,355,70,20.6,15.3,"Teknis","Tidak","Ya","Ya"
1.6,367.8,29,3.8,35.6,"Sederhana","Tidak","Tidak","Tidak"
1.21,76.2,67,14.3,9,"Teknis","Ya","Ya","Tidak"
0.33,171.6,60,16.5,26.9,"Sederhana","Tidak","Tidak","Tidak"
1.89,331.8,34,0.1,24.3,"Tadah hujan","Ya","Ya","Ya"
1.14,65.2,34,9.4,27,"Tadah hujan","Tidak","Tidak","Tidak"
0.66,57.6,38,5.7,24,"Teknis","Tidak","Tidak","Tidak"
1.28,175.2,45,33.1,44.7,"Sederhana","Tidak","Tidak","Tidak"
1.31,147.3,34,15.4,31,"Tadah hujan","Tidak","Ya","Tidak"
4.95,395.4,62,0.1,28.8,"Sederhana","Tidak","Tidak","Tidak"
0.84,279.9,30,31.7,28.7,"Sederhana","Ya","Tidak","Tidak"
2.41,348,23,10.2,1.7,"Sederhana","Tidak","Tidak","Ya"
0.85,371,64,32.4,18.5,"Tadah hujan","Tidak","Tidak","Ya"
1.07,122.6,57,22.4,3.9,"Tadah hujan","Tidak","Tidak","Tidak"
0.89,222.1,56,0.8,35.7,"Sederhana","Ya","Tidak","Tidak"
0.95,88.4,28,30.4,37.4,"Sederhana","Tidak","Ya","Tidak"
1.54,149.1,61,34.4,23.1,"Teknis","Ya","Tidak","Tidak"
0.79,60.4,40,0.2,14.3,"Tadah hujan","Tidak","Ya","Tidak"
1.43,206.3,51,35.3,23.2,"Teknis","Ya","Tidak","Ya"
0.79,59,67,37.6,3.1,"Sederhana","Tidak","Tidak","Tidak"
1.5,96.5,60,5.9,10.2,"Tadah hujan","Tidak","Ya","Tidak"
1.33,51.9,49,10.2,7.8,"Teknis","Ya","Tidak","Tidak"
1.03,312.1,39,25.2,35.5,"Tadah hujan","Tidak","Tidak","Tidak"
1.17,346.6,61,10.7,28.2,"Tadah hujan","Tidak","Tidak","Tidak"
3.03,329.5,58,23.8,39.8,"Teknis","Tidak","Tidak","Ya"
2.06,337.2,28,25,17.1,"Teknis","Tidak","Tidak","Ya"
1.02,58.2,32,28.7,13,"Sederhana","Tidak","Ya","Tidak"
2.19,91.6,68,12,1.4,"Teknis","Tidak","Ya","Ya"
1.59,137,57,32.6,24.1,"Teknis","Ya","Tidak","Ya"
1.13,223.2,27,12.8,21.9,"Tadah hujan","Tidak","Tidak","Tidak"
1.03,237.9,47,35.8,23,"Teknis","Tidak","Tidak","Tidak"
0.51,214.9,33,4.3,22.1,"Sederhana","Tidak","Tidak","Tidak"
1.25,371,56,25.4,24.5,"Teknis","Tidak","Ya","Ya"
1.1,375.8,60,23.1,37,"Sederhana","Tidak","Ya","Tidak"
1.36,104.3,26,31.4,30.8,"Teknis","Tidak","Ya","Ya"
2.18,73.7,70,37.9,29.2,"Sederhana","Ya","Tidak","Tidak"
0.65,91.9,61,38.7,31.9,"Teknis","Ya","Tidak","Tidak"
2.78,111.3,52,20.5,15,"Teknis","Ya","Ya","Tidak"
0.48,262.5,49,33.3,30.5,"Teknis","Ya","Tidak","Tidak"
0.95,280,69,30.2,32.9,"Teknis","Ya","Tidak","Ya"
0.8,162.6,37,31.4,31.7,"Teknis","Tidak","Tidak","Tidak"
0.59,254.4,35,8.3,25.3,"Sederhana","Ya","Tidak","Tidak"
1.67,292.6,70,39.3,23.5,"Sederhana","Tidak","Tidak","Tidak"
1.25,65.8,20,29,38.1,"Tadah hujan","Tidak","Tidak","Tidak"
1.32,196.9,58,9.6,27.1,"Teknis","Tidak","Tidak","Tidak"
0.61,386.3,65,19.6,41.9,"Teknis","Tidak","Tidak","Tidak"
1.14,158.3,66,30.1,29.2,"Teknis","Tidak","Ya","Tidak"
1.12,104.2,63,32.7,28.1,"Sederhana","Tidak","Tidak","Tidak"
1.47,394.7,53,40,39.7,"Sederhana","Tidak","Tidak","Ya"
1.32,371.1,56,12.2,12.9,"Tadah hujan","Ya","Tidak","Tidak"
0.98,294.6,37,9,40.5,"Sederhana","Ya","Tidak","Tidak"
1.23,100.7,33,32.6,9.2,"Tadah hujan","Tidak","Tidak","Tidak"
0.8,158.8,52,25.7,17,"Tadah hujan","Ya","Tidak","Tidak"
0.81,60.7,65,24.9,31.6,"Sederhana","Tidak","Ya","Tidak"
1.6,143.6,26,2,9.5,"Teknis","Tidak","Ya","Ya"
2.93,105.5,26,34.4,36.1,"Teknis","Tidak","Tidak","Tidak"
1.85,189,29,32.3,39.4,"Sederhana","Ya","Tidak","Tidak"
1.26,253.1,21,9.3,7.3,"Tadah hujan","Ya","Tidak","Tidak"
1.43,291.7,69,9.8,20.3,"Teknis","Tidak","Ya","Ya"
2.34,261.7,32,7.3,8.5,"Sederhana","Ya","Ya","Ya"
0.89,341,67,23.7,18.2,"Tadah hujan","Ya","Ya","Ya"
1.43,176.9,23,30.8,25.6,"Tadah hujan","Tidak","Tidak","Tidak"
1.07,96.2,64,36.5,28.9,"Teknis","Ya","Ya","Tidak"
1.2,301.8,62,31,34.5,"Sederhana","Ya","Tidak","Tidak"
0.57,397.6,56,5.5,29.5,"Tadah hujan","Ya","Ya","Tidak"
0.7,278.3,29,14.4,26.4,"Tadah hujan","Ya","Tidak","Ya"
0.93,135.1,27,6.3,14.8,"Teknis","Ya","Ya","Tidak"
4.57,159.1,54,6.3,20,"Sederhana","Ya","Ya","Ya"
0.76,211.4,42,33.3,18.8,"Tadah hujan","Tidak","Tidak","Tidak"
1.38,309.6,56,26.6,40.2,"Sederhana","Tidak","Tidak","Ya"
1.37,355.3,52,12.4,24.9,"Sederhana","Tidak","Ya","Tidak"
1.69,251.4,33,19.9,41,"Sederhana","Tidak","Tidak","Ya"
0.78,263.9,22,16.4,8.8,"Teknis","Ya","Tidak","Ya"
1.11,50.8,63,24.5,31.1,"Sederhana","Ya","Ya","Tidak"
1.47,156.8,43,12.5,8.9,"Teknis","Ya","Tidak","Ya"
1.53,335.7,55,17.3,39.2,"Sederhana","Tidak","Tidak","Tidak"
1.45,183.6,54,9.1,40.9,"Sederhana","Tidak","Ya","Tidak"
0.8,388.4,54,35,10.9,"Teknis","Tidak","Ya","Ya"
0.91,304.6,31,29.7,13.5,"Sederhana","Ya","Ya","Ya"
1.4,372.2,36,15.8,37.2,"Teknis","Ya","Tidak","Ya"
1.36,177.6,20,34.1,12,"Sederhana","Tidak","Tidak","Tidak"
0.67,215.8,20,3.3,5.9,"Teknis","Ya","Ya","Tidak"
2.13,132.1,49,16.9,30.8,"Sederhana","Tidak","Tidak","Tidak"
1.03,184.9,43,22.2,37.7,"Tadah hujan","Tidak","Tidak","Tidak"
0.79,175.8,54,25.2,12.8,"Teknis","Tidak","Tidak","Tidak"
2.32,275.7,42,22.3,26.2,"Tadah hujan","Tidak","Tidak","Ya"
0.85,57.9,29,2.8,32.9,"Teknis","Ya","Tidak","Tidak"
0.64,116.6,29,35,31.7,"Teknis","Ya","Tidak","Tidak"
0.79,180.5,52,35.7,5.1,"Sederhana","Ya","Ya","Tidak"
0.53,112.4,48,8,44.9,"Teknis","Tidak","Ya","Tidak"
2.02,222.5,52,21.4,11.7,"Tadah hujan","Tidak","Tidak","Tidak"
1.61,391.5,22,37,18.3,"Sederhana","Ya","Tidak","Ya"
1.54,234,26,10.7,2.1,"Tadah hujan","Tidak","Tidak","Tidak"
1.21,297.9,43,32.7,6.3,"Sederhana","Ya","Ya","Ya"
2.4,229.3,67,29.6,25.6,"Sederhana","Ya","Tidak","Ya"
0.78,309.9,45,37.3,38.3,"Teknis","Tidak","Ya","Tidak"
0.93,394.3,34,37.2,37,"Teknis","Ya","Ya","Ya"
1.34,276.3,52,23.6,31.4,"Teknis","Tidak","Ya","Tidak"
1.52,355.3,33,29.6,21.3,"Teknis","Ya","Ya","Ya"
1.78,83.8,65,23.1,44.9,"Teknis","Tidak","Tidak","Tidak"
3.43,334.7,46,20.6,24,"Teknis","Tidak","Tidak","Ya"
0.8,89.1,30,14.1,36.7,"Sederhana","Tidak","Tidak","Tidak"
1.39,172.4,70,32.2,23.4,"Teknis","Ya","Tidak","Tidak"
0.71,379.9,24,20.2,25.2,"Tadah hujan","Tidak","Ya","Ya"
1.74,330.3,24,15.6,23.3,"Teknis","Ya","Tidak","Ya"
1.37,85.1,32,29.7,19.8,"Tadah hujan","Ya","Tidak","Tidak"
1.28,251.3,45,5.7,2.5,"Sederhana","Tidak","Ya","Tidak"
0.66,126.5,70,12,38.9,"Teknis","Ya","Tidak","Tidak"
1.19,243.3,33,5.5,37.2,"Tadah hujan","Tidak","Tidak","Tidak"
1,225.7,27,14.1,26.4,"Sederhana","Tidak","Tidak","Tidak"
1.81,125.3,38,15.2,4.3,"Tadah hujan","Ya","Tidak","Ya"
1.04,271.5,27,32.2,6.1,"Tadah hujan","Tidak","Ya","Tidak"
0.97,146.6,66,6,26.9,"Sederhana","Tidak","Tidak","Tidak"
0.63,350.6,21,13.5,31,"Sederhana","Tidak","Tidak","Tidak"
0.67,238.6,37,17.1,35.3,"Teknis","Ya","Tidak","Tidak"
1.74,277.8,38,6,5.1,"Sederhana","Tidak","Ya","Tidak"
4.12,391.3,67,31.4,22.8,"Tadah hujan","Tidak","Tidak","Ya"
1.17,126.9,25,39.9,1.8,"Teknis","Tidak","Tidak","Tidak"
2.37,376.2,37,36.3,36.2,"Sederhana","Ya","Ya","Ya"
1.44,219.8,69,1.6,18.9,"Tadah hujan","Tidak","Tidak","Tidak"
1.46,92.9,59,4.9,34,"Tadah hujan","Tidak","Tidak","Tidak"
2.31,139.6,29,15.4,3.5,"Teknis","Tidak","Ya","Ya"
0.32,226.7,45,24.9,44.8,"Sederhana","Tidak","Tidak","Tidak"
0.59,81.1,20,21,38.8,"Teknis","Ya","Tidak","Tidak"
2.75,320.9,50,8.1,30.9,"Sederhana","Tidak","Ya","Tidak"
0.36,123.8,62,27.6,18.2,"Sederhana","Tidak","Tidak","Tidak"
3.98,232.4,32,11.8,13.9,"Sederhana","Ya","Tidak","Ya"
1.16,210.5,50,13.9,6.4,"Teknis","Tidak","Ya","Ya"
2.24,104.6,33,1,39.9,"Teknis","Ya","Tidak","Tidak"
0.51,101.7,34,34.4,33.9,"Teknis","Tidak","Ya","Tidak"
1.07,336.6,42,30.1,32.5,"Sederhana","Ya","Ya","Tidak"
0.65,109,43,36.2,31.5,"Teknis","Tidak","Tidak","Tidak"
1.42,334.6,51,36.4,4.7,"Tadah hujan","Tidak","Tidak","Ya"
1.16,162.8,37,32.9,16.5,"Teknis","Ya","Tidak","Ya"
1.81,166,58,2,2.1,"Teknis","Tidak","Tidak","Tidak"
1.49,274.6,60,17.3,25.5,"Sederhana","Tidak","Tidak","Tidak"
1.51,378.9,20,5.9,11.9,"Sederhana","Ya","Tidak","Ya"
0.73,225.3,32,3.7,11.1,"Teknis","Tidak","Ya","Tidak"
1.17,239.7,59,21.9,23.2,"Teknis","Ya","Tidak","Tidak"
0.9,326.4,34,7.4,0.5,"Sederhana","Ya","Tidak","Tidak"
1.08,131,69,1.5,17.1,"Sederhana","Tidak","Tidak","Tidak"
1.49,275.7,53,23.7,3.7,"Tadah hujan","Ya","Tidak","Ya"
0.97,359.1,47,39.5,10.7,"Tadah hujan","Tidak","Tidak","Ya"
1.37,204.9,63,37.4,44.3,"Teknis","Tidak","Tidak","Tidak"
1.2,200.5,20,3.5,31.1,"Teknis","Tidak","Tidak","Ya"
1.78,390.9,53,20.2,22,"Tadah hujan","Tidak","Tidak","Ya"
0.88,212.5,53,39.7,25.4,"Teknis","Tidak","Tidak","Ya"
3.31,245.5,33,31.9,33.3,"Sederhana","Ya","Tidak","Ya"
0.95,76.1,21,23.3,37.1,"Teknis","Tidak","Tidak","Tidak"
0.81,76.5,45,9.8,34.7,"Tadah hujan","Tidak","Tidak","Tidak"
0.97,317.3,23,6.2,44.3,"Sederhana","Ya","Ya","Tidak"
0.63,356.4,26,10.3,36.8,"Sederhana","Tidak","Tidak","Tidak"
3.21,138.2,62,1.8,18.2,"Tadah hujan","Tidak","Tidak","Tidak"
1.56,219.1,28,25.6,24.5,"Sederhana","Tidak","Ya","Ya"
1.94,210.1,55,20.3,44.8,"Teknis","Ya","Tidak","Ya"
2.39,81.7,54,24.2,8.4,"Sederhana","Ya","Tidak","Ya"
0.82,114.2,41,24,23.5,"Teknis","Ya","Tidak","Tidak"
0.62,119.9,25,27.5,9,"Teknis","Tidak","Tidak","Tidak"
0.71,55.1,47,25.4,25.7,"Sederhana","Tidak","Tidak","Tidak"
0.88,129.7,46,11.5,7,"Tadah hujan","Tidak","Ya","Tidak"
1.1,254.3,24,35.4,4.8,"Tadah hujan","Ya","Tidak","Tidak"
1.13,228,34,27.1,23.9,"Tadah hujan","Ya","Tidak","Ya"
0.47,351.9,34,24.9,12.6,"Teknis","Tidak","Ya","Ya"
1.38,324.7,42,24.4,31.8,"Tadah hujan","Tidak","Tidak","Tidak"
2.6,257.1,37,39.4,33.3,"Sederhana","Tidak","Ya","Ya"
0.9,398.5,67,5.5,25.2,"Sederhana","Tidak","Ya","Tidak"
0.8,80.3,47,9.4,10.6,"Sederhana","Ya","Ya","Tidak"
1.18,363.7,40,32.9,26.1,"Sederhana","Tidak","Tidak","Ya"
1.64,289.8,25,2.9,17.1,"Teknis","Tidak","Tidak","Tidak"
0.74,204.4,49,38.2,10.8,"Tadah hujan","Tidak","Ya","Tidak"
1.63,156,60,8.8,43.9,"Sederhana","Tidak","Tidak","Tidak"
0.84,311.3,47,11.1,27.4,"Teknis","Ya","Tidak","Ya"
1.22,346.2,57,35,40.7,"Sederhana","Tidak","Ya","Tidak"
1.65,54.1,62,24.6,40.1,"Sederhana","Tidak","Ya","Tidak"
0.51,350.4,53,23.1,21.2,"Teknis","Ya","Ya","Ya"
1.04,66.6,37,18.5,25.6,"Sederhana","Tidak","Ya","Tidak"
0.47,145.9,45,30.6,31.9,"Sederhana","Ya","Tidak","Tidak"
1.8,52.1,49,36.8,42.3,"Tadah hujan","Ya","Tidak","Tidak"
1.31,356.8,30,29.3,10,"Teknis","Tidak","Tidak","Ya"
1.55,335.3,48,12.4,36.7,"Sederhana","Ya","Tidak","Tidak"
0.38,291,56,6.4,37.3,"Tadah hujan","Ya","Ya","Tidak"
1.44,339,45,26.8,27.8,"Sederhana","Ya","Tidak","Tidak"
1.84,245,70,6.9,3.8,"Teknis","Ya","Tidak","Ya"
1.23,191.3,35,19.4,22.9,"Sederhana","Tidak","Ya","Tidak"
2.89,268.8,66,4.4,20.6,"Sederhana","Ya","Ya","Tidak"
1.69,256,31,28.5,27.3,"Sederhana","Tidak","Tidak","Ya"
3.3,50.8,46,30.7,11,"Teknis","Ya","Tidak","Ya"
1.68,264.1,61,20.4,22.6,"Sederhana","Tidak","Ya","Tidak"
1.24,243.4,32,1.2,32.2,"Sederhana","Ya","Ya","Tidak"
1.12,290.6,30,21.7,27.3,"Sederhana","Ya","Tidak","Tidak"
1.48,184.3,57,39.4,38.7,"Tadah hujan","Ya","Tidak","Tidak"
1.42,290.7,53,21,41.6,"Tadah hujan","Tidak","Tidak","Tidak"
1.31,301.5,53,27.6,14.3,"Sederhana","Ya","Tidak","Ya"
0.71,125.6,47,24.4,31.6,"Sederhana","Ya","Ya","Tidak"
1.47,198.2,45,31.4,1.2,"Teknis","Tidak","Ya","Ya"
1.21,250.4,45,39.6,37,"Sederhana","Tidak","Ya","Tidak"
1.02,244.4,29,33.2,30,"Teknis","Ya","Ya","Ya"
1.06,89.2,50,1.2,12.4,"Sederhana","Tidak","Tidak","Tidak"
0.92,384.7,24,22.1,18.9,"Sederhana","Tidak","Tidak","Tidak"
0.99,205.1,31,15.2,13.6,"Tadah hujan","Tidak","Ya","Tidak"
1.7,94.1,55,5.8,43.5,"Sederhana","Tidak","Tidak","Tidak"
3.18,210.6,56,28.8,3.8,"Sederhana","Tidak","Tidak","Tidak"
1.39,255.7,46,22.6,42.1,"Sederhana","Tidak","Ya","Tidak"
1.53,159.8,55,30.5,15.3,"Sederhana","Tidak","Tidak","Ya"
3.41,327.3,47,15.5,25.4,"Sederhana","Tidak","Tidak","Ya"
1.05,302.1,59,20.9,44.3,"Tadah hujan","Ya","Tidak","Tidak"
1.64,299.3,26,23.2,31.7,"Sederhana","Ya","Tidak","Ya"
1.6,212,69,6.5,17,"Teknis","Tidak","Tidak","Tidak"
0.61,206.8,32,2.2,16.3,"Sederhana","Ya","Tidak","Tidak"
1.99,85.1,40,29.9,8,"Teknis","Tidak","Tidak","Ya"
2.07,93.5,61,6.2,27.6,"Teknis","Ya","Tidak","Tidak"
0.93,252.8,63,12.4,26.5,"Tadah hujan","Ya","Tidak","Tidak"
0.72,100.3,38,5.9,33,"Teknis","Tidak","Tidak","Tidak"
1.11,281.1,68,14.2,5.8,"Teknis","Tidak","Tidak","Tidak"
1.22,170.9,57,3.1,11.2,"Tadah hujan","Tidak","Tidak","Tidak"
3.29,198.1,51,13.4,4,"Teknis","Tidak","Tidak","Ya"
1.11,365.7,24,0.8,26.4,"Tadah hujan","Ya","Ya","Tidak"
0.67,212.2,69,4.5,17.1,"Sederhana","Ya","Ya","Tidak"
3.19,253.3,58,25.4,35.6,"Tadah hujan","Tidak","Tidak","Ya"
0.99,270.8,58,39.7,21.7,"Sederhana","Tidak","Tidak","Tidak"
0.45,331.6,27,1.1,31.5,"Teknis","Ya","Tidak","Tidak"
1.45,179.5,28,8.7,22.4,"Tadah hujan","Tidak","Tidak","Tidak"
1,224.8,27,24.3,17.1,"Sederhana","Ya","Tidak","Tidak"
0.62,381.6,62,2.1,34.6,"Tadah hujan","Tidak","Tidak","Tidak"
0.49,211.8,69,0.8,14.4,"Sederhana","Ya","Tidak","Tidak"
0.77,71.7,53,24,23.7,"Sederhana","Ya","Tidak","Tidak"
3.11,63.6,24,8.2,26.7,"Tadah hujan","Tidak","Tidak","Tidak"
1.26,229.9,69,35.8,39.3,"Sederhana","Ya","Tidak","Tidak"
0.68,61.2,38,26.1,20,"Teknis","Ya","Tidak","Tidak"
0.72,227.7,44,16.3,42.5,"Sederhana","Ya","Tidak","Tidak"
1.32,80.1,60,3.3,20.6,"Teknis","Tidak","Tidak","Tidak"
1.29,229.9,35,27.9,11.8,"Teknis","Tidak","Tidak","Ya"
1.06,386.7,51,1.2,37.8,"Tadah hujan","Tidak","Tidak","Tidak"
1.06,331.7,55,14,26.5,"Teknis","Tidak","Tidak","Tidak"
1.8,178,62,9.3,19.6,"Tadah hujan","Tidak","Tidak","Tidak"
1.08,197.6,62,12.8,6,"Sederhana","Ya","Tidak","Tidak"
0.66,84,39,30.2,34.9,"Sederhana","Tidak","Ya","Tidak"
0.63,321.4,21,17.9,17.9,"Teknis","Ya","Tidak","Tidak"
0.96,260.5,31,10.2,27.5,"Teknis","Tidak","Ya","Tidak"
0.71,240,69,6,24.2,"Tadah hujan","Tidak","Tidak","Tidak"
1.01,121.6,66,1.4,23.5,"Sederhana","Tidak","Tidak","Tidak"
3.28,205.7,55,9.6,20.3,"Tadah hujan","Tidak","Tidak","Tidak"
2.42,218.1,26,7.9,27.7,"Sederhana","Ya","Tidak","Tidak"
1.32,232,43,38,15.8,"Teknis","Tidak","Tidak","Tidak"
1.23,158.5,65,17.2,39.1,"Sederhana","Ya","Ya","Tidak"
0.78,395.6,35,28.2,32.4,"Sederhana","Ya","Ya","Ya"
2.05,295,31,25.1,2.3,"Sederhana","Tidak","Tidak","Ya"
1.8,279.8,53,18.7,38.6,"Sederhana","Tidak","Tidak","Tidak"
6.16,156.1,32,0.7,16,"Sederhana","Tidak","Ya","Ya"
5.8,254.2,26,17.1,38.8,"Teknis","Tidak","Tidak","Ya"
0.63,202,26,18.8,17.5,"Teknis","Ya","Tidak","Tidak"
0.78,273.8,68,4.3,36.7,"Tadah hujan","Tidak","Ya","Tidak"
0.56,67.1,59,38.9,5.8,"Sederhana","Tidak","Ya","Tidak"
2.01,220.2,52,8,2.2,"Tadah hujan","Ya","Ya","Tidak"
3.79,110.6,58,17.3,28,"Teknis","Ya","Tidak","Ya"
1.71,356.2,68,37.4,9.9,"Tadah hujan","Ya","Tidak","Ya"
1.25,396.7,59,23.2,44.9,"Teknis","Ya","Tidak","Ya"
3.12,204.9,23,23.1,8.2,"Teknis","Tidak","Tidak","Ya"
1.4,85.1,38,40,27.1,"Sederhana","Ya","Tidak","Ya"
0.71,350.5,59,14.1,41.3,"Teknis","Tidak","Tidak","Tidak"
1.21,95.4,56,34.1,2,"Teknis","Ya","Tidak","Ya"
1.03,55.8,66,8.6,4,"Sederhana","Tidak","Tidak","Tidak"
1.32,203.2,60,7.7,34,"Sederhana","Ya","Tidak","Tidak"
1.91,262.6,57,24,33.5,"Tadah hujan","Ya","Tidak","Ya"
1.32,286.3,31,16.7,0.6,"Tadah hujan","Ya","Tidak","Ya"
4.14,91,53,22.3,27.3,"Teknis","Ya","Tidak","Ya"
0.7,96.8,45,25.9,36.8,"Tadah hujan","Tidak","Ya","Tidak"
1.64,183.4,66,0.2,31.5,"Tadah hujan","Ya","Tidak","Tidak"
2.89,143.3,54,11.4,41.8,"Tadah hujan","Ya","Tidak","Tidak"
0.77,390.8,68,1.3,26.2,"Tadah hujan","Ya","Tidak","Tidak"
1.01,130.3,66,14.2,11,"Sederhana","Ya","Tidak","Tidak"
1.04,351.2,54,32.7,16.3,"Sederhana","Tidak","Tidak","Tidak"
1.6,351.5,27,21.6,7.2,"Sederhana","Tidak","Ya","Ya"
1.89,325.3,67,37.3,17,"Sederhana","Ya","Tidak","Ya"
4.84,154.9,36,28.5,18.4,"Tadah hujan","Ya","Ya","Ya"
0.91,338.5,32,10.2,44.1,"Sederhana","Tidak","Tidak","Tidak"
1.94,362.6,67,33.1,7.1,"Teknis","Tidak","Tidak","Ya"
0.79,151.5,60,36.3,27.4,"Tadah hujan","Tidak","Tidak","Tidak"
1.33,357.3,52,9.9,30.8,"Tadah hujan","Ya","Tidak","Tidak"
1.58,210.3,31,12.3,40.1,"Sederhana","Ya","Ya","Tidak"
1.03,349.5,30,18.9,34.3,"Teknis","Tidak","Tidak","Ya"
1.03,65,43,24,16.8,"Sederhana","Ya","Tidak","Tidak"
0.83,376.8,47,8.8,11.1,"Sederhana","Tidak","Ya","Tidak"
1.36,348.4,46,2,20.4,"Teknis","Ya","Tidak","Tidak"
2.1,290.6,49,20.9,19.5,"Sederhana","Tidak","Tidak","Ya"
1.63,288.9,41,1.2,15.4,"Sederhana","Tidak","Ya","Tidak"
1.92,380.4,35,3.7,42.2,"Sederhana","Tidak","Tidak","Tidak"
1.75,369.3,64,20.4,38,"Sederhana","Tidak","Tidak","Ya"
0.75,167.4,49,31.7,43.3,"Teknis","Ya","Ya","Tidak"
1.55,220.9,32,0.7,10.6,"Sederhana","Tidak","Tidak","Tidak"
1.5,320.2,55,11,11.3,"Sederhana","Tidak","Ya","Tidak"
2.11,100.8,50,11.4,44.4,"Teknis","Ya","Tidak","Tidak"
0.86,153.3,36,4.7,39.8,"Sederhana","Tidak","Tidak","Tidak"
0.49,104.6,56,1.2,13.2,"Sederhana","Tidak","Tidak","Tidak"
1.02,237.8,45,1.4,33.7,"Teknis","Ya","Ya","Ya"
1.2,315,52,26.5,12,"Tadah hujan","Ya","Tidak","Tidak"
0.76,217.4,28,36.3,18.1,"Teknis","Tidak","Ya","Ya"
1.35,105.5,54,12.7,33.7,"Sederhana","Tidak","Tidak","Tidak"
1.46,277.5,28,27.4,21.1,"Sederhana","Tidak","Tidak","Ya"
2.1,282.2,44,37.2,11,"Sederhana","Ya","Tidak","Ya"
0.72,348.2,41,23.4,4.3,"Sederhana","Ya","Ya","Ya"
1.04,213.8,50,23.3,16,"Sederhana","Tidak","Tidak","Tidak"
1.1,265.2,65,35.5,7.9,"Tadah hujan","Tidak","Tidak","Tidak"
0.3,301.9,69,21.6,40.4,"Teknis","Ya","Tidak","Tidak"
1.58,288.1,49,12.2,42.1,"Sederhana","Ya","Tidak","Tidak"
0.79,72.3,20,26.3,31.8,"Tadah hujan","Ya","Ya","Tidak"
1.81,211.2,69,15.8,16.4,"Sederhana","Ya","Ya","Tidak"
1.03,109,37,4.3,43.5,"Sederhana","Tidak","Ya","Tidak"
1.4,164,67,35,28.3,"Tadah hujan","Tidak","Tidak","Tidak"
0.8,289.8,39,18.4,6.1,"Teknis","Ya","Tidak","Ya"
2.2,246.6,49,30.7,43.5,"Tadah hujan","Tidak","Ya","Tidak"
1.38,395.6,49,33.5,32.6,"Sederhana","Tidak","Ya","Tidak"
1.32,104.8,69,30.2,34.4,"Sederhana","Tidak","Tidak","Tidak"
0.38,399.1,21,25.2,23.3,"Sederhana","Tidak","Tidak","Tidak"
1.64,267,31,33.6,33.9,"Teknis","Tidak","Tidak","Ya"
0.53,179.8,55,29.7,22.3,"Teknis","Ya","Tidak","Tidak"
1.1,113.6,68,34.5,44.1,"Tadah hujan","Ya","Tidak","Tidak"
3.42,303.9,35,8.1,19,"Teknis","Tidak","Ya","Ya"
1.07,246.9,43,20,15.1,"Sederhana","Ya","Tidak","Tidak"
1.77,96,42,9.4,27,"Teknis","Ya","Tidak","Ya"
1.8,194,31,18.3,33.4,"Sederhana","Tidak","Ya","Tidak"
0.53,240.4,23,3,13.8,"Sederhana","Ya","Tidak","Tidak"
1.06,169.3,60,12.6,19.1,"Sederhana","Tidak","Tidak","Tidak"
0.84,240.2,39,0.3,31.8,"Sederhana","Tidak","Ya","Tidak"
1.7,101.2,69,32.4,43.9,"Teknis","Tidak","Tidak","Tidak"
1.05,113.1,57,14.5,12.4,"Sederhana","Tidak","Tidak","Tidak"
3.36,168,47,18.1,10,"Sederhana","Ya","Ya","Ya"
1.59,268.8,59,12.9,26,"Sederhana","Tidak","Tidak","Tidak"
1.12,235.6,42,23.5,44.7,"Teknis","Tidak","Ya","Tidak"
0.96,284.1,30,20.5,15,"Teknis","Tidak","Tidak","Tidak"
0.78,237.1,26,15.6,27.2,"Tadah hujan","Tidak","Ya","Tidak"
0.48,272.1,25,19.5,21.7,"Sederhana","Tidak","Ya","Tidak"
0.7,339.5,42,21.3,27.9,"Teknis","Ya","Tidak","Tidak"
1.3,339.1,26,21.3,28.4,"Sederhana","Tidak","Tidak","Ya"
1.89,146.5,59,39.4,3.2,"Teknis","Ya","Tidak","Ya"
1.56,368.2,51,21.3,24.5,"Sederhana","Tidak","Tidak","Tidak"
1.08,186.5,55,7.1,39.8,"Teknis","Tidak","Tidak","Tidak"
2.21,158.2,66,7.5,12.7,"Teknis","Tidak","Tidak","Ya"
0.41,117.2,57,17.5,20.7,"Sederhana","Tidak","Tidak","Tidak"
0.54,64.6,42,33.5,11.5,"Teknis","Ya","Tidak","Tidak"
1.27,139.8,54,3.6,34.1,"Teknis","Ya","Tidak","Tidak"
1.88,139.2,41,11.1,9.4,"Tadah hujan","Ya","Tidak","Tidak"
1.46,241.5,57,20.3,31.3,"Sederhana","Ya","Tidak","Tidak"
0.6,291.1,43,21,27,"Teknis","Ya","Ya","Ya"
1.57,132.8,69,4.1,28.4,"Teknis","Tidak","Ya","Tidak"
0.88,234.7,56,14.5,28.2,"Sederhana","Ya","Tidak","Tidak"
1.21,63.9,46,25.5,37,"Sederhana","Tidak","Tidak","Tidak"
0.35,390.4,20,37.7,8.4,"Teknis","Ya","Ya","Ya"
1.12,154.7,34,24.8,13.5,"Tadah hujan","Tidak","Ya","Tidak"
0.99,105,61,23.6,2.4,"Sederhana","Tidak","Tidak","Tidak"
1.13,69.6,64,14.6,25.1,"Sederhana","Ya","Tidak","Tidak"
1,310.2,57,7.7,39,"Tadah hujan","Tidak","Tidak","Tidak"
0.8,244.9,21,37.8,25.6,"Tadah hujan","Tidak","Tidak","Tidak"
2.17,77.6,54,0.1,38.2,"Teknis","Ya","Tidak","Tidak"
1.67,288.4,36,3.7,29.8,"Tadah hujan","Tidak","Tidak","Tidak"
1.37,166,33,22.8,33.7,"Sederhana","Tidak","Tidak","Tidak"
0.46,242.7,33,15.2,19.5,"Teknis","Tidak","Tidak","Tidak"
0.8,94.6,57,28,3.1,"Sederhana","Tidak","Ya","Tidak"
1.22,134.4,43,1.3,26.8,"Teknis","Ya","Ya","Tidak"
1.98,340.6,33,1.5,17.9,"Sederhana","Tidak","Tidak","Tidak"
2.19,82.1,39,4.8,20.2,"Sederhana","Tidak","Tidak","Tidak"
0.84,311.4,26,17.3,42.6,"Tadah hujan","Tidak","Tidak","Tidak"
0.81,76.8,42,16.3,19.9,"Sederhana","Tidak","Tidak","Tidak"
2.15,242.4,34,1.3,41.8,"Sederhana","Tidak","Ya","Tidak"
0.28,177.8,57,30.6,23.9,"Teknis","Ya","Tidak","Tidak"
2.28,96.4,25,9.2,0.8,"Teknis","Tidak","Tidak","Ya"
0.74,140.4,47,4.1,41.7,"Teknis","Ya","Tidak","Tidak"
0.38,178.9,70,31.9,4.4,"Teknis","Tidak","Ya","Tidak"
0.62,385.9,20,5.3,34.6,"Teknis","Tidak","Ya","Ya"
1.63,179.7,23,14.6,17,"Teknis","Ya","Ya","Ya"
1.29,355.6,27,11.9,31.6,"Teknis","Ya","Tidak","Ya"
0.92,324.1,53,11.6,43.6,"Sederhana","Ya","Tidak","Ya"
1.31,189.7,56,16.1,8.1,"Tadah hujan","Ya","Ya","Tidak"
0.83,61.5,59,17.1,34.6,"Tadah hujan","Tidak","Ya","Tidak"
1.01,204.1,26,25.2,8.3,"Tadah hujan","Ya","Tidak","Tidak"
1.1,253.8,66,8,35.3,"Sederhana","Ya","Tidak","Tidak"
1.02,167.2,31,6.8,23.9,"Sederhana","Ya","Tidak","Tidak"
3.34,276.5,59,25.3,38,"Sederhana","Tidak","Tidak","Ya"
2.05,338.1,52,22.3,1.6,"Tadah hujan","Tidak","Ya","Tidak"
1.41,72.5,53,33.1,32.3,"Tadah hujan","Tidak","Ya","Tidak"
1.66,373.8,49,38.8,1.9,"Teknis","Tidak","Ya","Ya"
1.01,247.1,45,33,38.2,"Teknis","Tidak","Tidak","Tidak"
1.2,223.9,32,31.8,27.4,"Tadah hujan","Tidak","Tidak","Tidak"
1.22,332.1,58,18,20.7,"Tadah hujan","Tidak","Ya","Tidak"
0.91,74.7,44,10.4,1.6,"Sederhana","Tidak","Tidak","Tidak"
1.09,161.1,68,5.6,30.3,"Tadah hujan","Ya","Tidak","Tidak"
1.6,255.2,68,2.7,41.2,"Teknis","Tidak","Ya","Tidak"
1.43,230.8,67,33.3,39.2,"Tadah hujan","Tidak","Tidak","Tidak"
0.61,175.3,32,33.6,5.7,"Teknis","Tidak","Ya","Tidak"
2.35,309.1,30,30.3,40.5,"Sederhana","Tidak","Tidak","Tidak"
0.94,261.9,45,39.8,17.8,"Tadah hujan","Tidak","Ya","Ya"
1.31,77.6,60,9.2,19.9,"Sederhana","Ya","Tidak","Tidak"
2,149.8,42,10.6,17.1,"Teknis","Tidak","Tidak","Tidak"
1.62,212.5,43,20.4,18.9,"Teknis","Ya","Tidak","Tidak"
0.78,344.7,30,32.4,18.9,"Teknis","Ya","Tidak","Ya"
0.73,93.6,21,24,13.8,"Tadah hujan","Tidak","Tidak","Tidak"
1.41,222,52,27.2,44.5,"Sederhana","Ya","Tidak","Tidak"
0.98,78.3,39,9.1,17.5,"Teknis","Ya","Tidak","Tidak"
2.05,282.5,20,36.1,35.5,"Tadah hujan","Ya","Tidak","Ya"
3.11,386.7,40,28,4.8,"Tadah hujan","Ya","Tidak","Ya"
0.93,333.4,50,21.5,38.9,"Sederhana","Tidak","Ya","Tidak"
1.2,199.8,49,17.5,17.1,"Sederhana","Tidak","Tidak","Tidak"
1.5,385.3,38,14.6,42.8,"Sederhana","Tidak","Tidak","Tidak"
0.96,270.9,32,6.3,28.9,"Teknis","Ya","Tidak","Tidak"
2.18,226.5,58,17.9,6.5,"Teknis","Ya","Tidak","Ya"
1.15,176.4,58,32.6,31.9,"Teknis","Ya","Tidak","Tidak"
3.96,168.7,31,4.6,27.2,"Sederhana","Tidak","Ya","Ya"
0.89,381.8,53,27.4,8.8,"Tadah hujan","Ya","Tidak","Ya"
0.74,259.3,62,19.7,26.3,"Teknis","Ya","Tidak","Ya"
1.43,367.7,68,25,1.1,"Teknis","Ya","Tidak","Ya"
1.55,63.9,51,31.1,35.3,"Sederhana","Ya","Tidak","Ya"
1.19,75.8,32,30,4.3,"Sederhana","Tidak","Ya","Tidak"
1.2,117.4,68,7.6,10.6,"Teknis","Tidak","Ya","Tidak"
0.69,161.5,40,37.2,39.3,"Sederhana","Tidak","Tidak","Tidak"
0.28,148.6,53,38.5,41.7,"Tadah hujan","Tidak","Tidak","Tidak"
1.16,348.2,50,19.1,12.7,"Teknis","Ya","Ya","Ya"
0.7,228.8,60,5,5,"Teknis","Tidak","Tidak","Tidak"
1.07,366.2,37,22.3,41.6,"Tadah hujan","Ya","Tidak","Tidak"
3.21,107.8,69,1,37.9,"Teknis","Tidak","Ya","Tidak"
1.22,81.7,23,13.8,30.7,"Tadah hujan","Ya","Tidak","Tidak"
1.12,274.3,43,30.7,43.5,"Teknis","Ya","Tidak","Ya"
1.42,351,25,31.7,35.6,"Sederhana","Ya","Ya","Ya"
0.9,66,61,32,26.8,"Sederhana","Tidak","Ya","Tidak"
0.96,58,56,19,37,"Sederhana","Tidak","Tidak","Tidak"
3.13,177.6,56,18,10.9,"Sederhana","Tidak","Tidak","Tidak"
0.78,334.4,48,27.8,17.2,"Teknis","Ya","Tidak","Ya"
1.23,359.4,65,15.1,18.3,"Teknis","Tidak","Tidak","Ya"
1.19,89.9,39,31.9,28.4,"Teknis","Tidak","Tidak","Tidak"
1.83,93.5,69,24.3,41.3,"Tadah hujan","Tidak","Tidak","Tidak"
3.56,165.8,64,0.6,9.8,"Sederhana","Ya","Ya","Tidak"
0.88,300.2,52,28,12.9,"Tadah hujan","Tidak","Ya","Tidak"
1,117,30,9.5,27.8,"Sederhana","Ya","Tidak","Tidak"
0.55,76.8,51,2.8,1.3,"Sederhana","Tidak","Tidak","Tidak"
1.16,108.4,28,20.3,20.3,"Sederhana","Tidak","Tidak","Tidak"
0.84,354.7,24,20.2,11,"Sederhana","Tidak","Tidak","Ya"
0.88,169.9,67,15.1,21.2,"Sederhana","Tidak","Tidak","Tidak"
0.88,262.3,54,20.2,45,"Tadah hujan","Ya","Tidak","Tidak"
1.4,251.8,53,31.4,5.1,"Sederhana","Ya","Tidak","Tidak"
0.94,379.7,41,9.1,5.4,"Sederhana","Tidak","Ya","Tidak"
1.02,295.5,58,13.4,34.9,"Sederhana","Ya","Tidak","Tidak"
0.58,107.1,64,17.5,32.4,"Tadah hujan","Tidak","Ya","Tidak"
0.51,350,23,16.8,22.8,"Tadah hujan","Ya","Ya","Ya"
0.96,179.5,42,20.9,23.4,"Teknis","Ya","Tidak","Ya"
0.78,79.9,22,28.5,17.3,"Sederhana","Ya","Tidak","Tidak"
1.4,280.3,68,8.2,11.2,"Teknis","Tidak","Tidak","Tidak"
0.82,132.3,48,1.1,43.4,"Tadah hujan","Tidak","Ya","Tidak"
1.87,198,21,0.9,43.9,"Tadah hujan","Tidak","Tidak","Tidak"
0.85,284.7,59,39.8,33.1,"Sederhana","Ya","Tidak","Tidak"
2.06,163.8,57,8.9,25.3,"Tadah hujan","Tidak","Tidak","Tidak"
0.61,201.5,31,25.8,25.8,"Tadah hujan","Ya","Tidak","Tidak"
2.52,368.7,30,21.1,0.5,"Teknis","Tidak","Tidak","Ya"
1.12,66.5,63,39.5,22.5,"Sederhana","Tidak","Ya","Tidak"
1.05,284.4,58,0.9,27.7,"Sederhana","Ya","Tidak","Tidak"
2.19,100.3,20,21.1,1.9,"Tadah hujan","Tidak","Tidak","Tidak"
1.24,299.7,22,21.2,22.4,"Tadah hujan","Ya","Tidak","Tidak"
1.5,306.6,66,31.2,15.3,"Teknis","Ya","Tidak","Ya"
1.4,106.5,53,4.4,12.4,"Sederhana","Tidak","Ya","Tidak"
1.37,249.1,56,25,39.9,"Tadah hujan","Tidak","Tidak","Tidak"
1.73,350.8,54,8.5,9.6,"Sederhana","Tidak","Tidak","Tidak"
1.71,144.8,61,17.7,17.5,"Teknis","Tidak","Tidak","Ya"
0.71,319.3,29,33.9,45,"Sederhana","Tidak","Ya","Tidak"
1.03,311.3,69,20.3,11.4,"Teknis","Tidak","Tidak","Ya"
1.4,363.4,66,36.9,35.6,"Sederhana","Tidak","Tidak","Tidak"
0.61,78.8,56,26.8,2.6,"Sederhana","Ya","Tidak","Tidak"
0.89,340.1,34,33.6,44.6,"Sederhana","Tidak","Ya","Ya"
2.55,361.3,68,36.5,38.9,"Sederhana","Tidak","Ya","Ya"
1.71,303,55,19.5,36.2,"Tadah hujan","Tidak","Tidak","Tidak"
1.36,397.8,34,26.2,7.9,"Teknis","Tidak","Tidak","Ya"
1.31,202.8,61,35.7,33.5,"Sederhana","Tidak","Tidak","Tidak"
1.71,70,42,5,19.6,"Tadah hujan","Tidak","Tidak","Tidak"
1.64,235.6,28,22.9,8.9,"Tadah hujan","Tidak","Ya","Tidak"
1.12,116.1,41,33.5,24.8,"Teknis","Ya","Tidak","Tidak"
1.26,394.5,48,38,12.4,"Sederhana","Tidak","Tidak","Ya"
1.82,264.4,61,33.4,23.6,"Tadah hujan","Tidak","Tidak","Tidak"
0.78,388.9,31,34.7,42.5,"Sederhana","Ya","Tidak","Tidak"
1.76,113.3,27,37.4,14.1,"Teknis","Ya","Tidak","Ya"
0.64,109.8,36,30.9,24.5,"Teknis","Ya","Ya","Tidak"
0.81,385.6,36,25.9,20.1,"Sederhana","Ya","Tidak","Ya"
1.42,398.7,42,18.1,23.8,"Sederhana","Tidak","Ya","Ya"
2.26,365.1,53,16.4,13.6,"Teknis","Ya","Tidak","Ya"
1.07,217,30,23.6,14.8,"Teknis","Tidak","Tidak","Tidak"
1.08,67.6,54,2.9,1.9,"Tadah hujan","Ya","Tidak","Tidak"
1.65,160.1,65,24.5,34.8,"Tadah hujan","Tidak","Tidak","Tidak"
1.9,133.9,66,20.8,14.9,"Teknis","Tidak","Tidak","Tidak"
0.79,180.7,45,10.5,27.4,"Teknis","Ya","Tidak","Tidak"
0.98,251.4,67,27.5,15.9,"Teknis","Tidak","Tidak","Tidak"
0.61,283.8,57,4,14.5,"Sederhana","Ya","Ya","Tidak"
1.01,257.9,70,20.1,30,"Tadah hujan","Tidak","Ya","Tidak"
2.1,330.8,51,31.3,45,"Sederhana","Ya","Tidak","Ya"
1.16,398.3,59,24.8,41.4,"Sederhana","Tidak","Ya","Ya"
0.81,181.8,43,10.4,11.7,"Sederhana","Ya","Tidak","Tidak"
1.71,81.8,45,37.6,18.9,"Teknis","Ya","Tidak","Ya"
1.23,351.7,33,24.8,16.7,"Sederhana","Ya","Tidak","Ya"
1.52,349.9,65,22,22.7,"Teknis","Tidak","Ya","Ya"
1.36,346.7,20,16.5,15.7,"Sederhana","Ya","Ya","Ya"
1.6,76.2,40,23.9,2.1,"Sederhana","Tidak","Ya","Tidak"
1.18,59,48,28.9,44.5,"Sederhana","Ya","Tidak","Tidak"
1.15,317.7,63,28.7,17.3,"Tadah hujan","Ya","Tidak","Tidak"
0.95,129.5,49,18.7,43.9,"Tadah hujan","Tidak","Tidak","Tidak"
1.92,198.9,46,33.6,19.7,"Teknis","Tidak","Tidak","Tidak"
1.35,175.3,63,7.4,33.4,"Sederhana","Tidak","Ya","Tidak"
1.51,285.2,22,29.2,21.6,"Sederhana","Ya","Ya","Tidak"
0.67,93.6,49,28.2,17.9,"Sederhana","Ya","Tidak","Tidak"
1.08,64.7,48,16.7,29.7,"Tadah hujan","Ya","Ya","Tidak"
1.41,125.6,66,37.4,24.3,"Teknis","Ya","Ya","Ya"
1.99,374.7,35,8.2,43.2,"Teknis","Ya","Ya","Ya"
0.8,76.9,29,22.3,31.7,"Tadah hujan","Ya","Ya","Tidak"
0.47,93.8,45,21.3,29.7,"Tadah hujan","Ya","Tidak","Tidak"
0.96,397.4,44,1.8,34.1,"Teknis","Ya","Tidak","Tidak"
1.47,133.3,60,13.7,32.9,"Sederhana","Tidak","Tidak","Tidak"
1.05,93,33,26.9,18.6,"Sederhana","Tidak","Tidak","Tidak"
0.67,217.8,39,30.1,30.8,"Teknis","Tidak","Tidak","Tidak"
0.88,124.1,35,15.4,11.2,"Sederhana","Tidak","Ya","Tidak"
1.92,240.8,50,19.6,32.8,"Teknis","Ya","Tidak","Ya"
2.47,122.6,32,3.4,16.5,"Sederhana","Ya","Ya","Ya"
1.05,213.1,35,32.1,24.9,"Teknis","Ya","Tidak","Ya"
2.66,142.5,23,18.6,24.2,"Teknis","Tidak","Tidak","Ya"
1.53,94.5,38,24,9.1,"Teknis","Tidak","Tidak","Tidak"
1.66,118.8,51,32.6,21.2,"Sederhana","Tidak","Ya","Ya"
1.5,253.7,39,8.3,4.6,"Tadah hujan","Tidak","Ya","Tidak"
2.16,356.6,28,29.6,38.1,"Sederhana","Tidak","Tidak","Ya"
0.53,187.3,45,3.2,32,"Sederhana","Tidak","Tidak","Tidak"
0.4,393.9,68,17.4,29.8,"Teknis","Ya","Tidak","Tidak"
1.18,245,35,18.6,36.4,"Teknis","Tidak","Tidak","Ya"
2.42,168.1,69,34.8,29.4,"Teknis","Ya","Tidak","Ya"
1.23,135.6,61,32.7,22.1,"Tadah hujan","Ya","Tidak","Tidak"
1.42,234.7,22,8.6,42.8,"Tadah hujan","Tidak","Tidak","Tidak"
1.96,342.6,20,32.5,35.5,"Sederhana","Ya","Ya","Ya"
1.34,350.4,57,31.8,39,"Sederhana","Ya","Tidak","Tidak"
1.14,307.6,69,26.6,40.3,"Teknis","Ya","Tidak","Ya"
0.71,99,47,21.5,17.6,"Teknis","Ya","Tidak","Tidak"
0.8,270.6,43,23.5,35.7,"Sederhana","Ya","Tidak","Tidak"
1.32,225.5,41,11.4,39.5,"Sederhana","Tidak","Tidak","Tidak"
1.96,202.3,50,26.4,26.8,"Sederhana","Ya","Tidak","Tidak"
0.64,186.1,70,28.9,4.8,"Teknis","Ya","Ya","Tidak"
1.95,374.1,37,8.7,40.5,"Sederhana","Tidak","Tidak","Ya"
2.63,195.3,43,19.4,37,"Tadah hujan","Tidak","Tidak","Tidak"
1.81,186.2,68,21.9,27.6,"Teknis","Tidak","Tidak","Ya"
0.76,244.9,34,20.9,27.8,"Tadah hujan","Tidak","Ya","Tidak"
0.94,176,70,25.5,8,"Sederhana","Tidak","Tidak","Tidak"
0.83,76,70,32.1,17.2,"Tadah hujan","Ya","Tidak","Tidak"
1.27,355.7,58,23.5,10.3,"Sederhana","Ya","Tidak","Ya"
0.88,350.1,54,28.3,11.6,"Sederhana","Ya","Ya","Ya"
0.53,75.8,32,26.4,19.6,"Tadah hujan","Tidak","Tidak","Tidak"
1.21,333.2,39,11.6,4.2,"Teknis","Ya","Ya","Ya"
1.36,182.1,67,31.7,34.7,"Tadah hujan","Ya","Ya","Tidak"
1.25,291.3,23,35.8,12.7,"Sederhana","Tidak","Tidak","Ya"
2.45,72.5,30,26.5,23.8,"Tadah hujan","Tidak","Tidak","Tidak"
1.97,208.1,27,8.3,8.4,"Teknis","Ya","Tidak","Ya"
1.7,273.8,58,12.1,14.3,"Sederhana","Tidak","Tidak","Tidak"
1.2,295.8,36,31.6,1.3,"Tadah hujan","Tidak","Tidak","Ya"
