"id","ipm","lama_sekolah","akses_sanitasi","rasio_kerja","kelompok_asli"
"W001",76.6,11.4,62.6,0.311,"K1"
"W002",71.8,11.6,63.5,0.416,"K1"
"W003",75.4,11.4,55.9,0.363,"K1"
"W004",74.7,11.3,58.6,0.401,"K1"
"W005",73,10.5,48,0.361,"K1"
"W006",67.5,11.3,56.9,0.381,"K1"
"W007",72.8,10.4,52.8,0.422,"K1"
"W008",71.9,12.2,54.3,0.383,"K1"
"W009",75.3,10.9,57.2,0.369,"K1"
"W010",73.6,11.6,59.1,0.316,"K1"
"W011",73.8,11.8,54.8,0.379,"K1"
"W012",72.8,11.5,65.6,0.329,"K1"
"W013",74.3,12.3,57.4,0.459,"K1"
"W014",74.3,11,54.2,0.367,"K1"
"W015",67.4,11.8,56.8,0.31,"K1"
"W016",79,10.9,54.6,0.432,"K1"
"W017",76.8,12.8,50.6,0.327,"K1"
"W018",75.7,11.9,57,0.271,"K1"
"W019",72.6,11.3,58.8,0.298,"K1"
"W020",77.1,12,56.5,0.352,"K1"
"W021",74,10.8,56.5,0.328,"K1"
"W022",74.5,12.4,55.6,0.373,"K1"
"W023",70.8,10.8,58.4,0.339,"K1"
"W024",79.4,10.6,49.9,0.257,"K1"
"W025",75.1,11.5,59.6,0.336,"K1"
"W026",80.7,12,51.4,0.438,"K1"
"W027",80.2,11.5,56.3,0.328,"K1"
"W028",75.2,11,58.1,0.321,"K1"
"W029",76.9,12.2,55.9,0.344,"K1"
"W030",80.2,12.9,48.8,0.433,"K1"
"W031",73.4,10.3,55.1,0.306,"K1"
"W032",75.5,12.4,56.3,0.389,"K1"
"W033",74.2,11.2,59,0.319,"K1"
"W034",76,12.1,57,0.334,"K1"
"W035",75.5,10.4,57.3,0.332,"K1"
"W036",78.5,11.3,59.6,0.389,"K1"
"W037",76.8,10.9,52.2,0.38,"K1"
"W038",72.3,11.2,52.5,0.404,"K1"
"W039",76.7,10.9,55,0.403,"K1"
"W040",72.5,11.7,56.4,0.458,"K1"
"W041",71.5,12.2,60.6,0.354,"K1"
"W042",77.3,11.2,51.5,0.223,"K1"
"W043",71.4,11.4,51.5,0.323,"K1"
"W044",75.9,10.8,58.1,0.311,"K1"
"W045",72.5,12.1,53.4,0.335,"K1"
"W046",79.3,11.8,54.1,0.408,"K1"
"W047",77.1,10.6,57.4,0.322,"K1"
"W048",73.8,12.4,52.5,0.31,"K1"
"W049",77.4,10.8,52.1,0.375,"K1"
"W050",76.3,10.9,54,0.385,"K1"
"W051",71.5,10.6,53.4,0.338,"K1"
"W052",74.4,10.8,52.3,0.371,"K1"
"W053",72.2,11.3,58.5,0.375,"K1"
"W054",76.3,11.8,53.1,0.368,"K1"
"W055",73.1,11.1,55.3,0.321,"K1"
"W056",74.3,11.4,55.5,0.387,"K1"
"W057",71.3,11.3,47.6,0.237,"K1"
"W058",72.1,12.2,56.4,0.381,"K1"
"W059",75.4,12.9,61,0.37,"K1"
"W060",72,10.9,54.9,0.453,"K1"
"W061",55.8,6.2,92.5,0.62,"K2"
"W062",55.3,5.3,85.2,0.815,"K2"
"W063",58.6,5.3,95,0.798,"K2"
"W064",57.2,5.5,85.1,0.727,"K2"
"W065",55,5.4,81.5,0.649,"K2"
"W066",54.9,5.4,87.5,0.746,"K2"
"W067",55.4,5.4,88.8,0.671,"K2"
"W068",51.8,5,85.3,0.75,"K2"
"W069",58.7,6.1,83.9,0.763,"K2"
"W070",53.4,5,85.3,0.729,"K2"
"W071",54.1,5,92.5,0.717,"K2"
"W072",57.1,5,79.6,0.774,"K2"
"W073",53.8,6.5,79.6,0.774,"K2"
"W074",54.7,5.8,82.8,0.741,"K2"
"W075",59.6,5.9,92.3,0.714,"K2"
"W076",53.1,4.3,91.6,0.767,"K2"
"W077",54.3,5.3,84.6,0.73,"K2"
"W078",59.5,6.2,88.2,0.792,"K2"
"W079",54,6.3,90.5,0.656,"K2"
"W080",53.3,4.3,89.9,0.716,"K2"
"W081",55.8,4.1,90.1,0.775,"K2"
"W082",56.8,4.7,88.8,0.685,"K2"
"W083",53,4.7,89.3,0.634,"K2"
"W084",54.6,5.9,82.2,0.748,"K2"
"W085",54.6,5.8,96.5,0.69,"K2"
"W086",52.1,6.6,87.3,0.696,"K2"
"W087",55.1,5.6,90,0.758,"K2"
"W088",60.1,5.3,82.6,0.826,"K2"
"W089",57.7,6.5,86.5,0.722,"K2"
"W090",52.8,6,91,0.767,"K2"
"W091",56.1,5.9,88.6,0.614,"K2"
"W092",54.3,6.1,89,0.725,"K2"
"W093",54.5,5.4,82.8,0.633,"K2"
"W094",57.6,5.7,90,0.635,"K2"
"W095",56.8,6.2,86,0.79,"K2"
"W096",57.8,4.3,81.4,0.755,"K2"
"W097",56.4,5.5,90.5,0.749,"K2"
"W098",52.6,5,88.1,0.693,"K2"
"W099",53.5,5,85.1,0.656,"K2"
"W100",51.4,5,89.1,0.741,"K2"
"W101",56.9,5.7,80.6,0.664,"K2"
"W102",59.1,5.5,96.3,0.841,"K2"
"W103",50.1,4.8,78.6,0.724,"K2"
"W104",55.2,5.9,89.3,0.736,"K2"
"W105",56.5,5.8,87.1,0.641,"K2"
"W106",54.3,5.8,83.3,0.746,"K2"
"W107",52.5,5.7,89.3,0.777,"K2"
"W108",52,6.2,86.4,0.736,"K2"
"W109",58.8,5.1,94.1,0.723,"K2"
"W110",54.4,5.1,83.6,0.798,"K2"
"W111",58.6,5.9,93.3,0.756,"K2"
"W112",53,5.9,90.2,0.752,"K2"
"W113",58.9,6.2,83.8,0.773,"K2"
"W114",56.6,5.5,87.2,0.737,"K2"
"W115",55.1,5.9,84.4,0.877,"K2"
"W116",83,5.1,39.6,0.711,"K3"
"W117",85.2,6,44.4,0.641,"K3"
"W118",84.7,4.6,35.9,0.769,"K3"
"W119",84.2,4.8,38.3,0.668,"K3"
"W120",85.2,5.8,39.4,0.665,"K3"
"W121",83.1,4.3,42.6,0.605,"K3"
"W122",76.2,4.2,38.8,0.682,"K3"
"W123",79.6,5.4,42.8,0.634,"K3"
"W124",89,4.8,40.5,0.698,"K3"
"W125",87.8,4.4,40.7,0.69,"K3"
"W126",81.7,4.4,48.5,0.723,"K3"
"W127",74.5,5.5,37.3,0.646,"K3"
"W128",79.7,4.6,43.9,0.597,"K3"
"W129",77.5,5,44.4,0.7,"K3"
"W130",77,4.5,46.7,0.702,"K3"
"W131",84.9,5.3,41.3,0.744,"K3"
"W132",82.4,4.6,41,0.672,"K3"
"W133",86.3,5.3,40.6,0.705,"K3"
"W134",78,4.7,42.9,0.703,"K3"
"W135",79,6.1,42.4,0.656,"K3"
"W136",83.9,5.2,38.9,0.602,"K3"
"W137",85.5,3.9,43.5,0.646,"K3"
"W138",81.5,5.8,42.4,0.687,"K3"
"W139",79.1,5,42.8,0.687,"K3"
"W140",87.6,5.1,51.3,0.611,"K3"
"W141",87.1,5.8,41.1,0.675,"K3"
"W142",85.2,5.2,37.9,0.624,"K3"
"W143",84.4,6.5,41.7,0.717,"K3"
"W144",78.4,4.7,38.9,0.684,"K3"
"W145",75.9,5.2,36.9,0.655,"K3"
"W146",88.4,5.3,38.5,0.711,"K3"
"W147",82.9,5.5,40.4,0.637,"K3"
"W148",79.5,5.5,43.9,0.738,"K3"
"W149",86.6,5.3,41.4,0.642,"K3"
"W150",80.2,4.3,36.7,0.59,"K3"
"W151",80.6,4.8,39.4,0.634,"K3"
"W152",83.3,5,33.9,0.662,"K3"
"W153",77.8,4.7,39.2,0.671,"K3"
"W154",80.5,5.2,34.8,0.64,"K3"
"W155",78.8,4.5,34.4,0.66,"K3"
"W156",85.5,5.5,43.8,0.694,"K3"
"W157",83,5.1,39.3,0.693,"K3"
"W158",81.1,5.3,40,0.686,"K3"
"W159",86,4.9,42,0.634,"K3"
"W160",81.9,4.6,38.2,0.691,"K3"
"W161",81.4,5.9,39.2,0.75,"K3"
"W162",82.4,4.5,37.7,0.64,"K3"
"W163",80.1,4.5,38.6,0.776,"K3"
"W164",82.2,4.6,35.8,0.723,"K3"
"W165",84.8,6.1,43.2,0.617,"K3"
"W166",45.1,10.5,81.8,0.233,"K4"
"W167",47.1,10.7,80.4,0.256,"K4"
"W168",48,10.9,81.3,0.302,"K4"
"W169",45.3,9.2,79.6,0.401,"K4"
"W170",46.1,10.3,79.3,0.319,"K4"
"W171",49.1,10.7,73.7,0.22,"K4"
"W172",48.8,10.6,84.8,0.275,"K4"
"W173",45.7,10.6,85.8,0.24,"K4"
"W174",46.6,11.5,83.5,0.246,"K4"
"W175",45.3,10.4,82.4,0.337,"K4"
"W176",40.2,10.6,80.3,0.278,"K4"
"W177",46.2,10.4,78.4,0.354,"K4"
"W178",46.1,11.9,80.8,0.312,"K4"
"W179",47.7,10.1,77.8,0.303,"K4"
"W180",45.1,11.2,82.8,0.383,"K4"
"W181",49.4,11.2,81.6,0.273,"K4"
"W182",43.8,10.1,80,0.316,"K4"
"W183",52.9,11.2,79,0.471,"K4"
"W184",44.6,10.9,81.2,0.282,"K4"
"W185",49.3,11.1,82.9,0.389,"K4"
"W186",53.7,9.4,85.7,0.221,"K4"
"W187",45.9,10,74.5,0.314,"K4"
"W188",46.9,10.3,77.6,0.273,"K4"
"W189",46,10.6,86.8,0.224,"K4"
"W190",48.3,10.5,79.3,0.269,"K4"
"W191",49.7,10.4,86.4,0.416,"K4"
"W192",43.4,10.9,76.8,0.29,"K4"
"W193",44.9,11,84.7,0.272,"K4"
"W194",43.8,11.5,76.6,0.353,"K4"
"W195",49.3,10.9,76.5,0.265,"K4"
"W196",49.1,9.8,81.2,0.312,"K4"
"W197",45.9,9.7,78.9,0.314,"K4"
"W198",44.9,11.3,75.6,0.279,"K4"
"W199",43.1,10.3,75.6,0.281,"K4"
"W200",50,10.7,81.2,0.383,"K4"
"W201",45.7,10.7,75.7,0.292,"K4"
"W202",50.1,10.9,84.1,0.409,"K4"
"W203",54,10.2,85.2,0.29,"K4"
"W204",52,10.3,75.2,0.288,"K4"
"W205",45.5,10.8,73,0.269,"K4"
"W206",51.4,10,71.2,0.156,"K4"
"W207",46,10.4,83.1,0.205,"K4"
"W208",48.9,10.2,75.7,0.295,"K4"
"W209",48.5,9.8,84.1,0.263,"K4"
"W210",49.6,10.6,79.2,0.378,"K4"
